rung,candidate_id,encoder,paired_head,width,depth,dropout,activation,fold,status,overall_improvement,h4_improvement,overall_nrmse,h4_nrmse,worst_condition_improvement,worst_network_improvement,action_permutation_degradation,effective_rank_fraction,equal_action_max_abs,swap_antisymmetry_max_abs,peak_vram_mib,p95_batch1_ms,n_epochs,final_train_loss,corr_mcar,corr_burst,corr_spatial,corr_mnar,cond_demand_shock,cond_emergency_vehicle,cond_lane_closure,cond_normal,cond_packet_loss,cond_sensor_delay_noise,net_cologne8,net_moscow
R1,m-023c6568a5dc,gru,antisymmetric,64,1,0.1,silu,0,complete,0.14434018336307952,-0.00826101492915221,0.9250188196122933,1.0041220119732222,-0.06452632467622643,0.12832567413462193,0.29483000330939224,0.1568412482738495,0.0,0.0,88.0,6.291020044591278,3,0.0025403593899682164,-0.006996418637771118,-0.009412707808462484,-0.007058051125384157,-0.006870431600708438,0.15713588833151382,0.18911243151151258,0.08714199643528453,0.15640086239460027,0.1997241083119553,-0.06452632467622643,0.12832567413462193,0.16449665249692236
R1,m-023c6568a5dc,gru,antisymmetric,64,1,0.1,silu,1,complete,0.13039902573611495,0.010101718655650238,0.9325239805301979,0.9949363202458487,0.08063111243859344,0.110587660687955,0.29642304522592133,0.1255710870027542,0.0,0.0,88.0,5.5322200525552025,3,0.002360016049351543,0.010176181482088098,0.009086889164912404,0.011712975209046128,0.00922023865247279,0.1634252931913588,0.12561575247845413,0.08063111243859344,0.13553525588550797,0.1638374587289555,0.18108397288943157,0.110587660687955,0.17248389423662758
R1,m-023c6568a5dc,gru,antisymmetric,64,1,0.1,silu,2,complete,0.10217001500297762,-0.004700190193122955,0.9475389094897488,1.0023473400938034,-0.06735036037141384,0.07731168576900205,0.2911702716290441,0.11161118745803833,0.0,0.0,88.0,8.154110098257659,3,0.002350238966755569,-0.004428008774789438,-0.006069156360479333,-0.003562838055526818,-0.0065103897554463774,0.05175510709028874,0.21631919586008697,0.17071518957997678,0.15503594478877025,-0.0029432277303036436,-0.06735036037141384,0.07731168576900205,0.14062868456025146
R1,m-023c6568a5dc,gru,antisymmetric,64,1,0.1,silu,3,complete,0.09856690367579557,-0.028706466538145792,0.9494383056966917,1.0142516781046733,-0.06644047664309105,0.05704837697000542,0.23849538756876876,0.15411122143268585,0.0,0.0,88.0,3.265034989453852,3,0.0023521158727817237,-0.02845615506399568,-0.033099360920194165,-0.030255722158601728,-0.02948195465423109,0.12227285692578371,0.1561946062711217,0.1094577952436927,0.11345589980762538,0.06704746921655247,-0.06644047664309105,0.05704837697000542,0.16894583476421565
R1,m-023c6568a5dc,gru,antisymmetric,64,1,0.1,silu,4,complete,0.09423047027623233,0.013358000024633943,0.9517192494237824,0.993298545239731,0.010061054241174316,0.058728630267304904,0.21827380862162982,0.12706975638866425,0.0,0.0,88.0,5.860755068715658,3,0.0024125095224007964,0.012836742073395357,0.014204772425569279,0.013371206311115658,0.01375617157654152,0.11610429137139366,0.05806795932314768,0.06339559610975676,0.17827609858046567,0.08182065001924532,0.010061054241174316,0.058728630267304904,0.15387425455696369
R1,m-05cd12db3e43,transformer,direct,96,2,0.1,silu,0,complete,0.1853362769460435,-0.03242832114118577,0.9025872384728008,1.0160848001723015,-0.2175642182007389,0.14594304601964592,0.342199536698262,0.07530077546834946,0.057468827813863754,0.11251106858253479,100.0,9.991970018018035,3,0.002450253057759255,-0.030616492373770177,-0.030748694016737632,-0.02662557313429592,-0.03503161729863247,0.21354562844135627,0.2849257087895165,0.10664751374331993,0.1872498744320944,0.26329112855258885,-0.2175642182007389,0.14594304601964592,0.2349180925310821
R1,m-05cd12db3e43,transformer,direct,96,2,0.1,silu,1,complete,0.15648577735365388,-0.007743521614229643,0.9184303036411343,1.003864294421427,0.10849566664016697,0.13203933703066917,0.32042860092407244,0.07466844469308853,0.053442422300577164,0.08525124192237854,100.0,8.876539953052996,3,0.0022899018367752433,-0.008501905198399662,-0.0038861480663230363,-0.0008832241221392589,-0.011685890142305366,0.22413270724327972,0.16037491031959605,0.10849566664016697,0.16633317254099755,0.15717807628564096,0.15222281329047638,0.13203933703066917,0.2084168393373914
R1,m-05cd12db3e43,transformer,direct,96,2,0.1,silu,2,complete,0.08668043907856637,-0.022865867814299667,0.9556775402411807,1.0113683146185168,-0.2575892324285498,0.05666277953892751,0.2976848356843631,0.07486345618963242,0.05692068114876747,0.08312709629535675,100.0,8.21037502028048,3,0.0023122220300137997,-0.025066559063644744,-0.024642100601252492,-0.021698612462079492,-0.02310603810910239,0.07014120892466813,0.22561077607779245,0.1493343936420476,0.17169656618959206,-0.05894001160569018,-0.2575892324285498,0.05666277953892751,0.13312118086180236
R1,m-05cd12db3e43,transformer,direct,96,2,0.1,silu,3,complete,0.11714638936907384,-0.03118681725679573,0.9396029005015503,1.0154736910707218,-0.07869796628677106,0.06750183631391693,0.2872551388262854,0.09273353964090347,0.05077493563294411,0.07567659020423889,100.0,12.493824935518203,3,0.0022898734896443784,-0.02810103260870922,-0.032019184099278064,-0.026480712331896417,-0.02846806986177519,0.17312817828870353,0.17772922459950125,0.14421677098746566,0.12667182739008565,0.04642306592933165,-0.07869796628677106,0.06750183631391693,0.20129991926533242
R1,m-05cd12db3e43,transformer,direct,96,2,0.1,silu,4,complete,0.09761930256269635,0.0060136186247783385,0.9499372071022923,0.9969886565930535,-0.07111612064802553,0.06691924980532904,0.28100080211489975,0.06986955553293228,0.06492660939693451,0.0967242568731308,100.0,6.598880048841236,3,0.002328301256056875,0.0037743077928680258,0.004517241834632979,0.006012693165864169,0.004725853542274727,0.16609217729594872,0.025415205287144027,0.07115535253221317,0.20929740513006956,0.06632384495146937,-0.07111612064802553,0.06691924980532904,0.1491959905204765
R1,m-0afa94f18f3c,tcn,direct,32,2,0.1,gelu,0,complete,0.15450114412648897,-0.004642299141801143,0.9195101173306963,1.0023184619380214,-0.05080027902439688,0.14302996581952998,0.23897631931257868,0.2871028482913971,0.019523009657859802,0.029424482956528664,88.0,7.366014982108027,3,0.0025370761286467314,-0.004426424154935438,-0.005465688239302269,-0.00238511488812998,-0.003594031219468885,0.17043692678059508,0.20394947048567247,0.09986432004900159,0.14226353377087342,0.227089262431744,-0.05080027902439688,0.14302996581952998,0.16893920452375377
R1,m-0afa94f18f3c,tcn,direct,32,2,0.1,gelu,1,complete,0.1228559527949945,-0.003935640626768322,0.9365596869420578,1.0019658879556572,0.07120768081542861,0.10634749168450586,0.18388939722298692,0.2820044457912445,0.02325422875583172,0.03090149536728859,88.0,4.4193249312229455,3,0.002378043078351766,-0.0036973871554533133,-0.0031899874971206277,-0.0029895690273753495,-0.001751909761035897,0.17393317637049932,0.11968766083094262,0.07120768081542861,0.12521497262570036,0.1307045334243796,0.23503061202026077,0.10634749168450586,0.15792453152704267
R1,m-0afa94f18f3c,tcn,direct,32,2,0.1,gelu,2,complete,0.09229117618088489,-0.02908250331452944,0.9527375419385525,1.0144370376295067,0.013150570080473822,0.07655410750900826,0.16712594034445383,0.2592777609825134,0.020336156710982323,0.02693592756986618,88.0,10.612475068774074,3,0.002374790725298226,-0.028073425104704564,-0.02931407713679257,-0.027935138891935107,-0.028729819275303825,0.04851826378068269,0.1611439718612131,0.1474221643810817,0.13513431781739726,0.013150570080473822,0.019233252955551783,0.07655410750900826,0.11663821568443389
R1,m-0afa94f18f3c,tcn,direct,32,2,0.1,gelu,3,complete,0.08548132589966395,-0.026939399712233802,0.9563046973116551,1.0133801851784126,-0.004641142970518652,0.0602651994992478,0.15273857711959415,0.33043554425239563,0.021878886967897415,0.028138287365436554,88.0,9.969845053274184,3,0.002367656328715384,-0.027775388402053736,-0.02669814822366212,-0.0259958129716773,-0.027814139087187995,0.12179022569411702,0.12267588953022579,0.09724285673721866,0.0818802905951842,0.0408710657665432,-0.004641142970518652,0.0602651994992478,0.12822571408153827
R1,m-0afa94f18f3c,tcn,direct,32,2,0.1,gelu,4,complete,0.09020202384874831,-0.0016099997064633609,0.9538333062706772,1.0008046761014175,0.044904600754179125,0.061451396029334804,0.16367201898007555,0.25632011890411377,0.022632986307144165,0.027321292087435722,88.0,10.895070014521478,3,0.0024062269076239318,-0.002911738538214914,-0.0015493036228055868,-0.0020144698160933228,-0.0033081942601447256,0.11225556389531799,0.044904600754179125,0.0682441053646069,0.15018788033275665,0.09153439964583676,0.046284276771398014,0.061451396029334804,0.13850363985415748
R1,m-167b9a8f0975,gru,shared_branch,96,1,0.0,silu,0,complete,0.17214176667141323,-0.007614381309689167,0.909867151472448,1.0037999707659335,-0.2305215282406856,0.14430423556413763,0.5102649707611651,0.10641501098871231,0.0,0.0,90.0,8.165685017593205,3,0.0024974613916128874,-0.008188312879517934,-0.0176798265942264,-0.01074113276857025,-0.011523973294528256,0.21267154842350366,0.26019637732497203,0.06715891672921825,0.1798942158523834,0.26721056629439854,-0.2305215282406856,0.14430423556413763,0.20717913987602687
R1,m-167b9a8f0975,gru,shared_branch,96,1,0.0,silu,1,complete,0.14107136480101334,0.017243157771538065,0.9267840283469426,0.9913409313795442,0.09354646730357263,0.12385455532063339,0.41243189650862266,0.10730069130659103,0.0,0.0,90.0,8.973620063625276,3,0.002315255638677627,0.016358681924220186,0.016046378402098882,0.0176553174954851,0.014913103326521737,0.15694768146945015,0.14005101378997142,0.09354646730357263,0.1500774371152528,0.17198033137721458,0.20762065540073515,0.12385455532063339,0.17764467316309773
R1,m-167b9a8f0975,gru,shared_branch,96,1,0.0,silu,2,complete,0.11648042017354832,0.0015837031770480348,0.9399572223385763,0.9992078346485039,-0.05473585363463296,0.08089421340312197,0.3262141023132967,0.09588953107595444,0.0,0.0,90.0,9.035899932496246,3,0.0023468488943763077,-0.0004928143796383289,-0.004941057814353833,0.0010292632649370193,-0.00037585774928783344,0.07665536737976686,0.24761356383358613,0.16227211928620222,0.16236795720350794,0.00555121982325868,-0.05473585363463296,0.08089421340312197,0.171536339422944
R1,m-167b9a8f0975,gru,shared_branch,96,1,0.0,silu,3,complete,0.12430901767614855,-0.01607366950648781,0.9357836193927801,1.008004796370775,-0.05246310819209543,0.06658111769694586,0.3520514737421281,0.09621766209602356,0.0,0.0,90.0,7.552484935149549,3,0.0023078459198586643,-0.015646860635334603,-0.013555863339691943,-0.01365608651507677,-0.016736564891623118,0.15996492318789612,0.18584498026132634,0.13720303513211562,0.1418682212807285,0.07436742662964546,-0.05246310819209543,0.06658111769694586,0.22216479958540747
R1,m-167b9a8f0975,gru,shared_branch,96,1,0.0,silu,4,complete,0.09246627739083035,0.004414828040758656,0.952645643777984,0.9977901442483992,-0.09418368639593844,0.053867648795795864,0.38336737621049255,0.09553929418325424,0.0,0.0,90.0,10.87594995042309,3,0.002370714966673404,0.0069488979422415165,0.01255818653632601,0.008561011664995788,0.005427149559382505,0.16877465798416913,0.03056691050291116,0.03057303990083038,0.25079712890583805,0.0322159903169309,-0.09418368639593844,0.053867648795795864,0.15731272695162446
R1,m-17bdc0534018,mlp,shared_branch,64,1,0.0,gelu,0,complete,0.1583696741272046,-0.018619333338668387,0.9174041235316066,1.00926673052205,-0.12175248175815412,0.13818067725265815,0.37209808243644815,0.2198934406042099,0.0,0.0,88.0,10.639460105448961,3,0.0025196921778842807,-0.012086951197735507,-0.012946498795946892,-0.012058979420828564,-0.011458691268523502,0.1798963250786716,0.22689684953795808,0.08577966437201578,0.16341137759665814,0.22396549305675928,-0.12175248175815412,0.13818067725265815,0.18378031185202026
R1,m-17bdc0534018,mlp,shared_branch,64,1,0.0,gelu,1,complete,0.14184844379649275,0.01550482906246986,0.9263646993509129,0.9922173002611526,0.08780778719279825,0.12199334309550203,0.38042854139938287,0.19981501996517181,0.0,0.0,88.0,8.822105021681637,3,0.0023281173198483884,0.012885022287608683,0.014873919818146453,0.014199015424710804,0.012609467464378188,0.17441978072709352,0.13836700115508216,0.08780778719279825,0.15092791595267263,0.1784882261935068,0.1804924782384928,0.12199334309550203,0.18402621902976668
R1,m-17bdc0534018,mlp,shared_branch,64,1,0.0,gelu,2,complete,0.10329915752761265,0.007296675310155765,0.946942892930924,0.9963449827694442,-0.13609591678267807,0.07165248325721085,0.3405335942939345,0.21491841971874237,0.0,0.0,88.0,7.296999997925012,3,0.002334460965357721,0.0032305495553138774,0.00013806241993252755,0.004199683822194156,0.0018123084390044841,0.0682115202731074,0.24055965033087878,0.15663668825414523,0.15786236380366225,-0.011527588112350662,-0.13609591678267807,0.07165248325721085,0.15226017083210253
R1,m-17bdc0534018,mlp,shared_branch,64,1,0.0,gelu,3,complete,0.11680077634104913,-0.02648638696976735,0.9397867969167001,1.0131566448332494,-0.048785447537417426,0.06866720089195888,0.3306713545198905,0.23021483421325684,0.0,0.0,88.0,9.147045109421013,3,0.0023221460869535804,-0.020687024956387745,-0.02582478053141002,-0.024686946422848965,-0.023406994305903206,0.14892128258659953,0.18477030602835876,0.1280422225771789,0.12821330464034675,0.0687873799787182,-0.048785447537417426,0.06866720089195888,0.19839301620004157
R1,m-17bdc0534018,mlp,shared_branch,64,1,0.0,gelu,4,complete,0.10003209125081036,0.01382922741028414,0.9486663843254853,0.9930613136104517,-0.07098819348802188,0.06442233579173728,0.32689386490445527,0.23625074326992035,0.0,0.0,88.0,10.680644935928283,3,0.002362639963394031,0.012260124080397339,0.014034008699325362,0.014302236074534291,0.012739929761244273,0.16358282225926346,0.040949286793108275,0.05540122675595072,0.22332493542334442,0.06711738294523295,-0.07098819348802188,0.06442233579173728,0.15985717559450785
R1,m-1d3d20efeb7e,transformer,antisymmetric,32,2,0.0,silu,0,complete,0.11257962890334194,-0.0034618924304665732,0.9420299204890776,1.0017294507153447,-0.012573639221954869,0.10460847108925242,0.18476766546771417,0.2231317013502121,0.0,0.0,90.0,12.315485114231706,3,0.0025862299953587353,-0.002980134034335391,-0.004385098482517558,-0.0036352321176928992,-0.002652247841166133,0.10878397155626163,0.1404682347652727,0.07873864124810803,0.12037742221333181,0.16102575796997687,-0.012573639221954869,0.10460847108925242,0.12261243066758087
R1,m-1d3d20efeb7e,transformer,antisymmetric,32,2,0.0,silu,1,complete,0.11117886431229962,0.0077527081341277615,0.9427731093363346,0.9961161036073417,0.07006716610512809,0.09295942533534252,0.20427897558442076,0.1755228489637375,0.0,0.0,90.0,8.80072001600638,3,0.002391533984337002,0.007580280641917514,0.0073046115513767385,0.008430283916696535,0.008250933802925742,0.14413065046142737,0.10524508240562269,0.07006716610512809,0.11199071412714146,0.1380103107093359,0.16429551551395394,0.09295942533534252,0.1498820375481883
R1,m-1d3d20efeb7e,transformer,antisymmetric,32,2,0.0,silu,2,complete,0.08427877474658396,-0.005545470100197347,0.9569332397055795,1.0027689016419472,0.033135880347614166,0.06823854016673836,0.13694027532318742,0.1689990758895874,0.0,0.0,90.0,13.086184835992752,3,0.002416563220322132,-0.0054127166942055105,-0.006091755651464359,-0.006525069469435207,-0.004966378770540292,0.03597395374952339,0.1419280107853843,0.1315094434381734,0.1107615739790756,0.033135880347614166,0.05272557571222969,0.06823854016673836,0.10909484647534284
R1,m-1d3d20efeb7e,transformer,antisymmetric,32,2,0.0,silu,3,complete,0.07800158812364022,-0.020933392824174613,0.9602074837639831,1.0104124864747934,-0.015200806851787707,0.049280891116098346,0.13909560215903483,0.22375459969043732,0.0,0.0,90.0,14.773560129106041,3,0.0024025817401707172,-0.021922520772532872,-0.023703821110675483,-0.019813541811943836,-0.02155607081690758,0.08790475195065872,0.11844088191601365,0.08281005838398603,0.08363801033470064,0.06192583565179144,-0.015200806851787707,0.049280891116098346,0.12668664792426465
R1,m-1d3d20efeb7e,transformer,antisymmetric,32,2,0.0,silu,4,complete,0.09039883377035351,0.009970515820389103,0.9537301328099298,0.9950022533540368,0.04261736792139814,0.05895071745927705,0.17639280257326484,0.20319098234176636,0.0,0.0,90.0,12.099570024292916,3,0.0024271056172437966,0.010017376249260579,0.01035497751014014,0.010082273462068803,0.010269647840497997,0.10600138058457143,0.05877936077710788,0.06299746747813728,0.1574696346353348,0.08224188653117659,0.04261736792139814,0.05895071745927705,0.1432322831020365
R1,m-209166a5751a,mlp,antisymmetric,96,2,0.1,gelu,0,complete,0.16315645234896825,-0.012914773712909167,0.914791532345502,1.0064366714865418,-0.194875389795365,0.14766249901658313,0.4255149421144593,0.16543519496917725,0.0,0.0,68.0,6.477034999988972,3,0.0025213788612745702,-0.012078256676902877,-0.014707075947943515,-0.011363714777446576,-0.01532305525714106,0.19689185566966994,0.23874552170608365,0.07910310227298256,0.1765717568610009,0.23681355709945084,-0.194875389795365,0.14766249901658313,0.18265773007469865
R1,m-209166a5751a,mlp,antisymmetric,96,2,0.1,gelu,1,complete,0.13428306766470144,0.010472585374050825,0.9304391072688736,0.9947499256727538,0.08689884408081805,0.1177245375143604,0.33836043263106497,0.1444774866104126,0.0,0.0,68.0,8.659345039632171,3,0.0023490136954933405,0.008921193400737715,0.009260592269027867,0.010370221169847982,0.008767664006023357,0.17062309685332533,0.13075523084511953,0.08689884408081805,0.14306337991546914,0.16743823734156937,0.13656334145647653,0.1177245375143604,0.16945800701112457
R1,m-209166a5751a,mlp,antisymmetric,96,2,0.1,gelu,2,complete,0.10222952884867187,0.0014193714379457933,0.9475075045356254,0.9992900622752405,-0.1317856760118037,0.0733037802326113,0.3262434965601162,0.1662488877773285,0.0,0.0,68.0,12.58349997224286,3,0.002344021457247436,-0.0017494281959453684,-0.0015309597768367045,0.00018739887283691914,0.0008130859877181207,0.058403209495445085,0.23455058505134552,0.1667135095166159,0.1588339085741055,-0.008497591026407791,-0.1317856760118037,0.0733037802326113,0.14698095993847293
R1,m-209166a5751a,mlp,antisymmetric,96,2,0.1,gelu,3,complete,0.10521261155081596,-0.03374281046627048,0.9459320210507646,1.0167314347782654,-0.09497444964547208,0.05710955358465486,0.31204832139931926,0.17586229741573334,0.0,0.0,68.0,9.535959921777243,3,0.0023367918329313397,-0.030789437042010093,-0.03294431770188466,-0.030670592398768015,-0.0316637215429032,0.13911203330438948,0.16790182249374408,0.12195150711455449,0.12653729824173665,0.05963966950883126,-0.09497444964547208,0.05710955358465486,0.1867531205802614
R1,m-209166a5751a,mlp,antisymmetric,96,2,0.1,gelu,4,complete,0.09387849478172505,0.011623366957172032,0.9519041470748381,0.9941713298234002,-0.09714024147258549,0.05792702858325249,0.3187959384710686,0.17409323155879974,0.0,0.0,68.0,10.965009953361005,3,0.002378147793933749,0.011009816660799365,0.014149133212476128,0.014208976927945427,0.014304772818787281,0.1590757847986407,0.038794281963855815,0.042485014058238235,0.22095800643910035,0.064984500449904,-0.09714024147258549,0.05792702858325249,0.1542776598384792
R1,m-21d7d32c1289,tcn,shared_branch,96,1,0.1,gelu,0,complete,0.1631081548155664,-0.019235918166388366,0.9148179300737571,1.0095721460927833,-0.23261866203605663,0.14197527933380605,0.5013642788053505,0.15775342285633087,0.0,0.0,90.0,11.145154992118478,3,0.0024920038413256407,-0.014178072411766607,-0.016964221807644453,-0.010504403491564673,-0.017018012159451423,0.2213609487630016,0.24427210151747625,0.05116319940941416,0.16885244577568492,0.24729630975980244,-0.23261866203605663,0.14197527933380605,0.18970679397963874
R1,m-21d7d32c1289,tcn,shared_branch,96,1,0.1,gelu,1,complete,0.14114734824389874,0.017326694887663474,0.9267430343715032,0.9912987970901289,0.10008316474763579,0.1254371305025903,0.44565645621924044,0.11227277666330338,0.0,0.0,90.0,8.646694989874957,3,0.0023134612711146474,0.016619251141177016,0.015346181535143444,0.019530957946005456,0.014535216354388036,0.17325017386771324,0.14034570113436906,0.10008316474763579,0.15591400974306546,0.15675748766904718,0.14534402914329214,0.1254371305025903,0.1745202352786972
R1,m-21d7d32c1289,tcn,shared_branch,96,1,0.1,gelu,2,complete,0.11984038760088611,-0.0011063856139641448,0.9381682218019932,1.0005530398804274,-0.03493790423972287,0.09059371243909031,0.3476311025293555,0.10765055567026138,0.0,0.0,90.0,5.987474927678703,3,0.002336230711080134,0.0015461244483235825,0.000513850201217747,0.003260457009640061,-0.0005387609529896586,0.10048898998022648,0.24185641927469925,0.15503838259142477,0.16150674455992153,-0.003066068164373492,-0.03493790423972287,0.09059371243909031,0.16508832864750767
R1,m-21d7d32c1289,tcn,shared_branch,96,1,0.1,gelu,3,complete,0.11985496085623903,-0.028295502082439583,0.9381604549029772,1.0140490629562455,-0.10616032546692633,0.05947813700075166,0.3896237434323051,0.13052095472812653,0.0,0.0,90.0,8.853424922563136,3,0.0023076458601281047,-0.023173710572806483,-0.021449518199857742,-0.02307372042885092,-0.025682463385470866,0.16480893506481886,0.18275136586169938,0.15745935770309483,0.14318836085225406,0.048692242569951416,-0.10616032546692633,0.05947813700075166,0.2222009895478223
R1,m-21d7d32c1289,tcn,shared_branch,96,1,0.1,gelu,4,complete,0.1021242220522185,0.010692891806680649,0.9475630733348475,0.9946391849275391,0.01244931070428068,0.06198715711511715,0.4119477739665256,0.13530176877975464,0.0,0.0,90.0,10.006010008510202,3,0.00234552490292117,0.008744967036499296,0.008597983528945474,0.009699543037021585,0.010008885204840001,0.17873341557301003,0.01940308858981321,0.05861509563814937,0.22804267380628884,0.047224080022346016,0.01244931070428068,0.06198715711511715,0.16955527470098752
R1,m-252ed6fedd71,tcn,antisymmetric,96,2,0.0,silu,0,complete,0.1690144569095553,-0.02004616490226252,0.9115840844872428,1.009973348609884,-0.17314665698559795,0.14957793267960418,0.4641721611757963,0.13977544009685516,0.0,0.0,72.0,4.555189982056617,3,0.0025013620615936816,-0.015498607370304729,-0.017766109096213123,-0.017661826354542054,-0.017045243320745085,0.20707689097662285,0.24634052611973956,0.07310907772238029,0.1765843867686877,0.24580607638614782,-0.17314665698559795,0.14957793267960418,0.1934780040043378
R1,m-252ed6fedd71,tcn,antisymmetric,96,2,0.0,silu,1,complete,0.14793468496491158,0.013278287383683862,0.923073840510654,0.993338669647123,0.09493722142668826,0.1261017166557855,0.3824394446207289,0.10515239834785461,0.0,0.0,72.0,5.233410012442618,3,0.0023225729819387197,0.012131708317543954,0.011945177449189659,0.013065671894974318,0.011978262308057874,0.18700288479823612,0.13598977066380236,0.09493722142668826,0.15552819900028292,0.17432740804217917,0.24276272070530458,0.1261017166557855,0.19431400299937374
R1,m-252ed6fedd71,tcn,antisymmetric,96,2,0.0,silu,2,complete,0.10990442035249004,-0.0016654286116855044,0.9434487689575466,1.0008323678876925,-0.07650328563092046,0.08355327803434343,0.3125078514191788,0.12203875184059143,0.0,0.0,72.0,8.513624907936899,3,0.0023256210261024535,-0.0017338121881111945,-0.003007501585019945,-0.0020062433957996895,-0.0017879921516164021,0.07594276237402409,0.23364669609685895,0.16391088990876734,0.1560885053542369,-0.0030766818032248455,-0.07650328563092046,0.08355327803434343,0.1506726419546549
R1,m-252ed6fedd71,tcn,antisymmetric,96,2,0.0,silu,3,complete,0.11655265365275513,-0.01683767167392447,0.9399187977411905,1.0083836926854404,-0.03962449751119079,0.06495208769694738,0.29352968697064186,0.13537229597568512,0.0,0.0,72.0,8.005009929183869,3,0.0023077932419255376,-0.016352914373093164,-0.018028707996555315,-0.014524038976332143,-0.018086307291371506,0.14430988218281027,0.17243998147663653,0.13576146736460992,0.12976515896669127,0.07040601105217947,-0.03962449751119079,0.06495208769694738,0.2040218623089678
R1,m-252ed6fedd71,tcn,antisymmetric,96,2,0.0,silu,4,complete,0.10358414754020695,0.010667518804582277,0.9467924019867253,0.9946519397233475,-0.018697383550176694,0.0656438107575249,0.34376742992874143,0.14803865551948547,0.0,0.0,72.0,4.2610900127328915,3,0.002361362101510167,0.010375953825083939,0.011541822734350227,0.010438358680684878,0.010716142752801194,0.1571365380506604,0.04116490411329532,0.06720701884278557,0.21958556595594736,0.06778578105530542,-0.018697383550176694,0.0656438107575249,0.16732465400509833
R1,m-2d78cf1af11b,transformer,shared_branch,96,1,0.0,gelu,0,complete,0.19077715570095877,-0.0024543103323189097,0.8995681432215356,1.001226403133836,-0.1669910783015489,0.14687846693246653,0.5086948148713393,0.09736135601997375,0.0,0.0,92.0,14.559304947033514,3,0.0024624025681987405,-0.008707707201296655,-0.00845340043349152,-0.008815869458183911,-0.010451861135288176,0.23753317619595415,0.2725648276404946,0.08212895549136934,0.1817553369163466,0.2907812842369657,-0.1669910783015489,0.14687846693246653,0.2460297115273926
R1,m-2d78cf1af11b,transformer,shared_branch,96,1,0.0,gelu,1,complete,0.1444160559567701,0.0192308233397257,0.9249778073247109,0.9903379103418563,0.10242023560426394,0.11744932136795261,0.35261481011267914,0.0907348170876503,0.0,0.0,92.0,9.494869993068278,3,0.0022947193938307464,0.01653930334223097,0.019491227544464085,0.021014691016432052,0.01878436997042443,0.18364855317509787,0.1391114147552449,0.10242023560426394,0.15405570003918234,0.15688251157382527,0.1894437198407779,0.11744932136795261,0.20170092634807224
R1,m-2d78cf1af11b,transformer,shared_branch,96,1,0.0,gelu,2,complete,0.1219164796906379,-0.0010714056899965296,0.9370611080977388,1.000535559433045,-0.030580751279266627,0.0909440467230761,0.3031839969933645,0.10602673143148422,0.0,0.0,92.0,7.802274916321039,3,0.0023329625837504864,-0.0014411041867774532,-0.006596769616533438,-0.002374488632656435,3.8780682982353376e-05,0.08762509112380568,0.23476623672677188,0.164701243392553,0.16565736430708156,0.02080855930436687,-0.030580751279266627,0.0909440467230761,0.16983436482574354
R1,m-2d78cf1af11b,transformer,shared_branch,96,1,0.0,gelu,3,complete,0.12647891736970718,-0.01674294636343565,0.934623497794857,1.0083367227089548,-0.0026309727704050268,0.07190220271042314,0.32395814371054654,0.11356261372566223,0.0,0.0,92.0,11.473700043279678,3,0.002288366202265024,-0.006524167660858504,-0.012866985694186317,-0.010049302180554331,-0.01555672160147692,0.15246233602479908,0.1754585903924183,0.15526328815439694,0.144574518262526,0.059780623055805227,-0.0026309727704050268,0.07190220271042314,0.21899305852063755
R1,m-2d78cf1af11b,transformer,shared_branch,96,1,0.0,gelu,4,complete,0.12063338833161619,-0.00033663348070955834,0.9377454940805547,1.0001683025774761,-0.0027863880336445046,0.08260883856566703,0.3619244023770316,0.101795993745327,0.0,0.0,92.0,13.906840025447307,3,0.002343889034818858,-0.0012563241815810589,0.006021291862911449,-0.0007169199888366062,0.00044791922691655994,0.1937683599364527,0.0526897772011653,0.06388615847034385,0.24069022862664524,0.08682596631297257,-0.0027863880336445046,0.08260883856566703,0.18451537425239928
R1,m-2ec290c9c919,transformer,shared_branch,64,1,0.1,silu,0,complete,0.17430305892735543,-0.013970636114381652,0.9086786786717539,1.0069610896724768,-0.18390745490248417,0.1494819872788561,0.469841603565764,0.1275806427001953,0.0,0.0,92.0,7.837359933182597,3,0.0025018389569595456,-0.012905898055696419,-0.01660195932239006,-0.008700648983053894,-0.01592128892336686,0.22214557484773478,0.25139642293810194,0.07724992608736292,0.17581830992624126,0.25338477044225616,-0.18390745490248417,0.1494819872788561,0.20554380176965548
R1,m-2ec290c9c919,transformer,shared_branch,64,1,0.1,silu,1,complete,0.13418350347252883,0.011331017850886083,0.9304926096038975,0.9943183505040597,0.06153659263329425,0.11963972940525536,0.4050565107305102,0.12516909837722778,0.0,0.0,92.0,11.888260021805761,3,0.0023421691730618477,0.01069575209948559,0.011957446192161325,0.010809671625841122,0.012582643756781864,0.18289270087808918,0.13800440631064825,0.08244379057087203,0.14724602327130887,0.1692466027725451,0.06153659263329425,0.11963972940525536,0.1650785386018332
R1,m-2ec290c9c919,transformer,shared_branch,64,1,0.1,silu,2,complete,0.09972780015522487,0.0028788571759176262,0.9488267491195509,0.9985595339408072,-0.17699248050197713,0.06964027364998826,0.3408709222745969,0.12023007124662399,0.0,0.0,92.0,9.850874973926691,3,0.002344663836993277,-0.00015595921766498044,-0.0013444854395030514,-0.0005597351952084662,2.8051166593101584e-05,0.06424335640798118,0.2389470402626066,0.16267384351066771,0.16772274542653753,-0.02574282190978261,-0.17699248050197713,0.06964027364998826,0.14627663410015013
R1,m-2ec290c9c919,transformer,shared_branch,64,1,0.1,silu,3,complete,0.1205157668009178,-0.029411469296481974,0.9378082070440003,1.0145991668124323,-0.09216192611830532,0.06379805891426371,0.33781089631472594,0.12927956879138947,0.0,0.0,92.0,14.743415010161696,3,0.0023177298717200756,-0.025576986076807584,-0.022606250255632787,-0.02575214142088833,-0.02465457729644749,0.15928340579731926,0.1915375079059074,0.14928031055719593,0.13438710137491083,0.06345846211369244,-0.09216192611830532,0.06379805891426371,0.21665915076861797
R1,m-2ec290c9c919,transformer,shared_branch,64,1,0.1,silu,4,complete,0.08088881768341982,0.013878893124081304,0.9587028644562298,0.9930363069273543,-0.14433770875381624,0.04490950246474412,0.366779816908686,0.1582174003124237,0.0,0.0,92.0,13.556465087458491,3,0.0023694750270806253,0.011914270600385524,0.014654905969904264,0.011748287767477827,0.015029792490662386,0.1536682458992905,0.01695876236493199,0.02986377145473762,0.22592409999278706,0.045035872230356766,-0.14433770875381624,0.04490950246474412,0.1413347696377829
R1,m-31d1827937ce,transformer,antisymmetric,32,1,0.1,gelu,0,complete,0.1061789334679134,-0.0022699461284658717,0.9454211053980583,1.0011343297122848,-0.008509467714702845,0.09689311520672661,0.17087646017536806,0.21235291659832,0.0,0.0,88.0,6.847539998125284,3,0.002591483818832785,-0.0018793617563657161,-0.004372848334803114,-0.0023383811790116393,-0.0007880048880597457,0.0991845284449967,0.13117590799298084,0.07787495745401884,0.11468153054017172,0.1523084116299297,-0.008509467714702845,0.09689311520672661,0.11786641676783827
R1,m-31d1827937ce,transformer,antisymmetric,32,1,0.1,gelu,1,complete,0.11025079897354406,0.0072937626651943255,0.9432651806498827,0.9963464444332634,0.06990625525757088,0.09227656779958338,0.20226080621187625,0.17626400291919708,0.0,0.0,88.0,7.470645010471343,3,0.0023961513652466238,0.006757124411165161,0.0063456865416046115,0.008169327243382263,0.0077539392606100765,0.14193155111380273,0.10571843559992111,0.06990625525757088,0.11103915685425036,0.13604661885614333,0.16127782836122317,0.09227656779958338,0.14843308240101583
R1,m-31d1827937ce,transformer,antisymmetric,32,1,0.1,gelu,2,complete,0.08541568108107278,-0.007174544108984771,0.9563390188206937,1.003580860772556,0.03157698239986506,0.06872341753325628,0.14170544925240547,0.19143961369991302,0.0,0.0,88.0,6.8378449068404725,3,0.0024110452504828572,-0.006710853213313106,-0.007401878081323421,-0.008165067618772781,-0.00642168650546493,0.03649431198304143,0.14556575843493902,0.13393944138022296,0.11334125029499698,0.03157698239986506,0.048963548587730665,0.06872341753325628,0.11124051596462514
R1,m-31d1827937ce,transformer,antisymmetric,32,1,0.1,gelu,3,complete,0.07435774473190193,-0.01838466194221855,0.9621030377605603,1.0091504654620236,-0.005767571599912369,0.04880846381848292,0.1256921005281093,0.2732280194759369,0.0,0.0,88.0,7.384705008007585,3,0.0024101464077830315,-0.019802800234849816,-0.02479938784359903,-0.01803715703345632,-0.019277744102146332,0.08530810283333001,0.1089271778540234,0.07650358037968441,0.07911331390297882,0.05977530442370249,-0.005767571599912369,0.04880846381848292,0.11766687016176591
R1,m-31d1827937ce,transformer,antisymmetric,32,1,0.1,gelu,4,complete,0.08980979061747052,0.010205259480287165,0.954038893013555,0.9948842849898236,0.058532971914221354,0.05977960307772057,0.15988003092968128,0.2132997214794159,0.0,0.0,88.0,7.918404985684901,3,0.002441364689730108,0.00936859500584497,0.01160264823281898,0.010934087761914402,0.010851260999461099,0.10481577172039136,0.058532971914221354,0.06710257901493877,0.14960334398367137,0.07744995584633474,0.06187046603545898,0.05977960307772057,0.14026109193256675
R1,m-32f594f9afbc,tcn,shared_branch,64,2,0.1,gelu,0,complete,0.1611399727360181,-0.01236096552697541,0.9158930217356074,1.006161500717939,-0.1748908231784474,0.14443263780304771,0.4051579384012891,0.23185071349143982,0.0,0.0,70.0,8.707620028872043,3,0.002518858411349356,-0.011049306982019447,-0.013687928178500064,-0.012167882369380711,-0.009944520614479258,0.19271499613894982,0.23500149504155077,0.07626379467825617,0.17049031042707974,0.23663175670440095,-0.1748908231784474,0.14443263780304771,0.18216845859725028
R1,m-32f594f9afbc,tcn,shared_branch,64,2,0.1,gelu,1,complete,0.139082795448223,0.015643100161908063,0.9278562413174667,0.992147619983081,0.0926825887598578,0.12085705254275148,0.3546849956132321,0.18534940481185913,0.0,0.0,70.0,13.258135027717797,3,0.002336936420761049,0.013776171070448151,0.013722603179996185,0.015182765982553081,0.016935648505087775,0.1679929067319239,0.13529845157427944,0.0926825887598578,0.14455725706183442,0.17852207472810455,0.15346447268313046,0.12085705254275148,0.1777993599876344
R1,m-32f594f9afbc,tcn,shared_branch,64,2,0.1,gelu,2,complete,0.09936973405682803,-0.0002576864530070555,0.9490154192336244,1.0001288349272843,-0.15163921432540994,0.07289714466785147,0.3542814259070215,0.20071427524089813,0.0,0.0,70.0,15.228155045770105,3,0.002333471900783479,-0.004943602519385859,-0.0035600000548530186,-0.003735451452034466,-0.00430921989885813,0.06470958025386031,0.23982512654906973,0.16494065268954927,0.16222277141452834,-0.03485629970868942,-0.15163921432540994,0.07289714466785147,0.1403258481244034
R1,m-32f594f9afbc,tcn,shared_branch,64,2,0.1,gelu,3,complete,0.10688186721850979,-0.036557243639408155,0.945049275319277,1.0181145532990912,-0.10159221203568092,0.055703279973081,0.3161781708422986,0.2106717824935913,0.0,0.0,70.0,6.033824873156846,3,0.002326662768609822,-0.03339718423722249,-0.03698787610349541,-0.03585185028252558,-0.04031295149549918,0.1448322474692011,0.17422474542745137,0.12917997975459017,0.1273214176658617,0.05112519850617281,-0.10159221203568092,0.055703279973081,0.19363577085465267
R1,m-32f594f9afbc,tcn,shared_branch,64,2,0.1,gelu,4,complete,0.09028075727862073,0.01188006169188971,0.9537920332658368,0.9940422215922774,-0.06085683943946507,0.052691114922097215,0.3333332084211498,0.2203904390335083,0.0,0.0,70.0,8.968479873146862,3,0.0023742101911921054,0.011509164465342336,0.013100754833445638,0.015597078633306616,0.012897517319777951,0.14978182661575368,0.034442312960657695,0.04385327724705823,0.21373667533761165,0.05277704135475281,-0.06085683943946507,0.052691114922097215,0.15343209026132099
R1,m-33159a09ba2a,gru,direct,96,1,0.0,gelu,0,complete,0.17324477872141564,-0.026774320416303565,0.909260810372131,1.0132987320708062,-0.23011759708039947,0.14894001912921662,0.37651767046115636,0.10970360040664673,0.04399799928069115,0.06928667426109314,102.0,10.893334913998837,3,0.0024705890682525933,-0.028400324425227774,-0.028451363378765082,-0.02809799882686348,-0.026324523194075633,0.20815796330236236,0.2737676917647861,0.0688610204329525,0.16660393768932003,0.277816864858489,-0.23011759708039947,0.14894001912921662,0.2038356716134122
R1,m-33159a09ba2a,gru,direct,96,1,0.0,gelu,1,complete,0.14420990109592058,-0.002291849945539992,0.9250892383462685,1.0011452691520548,0.09696690854090684,0.1237367817268632,0.30327156409289446,0.10887923836708069,0.05065973103046417,0.08730262517929077,102.0,10.677555005531751,3,0.0022895768634043634,-0.010796698339816002,-0.012603666731669128,-0.005188705565907004,-0.014202195910783422,0.2099349807975458,0.14492933917451045,0.09696690854090684,0.143274777238658,0.155394705435148,0.17093996700451353,0.1237367817268632,0.18770052046250985
R1,m-33159a09ba2a,gru,direct,96,1,0.0,gelu,2,complete,0.09065029978798167,-0.019647512600346806,0.9535982907975551,1.0097759714908783,-0.19277936595080059,0.05828701338089348,0.31700863524358924,0.09933308511972427,0.04944271594285965,0.06621494889259338,102.0,11.177555052563545,3,0.0023135277442634106,-0.022571714543417,-0.021029015075912705,-0.02156044264269008,-0.02524082888401802,0.06694969937170803,0.2291606322657247,0.15714454393898503,0.1656517033571724,-0.05929688226121388,-0.19277936595080059,0.05828701338089348,0.1407199937727437
R1,m-33159a09ba2a,gru,direct,96,1,0.0,gelu,3,complete,0.11295268436281103,-0.04869417303703005,0.9418318935124192,1.0240577000526045,-0.10419711419274225,0.06166077047581031,0.2911312074044914,0.10816525667905807,0.0611882209777832,0.0915965810418129,102.0,12.98171014059335,3,0.0022935090237297118,-0.04236812481634522,-0.042044651821101064,-0.03732325466526776,-0.04786517182724981,0.18426729808596853,0.1835435198353672,0.14144011258921196,0.12946727831124283,0.013913112860055143,-0.10419711419274225,0.06166077047581031,0.19989869038144448
R1,m-33159a09ba2a,gru,direct,96,1,0.0,gelu,4,complete,0.09132617199381254,-0.0022061254986376344,0.9532438449873083,1.0011024550457548,-0.10527830338341415,0.05884145888565917,0.2834058540357849,0.10707791894674301,0.046543560922145844,0.07562141120433807,102.0,12.833890039473772,3,0.0023340867192018777,0.002278108357753772,0.01270290554793374,0.004120162080338385,0.004575240163569805,0.14538186876738324,0.031228581779696674,0.040530377767303505,0.22501853123907523,0.07641162274678581,-0.10527830338341415,0.05884145888565917,0.14590112418099288
R1,m-33959483a866,gru,shared_branch,96,1,0.1,silu,0,complete,0.17001730942217863,-0.009171423110670096,0.9110338580853192,1.0045752451213747,-0.22322553210068707,0.14764139349400363,0.47541695486044433,0.1069350466132164,0.0,0.0,90.0,9.85586498863995,3,0.0025110627757385373,-0.009205409194041225,-0.015608150562830936,-0.011001299622532823,-0.010797998979745538,0.20787085199765354,0.2552539667505829,0.07385067706138593,0.17832081152072,0.2591637376843474,-0.22322553210068707,0.14764139349400363,0.19818048647079312
R1,m-33959483a866,gru,shared_branch,96,1,0.1,silu,1,complete,0.1399224841052501,0.012320811772461582,0.9274036423773361,0.9938205010098848,0.09103821088127906,0.12372549183276027,0.418970000101609,0.10909194499254227,0.0,0.0,90.0,8.593075058888642,3,0.0023228689678944647,0.012860211609833416,0.01191826565623999,0.012777369320995602,0.00990320333711836,0.1555256485210864,0.1398292085047893,0.09103821088127906,0.14786797330146428,0.1767486516262755,0.19395699309408632,0.12372549183276027,0.17432941609779706
R1,m-33959483a866,gru,shared_branch,96,1,0.1,silu,2,complete,0.11405989004804795,0.0022797349660417243,0.9412439162894771,0.9988594821264692,-0.07107890107998038,0.07901594728896189,0.33694275760012027,0.09615521878004074,0.0,0.0,90.0,7.852359965909271,3,0.002355594653636217,0.00022502115569589254,-0.0030807602840492443,0.0024884671770468714,-0.00018076372615460912,0.07269695651861896,0.24940909973200132,0.16389913320633387,0.16364922641654978,-0.0015734232868043208,-0.07107890107998038,0.07901594728896189,0.16827686504545247
R1,m-33959483a866,gru,shared_branch,96,1,0.1,silu,3,complete,0.12000128906378438,-0.021571024880517653,0.9380824648911287,1.0107279677937668,-0.07078440607201575,0.0626687148766476,0.35955397153663937,0.09922278672456741,0.0,0.0,90.0,10.557889915071426,3,0.0023134174407459795,-0.021957342473211572,-0.01767722510708536,-0.01872689082023493,-0.02127569569031107,0.15742231225045245,0.18608561378568,0.13113962662762524,0.1407382258059986,0.06853088025423137,-0.07078440607201575,0.0626687148766476,0.21718694587745802
R1,m-33959483a866,gru,shared_branch,96,1,0.1,silu,4,complete,0.0891424640194104,0.007942456594320246,0.9543885665600723,0.9960208549049964,-0.1068017289541836,0.049068694382536804,0.38254168578018377,0.09626706689596176,0.0,0.0,90.0,12.195299833547324,3,0.0023654570104554296,0.006314861838602859,0.013332692881585895,0.010238590097785494,0.009256674196371217,0.1661445826870649,0.027353997862092694,0.0313391323352582,0.2464342963299455,0.027798178129701978,-0.1068017289541836,0.049068694382536804,0.15646717932814835
R1,m-33a7ca0821c8,tcn,direct,64,2,0.0,silu,0,complete,0.1733120556117066,-0.02166395709364255,0.9092238142439372,1.0107739396589341,-0.17345305042713233,0.16042465415259832,0.34257930491908395,0.2056434601545334,0.03383522853255272,0.04922833293676376,70.0,4.946409980766474,3,0.0024814642383717,-0.01597095119977543,-0.015370808824021642,-0.022531915799480107,-0.01766776275863058,0.19431087301405592,0.24911512540902858,0.09922409766604445,0.1849370189135492,0.2534766150330702,-0.17345305042713233,0.16042465415259832,0.18953262821997363
R1,m-33a7ca0821c8,tcn,direct,64,2,0.0,silu,1,complete,0.15617753643029675,0.0038321320159209193,0.9185980968681043,0.9980820948118844,0.10354938507930012,0.13062786539845306,0.346107243989092,0.1676889806985855,0.037320975214242935,0.05463229492306709,70.0,12.15110997436568,3,0.002298879437148571,0.00018408428324667714,-0.00024772541833661954,0.0016728085358502787,-0.0010394917102205525,0.22073898598407427,0.15888605994049887,0.10354938507930012,0.15658510112682533,0.17700270722719236,0.16542050318042523,0.13062786539845306,0.21045216833943803
R1,m-33a7ca0821c8,tcn,direct,64,2,0.0,silu,2,complete,0.0887919661562584,-0.0262065190187859,0.9545721731978896,1.0130185185961735,-0.1797111261282034,0.06039092324295958,0.28675900240411467,0.178812637925148,0.035823773592710495,0.04658035188913345,70.0,13.834949990268795,3,0.002311123418621719,-0.027395496459267754,-0.023882004612996166,-0.027401366490279244,-0.027105620911983763,0.05506335161261344,0.21220350455587245,0.16015288950775086,0.16604258149369056,-0.04260115892073757,-0.1797111261282034,0.06039092324295958,0.13273161769935704
R1,m-33a7ca0821c8,tcn,direct,64,2,0.0,silu,3,complete,0.10646418795747437,-0.04494379369893631,0.9452702322841473,1.022224923242892,-0.07132806174346151,0.05808521758783414,0.24372696296478624,0.22684980928897858,0.03841061145067215,0.060048677027225494,70.0,12.652195012196898,3,0.0022967871045693755,-0.037472299456328795,-0.04374973465624743,-0.04275175052092672,-0.042894982124481285,0.16118178418747986,0.17424594260398452,0.14007712709898001,0.10223983729164121,0.031157872032145595,-0.07132806174346151,0.05808521758783414,0.18847240192665682
R1,m-33a7ca0821c8,tcn,direct,64,2,0.0,silu,4,complete,0.08925165653219791,0.003748145675600001,0.9543313593651851,0.9981241677889581,-0.02257942070207286,0.04818563790959518,0.261811494953863,0.21401551365852356,0.03125233203172684,0.0447414368391037,70.0,8.604985033161938,3,0.002346919907722622,-0.002803788890349157,0.007631811375272912,0.009434229318265985,0.003198998272932352,0.1327413237155427,0.017089648359622234,0.05246276837124475,0.19344974967526374,0.08873041526862568,-0.02257942070207286,0.04818563790959518,0.15824336950761198
R1,m-341bbd30e225,tcn,direct,64,1,0.0,gelu,0,complete,0.1845618094955468,-0.015553409424266196,0.9030161629253671,1.0077466990391315,-0.13926149821188338,0.16502781725243032,0.36171554100221215,0.17449937760829926,0.028900839388370514,0.04424349591135979,88.0,12.411354994401336,3,0.0024781713145785034,-0.009567160597914404,-0.017036901554187578,-0.01601153169430858,-0.01345762621391855,0.218860440262706,0.2588011451368236,0.1086810185408631,0.183145399072849,0.2548647034684417,-0.13926149821188338,0.16502781725243032,0.20914803353102585
R1,m-341bbd30e225,tcn,direct,64,1,0.0,gelu,1,complete,0.1556085601212911,0.007713508039512429,0.918907742854912,0.9961357798816823,0.09898923913589897,0.1312414910380557,0.31939679383246156,0.16569338738918304,0.03884975612163544,0.04554477334022522,88.0,11.318979947827751,3,0.0023104946594685316,0.00748505232298613,0.003593568745911435,0.004845460962985548,-0.0024342593973400994,0.21675960241368375,0.15533953623952057,0.09898923913589897,0.15596809156449232,0.1736317133500157,0.2233353925283743,0.1312414910380557,0.2073710154401448
R1,m-341bbd30e225,tcn,direct,64,1,0.0,gelu,2,complete,0.09373575042714388,-0.025040912776825852,0.9519791224458949,1.0124430417444854,-0.15660716442061062,0.06661499949855076,0.28947351250836273,0.14897242188453674,0.03614899516105652,0.0460774302482605,88.0,7.347920059692115,3,0.0023075586068443954,-0.02704294741334401,-0.021922446845567434,-0.024935269406355376,-0.027304784641296154,0.05669835998407036,0.217880846072384,0.1667586875438103,0.16574719217828104,-0.03614217147246923,-0.15660716442061062,0.06661499949855076,0.13569464429690203
R1,m-341bbd30e225,tcn,direct,64,1,0.0,gelu,3,complete,0.10623296720261466,-0.0422349399255324,0.9453925284226576,1.0208990841045613,-0.1062708253621174,0.0570022041611411,0.24955354291632803,0.2151564508676529,0.04344789311289787,0.05637534335255623,88.0,9.920380089897659,3,0.0023109824396669865,-0.03967686555300931,-0.04034511858139522,-0.042120261853213714,-0.039701526788543884,0.16728173532939028,0.17091735181298373,0.13733199822325182,0.11655172866018826,0.028320188989310546,-0.1062708253621174,0.0570022041611411,0.18968507291143855
R1,m-341bbd30e225,tcn,direct,64,1,0.0,gelu,4,complete,0.09639546753117578,0.009343984470290612,0.9505811551197636,0.9953170427204135,-0.04648931561364589,0.05855878489140598,0.23976760292823585,0.19678176939487457,0.047884371131658554,0.05527295172214508,88.0,9.269150020554662,3,0.0023373740550596267,0.005692318948199326,0.0111471216100133,0.0090000423078892,0.009618281053504596,0.13542652822862544,0.03088287807954193,0.06771579481840617,0.1980757540575584,0.09829537243394604,-0.04648931561364589,0.05855878489140598,0.1599618330124415
R1,m-34201a1c5918,transformer,direct,32,2,0.1,gelu,0,complete,0.13332999235564957,0.004449029772960245,0.9309511306423933,0.9977730053609587,0.006323375835325606,0.12911371298294128,0.1494300311580321,0.20428574085235596,0.02215660735964775,0.03943552449345589,70.0,13.685475091915576,3,0.002574625483248383,0.0033745368085472682,0.0044525494554582545,0.005597512185697928,0.004297846729749644,0.1588748588480109,0.16705093322056142,0.07888284198573015,0.10601768131309441,0.19736846544252984,0.006323375835325606,0.13667986700262458,0.12911371298294128
R1,m-34201a1c5918,transformer,direct,32,2,0.1,gelu,1,complete,0.12328016161446886,0.0017254556167032309,0.9363331876984448,0.9991368997206023,0.08059365655513084,0.10833056716540623,0.18470897800443042,0.1796247661113739,0.016657661646604538,0.02522796206176281,70.0,9.044874925166368,3,0.0023789710248820484,0.0015233784521884175,0.002002098110923556,0.005982633489386213,0.004912793894726986,0.162304124542893,0.11879539283254648,0.08059365655513084,0.1275159742104811,0.13244897632381514,0.2113804913146745,0.10833056716540623,0.15503727249478305
R1,m-34201a1c5918,transformer,direct,32,2,0.1,gelu,2,complete,0.0928903648409779,-0.029429564785997453,0.9524230337192724,1.0146080843291154,0.009373030950179162,0.07667014541922801,0.17488580093639472,0.13506077229976654,0.013304505497217178,0.025563282892107964,70.0,8.424435113556676,3,0.0023684733314439654,-0.029870776794886034,-0.030267884248072807,-0.030117817859039775,-0.029418570631566165,0.0482293879283382,0.16345206953360836,0.15044982652238914,0.1408015008546858,0.009402987242335792,0.009373030950179162,0.07667014541922801,0.11798489364120601
R1,m-34201a1c5918,transformer,direct,32,2,0.1,gelu,3,complete,0.0873164866844619,-0.0321379425718098,0.9553447091576622,1.0159418992106832,-0.012938126545431583,0.05999079004989838,0.14678607143079359,0.2295491099357605,0.020894547924399376,0.03569049760699272,70.0,9.693589934613554,3,0.002366929722484201,-0.029434716197085375,-0.029954537820000793,-0.029850069771746757,-0.030968584240025132,0.12951391790272593,0.12494770739013772,0.09598366303661332,0.08112875988099089,0.04612773379319757,-0.012938126545431583,0.05999079004989838,0.1336368519039446
R1,m-34201a1c5918,transformer,direct,32,2,0.1,gelu,4,complete,0.09184819203680572,0.0014938200430719695,0.952969993212375,0.9992528108326381,0.031929565190400244,0.06149288269748676,0.17438247479249447,0.25320982933044434,0.02409372851252556,0.030615368857979774,70.0,10.784445086028425,3,0.002403330581728369,0.0005978245025838325,0.0016278651767559493,-0.0007618391585144657,0.0007316630328901841,0.11089343316557454,0.045856189101111666,0.0719492729898068,0.15697680782480505,0.09544544750421102,0.031929565190400244,0.06149288269748676,0.1428457043221949
R1,m-370cab3d4b82,tcn,antisymmetric,64,1,0.1,silu,0,complete,0.15760770310897787,-0.008418374899071157,0.9178193160372156,1.0042003659126355,-0.10113881601837993,0.14259502529146917,0.35783567415406936,0.1728540062904358,0.0,0.0,88.0,13.54242502711713,3,0.0025312110665254295,-0.006670259537820522,-0.005431937162587941,-0.007234188809171371,-0.010063533062249386,0.18157065980456322,0.21587854932418238,0.09163161604531955,0.1635500386521921,0.21654072957437986,-0.10113881601837993,0.14259502529146917,0.17650322920522699
R1,m-370cab3d4b82,tcn,antisymmetric,64,1,0.1,silu,1,complete,0.13577001592866023,0.01003803035044959,0.9296397065913976,0.9949683259529172,0.08403811829759489,0.11589379766960273,0.34242012874596495,0.1457187831401825,0.0,0.0,88.0,11.949820013251152,3,0.0023442269884981215,0.009555381913539884,0.009130328775498686,0.009406616254937994,0.008342611153815072,0.1706880975480891,0.13029999379725266,0.08403811829759489,0.14319043644787655,0.16897937533593943,0.18365134920450343,0.11589379766960273,0.177992650748951
R1,m-370cab3d4b82,tcn,antisymmetric,64,1,0.1,silu,2,complete,0.1009660350599747,-0.0026743254240582104,0.9481740161700412,1.0013362699034016,-0.07751144859175652,0.07763039233985258,0.29229859113077383,0.16866710782051086,0.0,0.0,88.0,11.834409984294325,3,0.0023415216128341854,-0.003042045413182759,-0.0011803360491633441,-0.002224868554802084,-0.0030000011237987234,0.04660987454947596,0.21759095716979449,0.1677927197740513,0.15983943118217547,-0.0029883860213231195,-0.07751144859175652,0.07763039233985258,0.13706893497060746
R1,m-370cab3d4b82,tcn,antisymmetric,64,1,0.1,silu,3,complete,0.0968313346304478,-0.032943453354507435,0.9503518639796275,1.016338257350626,-0.0844411255703883,0.054256716230446256,0.25299221260918614,0.22013038396835327,0.0,0.0,88.0,11.855314974673092,3,0.002350858470890671,-0.03332330240741377,-0.0301673272304106,-0.032690302503080026,-0.03466949892384208,0.12262616392862302,0.16119626572405998,0.10529053922904119,0.11098025134138267,0.06781613229630967,-0.0844411255703883,0.054256716230446256,0.169000469044161
R1,m-370cab3d4b82,tcn,antisymmetric,64,1,0.1,silu,4,complete,0.09794867437588528,0.012072488490955102,0.9497638262347723,0.993945426826365,0.010942536613706588,0.06082336856963,0.26258468726250084,0.19357512891292572,0.0,0.0,88.0,13.224215072114017,3,0.0023884518013801426,0.010089896523947206,0.01342127268166493,0.012615074299171747,0.012482059317177385,0.12928787202191894,0.05308131246227066,0.06351958311964756,0.19094159335748473,0.07937930033375262,0.010942536613706588,0.06082336856963,0.16031991288937164
R1,m-37ecfeb87e50,mlp,antisymmetric,64,2,0.0,silu,0,complete,0.14913177738596328,-0.005947946474176291,0.922425185374964,1.0029695640816705,-0.08113366992334647,0.1293982211351924,0.3125517342628412,0.22490926086902618,0.0,0.0,88.0,6.980739941354841,3,0.0025355989928357303,-0.005862181405485556,-0.011649549744450205,-0.007174448074532158,-0.007695421114326306,0.16708824599777972,0.19654058224442705,0.08406135158114403,0.16189709343431158,0.20990122370435205,-0.08113366992334647,0.1293982211351924,0.17396918025578112
R1,m-37ecfeb87e50,mlp,antisymmetric,64,2,0.0,silu,1,complete,0.13650867354705887,0.012715320019020981,0.9292423400022951,0.9936220005520103,0.08609991333368117,0.11799928554543415,0.3278885862010814,0.18826302886009216,0.0,0.0,88.0,10.493224975652991,3,0.0023471080930903554,0.011967842706177456,0.012567153707805923,0.012674319436859594,0.011653722902321473,0.17186926879234676,0.1370125743467575,0.08609991333368117,0.141935177455482,0.16396468632200611,0.1834472439789413,0.11799928554543415,0.17582777943298555
R1,m-37ecfeb87e50,mlp,antisymmetric,64,2,0.0,silu,2,complete,0.0996525386044056,-0.004362995889553911,0.9488664086137704,1.0021791236548254,-0.08352729974696183,0.07506975854394526,0.283254947665164,0.1899111270904541,0.0,0.0,88.0,6.680490041617303,3,0.0023523439886048436,-0.0037107699941110184,-0.0026502511099668613,-0.0027237548137775125,-0.0034072057094503005,0.04793650128225435,0.21553257198684939,0.16444222588157797,0.15568701715929867,-0.000623813991998956,-0.08352729974696183,0.07506975854394526,0.13768490217340235
R1,m-37ecfeb87e50,mlp,antisymmetric,64,2,0.0,silu,3,complete,0.1046501896165617,-0.02992102838744093,0.9462292588920713,1.0148502492424392,-0.06138239053670924,0.06131795787014627,0.25279482474316284,0.19752581417560577,0.0,0.0,88.0,6.365595059469342,3,0.0023420624202117324,-0.031564623665454095,-0.030771489163388566,-0.02649805323416654,-0.03121454713588223,0.13728682536065928,0.1609363287543203,0.11993705559498036,0.11560389913795743,0.06358658457610178,-0.06138239053670924,0.06131795787014627,0.17810357040724212
R1,m-37ecfeb87e50,mlp,antisymmetric,64,2,0.0,silu,4,complete,0.09177322743959193,0.012247937664225161,0.9530093244876505,0.9938571639505219,-0.025115146648355458,0.05412057116968749,0.2419835176112355,0.1943979561328888,0.0,0.0,88.0,10.971579956822097,3,0.002396345546003431,0.012010798159639902,0.012212673351123304,0.0127252464579507,0.013886262260024096,0.12313484564954547,0.049958214412494595,0.056069086226324005,0.18791056078362978,0.07848604158271832,-0.025115146648355458,0.05412057116968749,0.15503042502692754
R1,m-393f58cc75db,transformer,shared_branch,32,2,0.0,gelu,0,complete,0.10580054025517516,-0.00322423361230606,0.945621203096052,1.0016108194365245,-0.01443213047538694,0.09978449240263187,0.17433614647829732,0.23118238151073456,0.0,0.0,90.0,12.245805037673561,3,0.002588332397863269,-0.002541662001957379,-0.002223516783151913,-0.0037754100060887197,-0.0022585881760210924,0.09825239294517396,0.13484760632900084,0.07218952372398935,0.11615608691190382,0.15222806634158215,-0.01443213047538694,0.09978449240263187,0.11337256641705284
R1,m-393f58cc75db,transformer,shared_branch,32,2,0.0,gelu,1,complete,0.13196991542255765,0.010098268587977466,0.9316813213633953,0.9949380540576498,0.0847614431504613,0.11263324594014734,0.288119691590373,0.15303780138492584,0.0,0.0,90.0,9.21536007663235,3,0.0023552122875116765,0.00885893164091689,0.008244791551244801,0.008353293982558574,0.010293500311106096,0.17647934777443164,0.12647876063802554,0.0847614431504613,0.1374568254335259,0.15996171327275333,0.15274989306790288,0.11263324594014734,0.17304639805900757
R1,m-393f58cc75db,transformer,shared_branch,32,2,0.0,gelu,2,complete,0.10162547998653215,-0.008047505720412795,0.9478262077055414,1.00401568997721,-0.002756015361510933,0.08024084374058282,0.21882081560898592,0.12824898958206177,0.0,0.0,90.0,11.229119892232118,3,0.0023650440853089094,-0.00753206509519555,-0.007665999425428449,-0.006630215547203555,-0.006567349707766068,0.054016066026683296,0.1890058103355705,0.15891174256250584,0.1455764428505838,0.016585678900286505,-0.002756015361510933,0.08024084374058282,0.13470995043683887
R1,m-393f58cc75db,transformer,shared_branch,32,2,0.0,gelu,3,complete,0.10392896514610817,-0.023061643758907957,0.9466102866829053,1.0114650976474215,-0.027749026714776637,0.06627939371020353,0.22001127983609514,0.23898397386074066,0.0,0.0,90.0,12.430520041380078,3,0.0023511412437073886,-0.025834163605396254,-0.027475963850111418,-0.01734617078366707,-0.024582127402130727,0.11638803946261067,0.15772368108465473,0.11635506924168337,0.11780541222999696,0.07339801471888774,-0.027749026714776637,0.06627939371020353,0.16774954848165713
R1,m-393f58cc75db,transformer,shared_branch,32,2,0.0,gelu,4,complete,0.1020465689602329,0.011687843103802997,0.9476040476062599,0.9941389022144728,0.003463008141811663,0.06592442967099033,0.257177542993847,0.21000105142593384,0.0,0.0,90.0,14.026040025055405,3,0.002393349976046011,0.011424480649003255,0.012255402978447405,0.011678480640147981,0.012236985623621743,0.1415526873248163,0.05574685093175746,0.07558942832303794,0.18650924935616364,0.07998910532118297,0.003463008141811663,0.06592442967099033,0.162732468141355
R1,m-39a8d671864f,transformer,shared_branch,32,2,0.1,gelu,0,complete,0.10042701380032115,-0.0014784477968809995,0.9484582153156136,1.0007389508742432,-0.01084617915098729,0.09425120507847007,0.15953295427824865,0.22550059854984283,0.0,0.0,90.0,13.22080489480868,3,0.0025974626769311726,-0.0005791437875748429,-0.0014103960006714988,-0.001252768898341028,-0.00014181046841432732,0.09524858965649807,0.12741111512408743,0.06962697286178587,0.10730818373393725,0.14381434194010778,-0.01084617915098729,0.09425120507847007,0.1082001210559157
R1,m-39a8d671864f,transformer,shared_branch,32,2,0.1,gelu,1,complete,0.13075472244347486,0.010105422487870164,0.9323332438331935,0.994934458902761,0.08357386095655495,0.11134802448210634,0.2867075710417566,0.14726649224758148,0.0,0.0,90.0,8.090149983763695,3,0.002361980441492051,0.009044560662710643,0.009452017380063849,0.009437411887271985,0.01085362363358,0.17358516877332109,0.12592779402886556,0.08357386095655495,0.13631324722081806,0.16096509379517032,0.1449320383048327,0.11134802448210634,0.17197996511342528
R1,m-39a8d671864f,transformer,shared_branch,32,2,0.1,gelu,2,complete,0.1008715197469825,-0.007378029808180919,0.9482238555599714,1.0036822354750436,-0.0024688060369995046,0.07932701667207165,0.21532644685419422,0.12817998230457306,0.0,0.0,90.0,7.715595012996346,3,0.002368106972426176,-0.007141670836014802,-0.007854410895198782,-0.006176224631924354,-0.006323744856328917,0.05153746287184002,0.18816117299855306,0.15905647854508986,0.14466143104054285,0.01742844551102052,-0.0024688060369995046,0.07932701667207165,0.1342033224089728
R1,m-39a8d671864f,transformer,shared_branch,32,2,0.1,gelu,3,complete,0.10221680411284773,-0.021321725612904352,0.9475142193588192,1.0106046336787222,-0.034312235247954126,0.06433891662911162,0.21639933591227867,0.2349788397550583,0.0,0.0,90.0,3.9165349560789764,3,0.002359147183597088,-0.02389319890526509,-0.022948222265104734,-0.015623363547184299,-0.022442174940702442,0.11462008936144774,0.15556591438103073,0.11455009580455,0.11532087520433099,0.07562749905512556,-0.034312235247954126,0.06433891662911162,0.16642441080090087
R1,m-39a8d671864f,transformer,shared_branch,32,2,0.1,gelu,4,complete,0.09893772569773307,0.01153387173658671,0.9492430006601402,0.9942163387630547,-0.00814915663349991,0.06251008709628003,0.2501622908877317,0.2052815556526184,0.0,0.0,90.0,12.585689953994006,3,0.0024015072849579155,0.011685276609239681,0.013404109081107451,0.011012888669260201,0.011614691665160715,0.13425199375691277,0.057511831919367595,0.07139027751023908,0.18274894914354378,0.08130807471215296,-0.00814915663349991,0.06251008709628003,0.16013686968731633
R1,m-40baf05fcce1,gru,direct,96,2,0.1,silu,0,complete,0.18331575911472797,-0.02084781574949024,0.9037058375850363,1.0103701379937404,-0.19428106295800052,0.15823027074729346,0.34998117701025966,0.09670495986938477,0.038492754101753235,0.07447168976068497,90.0,14.382120058871802,3,0.002486673358362168,-0.022355211658608987,-0.027634794887959835,-0.022703559238834936,-0.02439685384728607,0.23006184882620406,0.2719710717615318,0.0889671659944592,0.17483145471126127,0.26696726850551256,-0.19428106295800052,0.15823027074729346,0.21488930687522134
R1,m-40baf05fcce1,gru,direct,96,2,0.1,silu,1,complete,0.1498432137916026,0.002265650482406678,0.922039471068564,0.998866532384379,0.09330854129784694,0.12856302704667544,0.3489515648173598,0.08681845664978027,0.04883401468396187,0.07484307885169983,90.0,11.713585071265694,3,0.002300695516169071,0.0097204186049753,0.0014587911259245079,0.0022928878385171103,-0.001468256113643207,0.22016149926874862,0.15870403487722862,0.09330854129784694,0.15821282772496315,0.1667864511983953,0.11108018817223642,0.12856302704667544,0.19504826950833598
R1,m-40baf05fcce1,gru,direct,96,2,0.1,silu,2,complete,0.07870775219631532,-0.022139136344172528,0.9598396990142077,1.0110089694677156,-0.2897774202341754,0.041852903572379696,0.32277888352239303,0.09723976999521255,0.048463888466358185,0.063920758664608,90.0,9.884005005005745,3,0.002319796185474843,-0.024459276029346277,-0.02824249509843013,-0.02293235122644033,-0.023978351187763813,0.05355745241166121,0.23750007020123587,0.15964461232524552,0.1603137639668386,-0.07887647806763232,-0.2897774202341754,0.041852903572379696,0.1357264050377961
R1,m-40baf05fcce1,gru,direct,96,2,0.1,silu,3,complete,0.11363289751570849,-0.0480053605079338,0.9414707124941761,1.0237213295169412,-0.07591132658479682,0.06408258274420386,0.31498847608973546,0.10350891202688217,0.0503033846616745,0.07125620543956757,90.0,12.728644965682179,3,0.0023054808261804283,-0.041966154397896416,-0.0378636935489185,-0.0429147450416707,-0.04336182377503062,0.18200304116212074,0.16628609776690506,0.14888618292403466,0.11787636031779325,0.02916377473305909,-0.07591132658479682,0.06408258274420386,0.19762668210794754
R1,m-40baf05fcce1,gru,direct,96,2,0.1,silu,4,complete,0.09319484044074122,0.0082747726103638,0.9522631776768745,0.9958540191160731,-0.07623326950228737,0.05627838101093241,0.28441284959507085,0.10278058052062988,0.046692077070474625,0.06787154078483582,90.0,13.071694958489386,3,0.002341529121622443,0.007209102702784631,0.005881540933997731,0.010531300677691924,0.00974488617814806,0.14945062627338557,0.02297158515128961,0.04290703244162186,0.21865444759493624,0.08698669681304383,-0.07623326950228737,0.05627838101093241,0.15521521296470575
R1,m-4170eff5a849,transformer,direct,64,1,0.0,silu,0,complete,0.1891544163929555,-0.015309230441524546,0.9004696461330856,1.0076255407846333,-0.1213173640154217,0.17037231394492514,0.3543239935338023,0.12891246378421783,0.049642618745565414,0.06438066810369492,90.0,10.009604936931282,3,0.0024809211026877165,-0.017631184414305112,-0.011800521590760837,-0.023077276206654007,-0.018513638615787364,0.22143716937454883,0.2586357729631025,0.11835981873394852,0.18404573212057485,0.2632822413797895,-0.1213173640154217,0.17037231394492514,0.2127942833949159
R1,m-4170eff5a849,transformer,direct,64,1,0.0,silu,1,complete,0.14781923845735,0.004096411681991152,0.9231363721263777,0.9979496922781274,0.0955284712498996,0.1311551458126431,0.31518319912165804,0.13020262122154236,0.023983046412467957,0.03652585297822952,90.0,11.4361900719814,3,0.002320980071090162,0.003211304741642773,0.00416759551977075,0.006750831418167125,0.0015857747890054563,0.20519721487777298,0.14965356709101507,0.0955284712498996,0.1600119802733403,0.16554233621404857,0.1315015402993136,0.1311551458126431,0.18321842200315985
R1,m-4170eff5a849,transformer,direct,64,1,0.0,silu,2,complete,0.09407478518772006,-0.025124495843858563,0.9518010374087013,1.0124843188138068,-0.15862104305419567,0.06713209688369215,0.2854388499461522,0.1277747005224228,0.04278803989291191,0.039784569293260574,90.0,6.795730034355074,3,0.0023180762655101717,-0.02416214381458337,-0.02447091482800645,-0.02344556161646194,-0.024555279396462737,0.05713897280830493,0.21622537647528906,0.16973788525293232,0.16898878645305826,-0.03837932945217304,-0.15862104305419567,0.06713209688369215,0.13575819587539495
R1,m-4170eff5a849,transformer,direct,64,1,0.0,silu,3,complete,0.11054685220897953,-0.043207063033920745,0.9431082375798764,1.0213750844003984,-0.0707782793895193,0.0656584482115703,0.2659138444894873,0.12309345602989197,0.037137508392333984,0.0665663331747055,90.0,10.247294930741191,3,0.0022998821223154664,-0.04247107232222547,-0.04342038625568545,-0.04470898898965481,-0.03999075472232705,0.17050238999042233,0.16918656894440098,0.14144661704210204,0.11748576514606146,0.028404964989698467,-0.0707782793895193,0.0656584482115703,0.18663813343361557
R1,m-4170eff5a849,transformer,direct,64,1,0.0,silu,4,complete,0.09343262408818742,0.005669532651549569,0.9521383176365776,0.9971612042936941,-0.05513964923058445,0.0552414664427876,0.25136335479197336,0.1433148831129074,0.03322198987007141,0.05103389546275139,90.0,10.506150010041893,3,0.002340285398531705,0.0036968870707673185,0.00661825346163436,0.007955833858393824,0.006507825557736102,0.14109881040208805,0.0296385067272672,0.04906590388098753,0.2054219609797674,0.09086987732265961,-0.05513964923058445,0.0552414664427876,0.15759451449896134
R1,m-45998a000855,transformer,direct,96,2,0.0,gelu,0,complete,0.1885661346854811,-0.04127753730467143,0.9007962396205476,1.0204300746766881,-0.19662982166345477,0.14556824964485848,0.3065544957845556,0.08771341294050217,0.05544869229197502,0.1092848926782608,98.0,11.705164983868597,3,0.002433510613627732,-0.040881699618092515,-0.03930436397964643,-0.032745467972059794,-0.047600082193215876,0.21794576206862126,0.2757309730120373,0.12414709611320984,0.17805842331900024,0.2775240895812813,-0.19662982166345477,0.14556824964485848,0.24268490475067606
R1,m-45998a000855,transformer,direct,96,2,0.0,gelu,1,complete,0.16014320092500323,-0.0017561083568269353,0.9164370131520206,1.0008776690269532,0.10992102960266814,0.13412436036435493,0.32313186175175,0.08268754929304123,0.06337401270866394,0.09885282069444656,98.0,7.303809910081326,3,0.0022875132272019982,-0.0023583141531891005,-0.002489431055866076,-0.00021051873700494994,-0.005163757455701301,0.23392587244904028,0.16106961193307434,0.10992102960266814,0.16786083402087681,0.16039188964700946,0.17471400401849957,0.13412436036435493,0.21541447985347828
R1,m-45998a000855,transformer,direct,96,2,0.0,gelu,2,complete,0.09348944125959913,-0.0236036815678633,0.9521084805527157,1.0117330090334422,-0.1983275540012217,0.06755044042574176,0.28520371126617117,0.07488984614610672,0.056105125695466995,0.08615556359291077,98.0,14.002505026292054,3,0.0023004181566648185,-0.02498072695123632,-0.0256603270317588,-0.02251121073930218,-0.024159723665176935,0.0793689304578985,0.21878265826263044,0.14205810931856944,0.17291505431398402,-0.04226503780575852,-0.1983275540012217,0.06755044042574176,0.13362003299509317
R1,m-45998a000855,transformer,direct,96,2,0.0,gelu,3,complete,0.12438000217578027,-0.028897464852117638,0.9357456907858138,1.0143458309926243,-0.04840721248757407,0.07681188121117022,0.27427928346002073,0.10261297971010208,0.04741013050079346,0.0762028768658638,98.0,4.77994994726032,3,0.002280019340105355,-0.02685108777570422,-0.03283235322704536,-0.02585064718437402,-0.029358697734623185,0.17507304672749358,0.17945794424242778,0.14788000306581728,0.1351850811296298,0.05629874999319984,-0.04840721248757407,0.07681188121117022,0.20501372820120467
R1,m-45998a000855,transformer,direct,96,2,0.0,gelu,4,complete,0.10779163354740218,0.004995016493194893,0.9445678199327975,0.9974993651661163,-0.03259462030321125,0.08132236995114195,0.2781954688493271,0.0799015611410141,0.06348872184753418,0.09681981801986694,98.0,13.687559950631112,3,0.002321108215255663,0.006473578549501147,0.006184081488855742,0.0035715714637948315,0.002172394152423096,0.17310563535564827,0.043618080874307075,0.0765121286665803,0.21366243694459153,0.07212712863497917,-0.03259462030321125,0.08132236995114195,0.1522605131211977
R1,m-4850dbb21590,tcn,direct,96,1,0.1,gelu,0,complete,0.17965615994178008,-0.0322845423607232,0.9057283478274376,1.0160140463402674,-0.2196326277911278,0.1530863290413219,0.3024904267687898,0.14616800844669342,0.07434837520122528,0.123238705098629,90.0,7.096464931964874,3,0.002456307178363204,-0.02726870552422711,-0.028646543556251736,-0.025625191171400274,-0.026856302771928853,0.24465621222440204,0.2721083440378492,0.07120685658454551,0.18212201192359834,0.2385926989172813,-0.2196326277911278,0.1530863290413219,0.2130979575514651
R1,m-4850dbb21590,tcn,direct,96,1,0.1,gelu,1,complete,0.15046960057283476,0.0007789986217417999,0.9216997338760412,0.9996104248047127,0.10384710186871504,0.12558068808902523,0.314155736836385,0.12011265754699707,0.03740810230374336,0.07537524402141571,90.0,8.132645022124052,3,0.0022862967452965677,-0.0019332461112053778,-0.001938272068894742,0.005542369727389418,-0.0073545880350516235,0.21888397669164394,0.15035644916935276,0.10384710186871504,0.15499224979009163,0.15494146599291214,0.16566245432156435,0.12558068808902523,0.2033405969153702
R1,m-4850dbb21590,tcn,direct,96,1,0.1,gelu,2,complete,0.08553450189849154,-0.020899726628245352,0.9562768940539704,1.0103958267076547,-0.20804144371086664,0.0537402360102589,0.3137781334287715,0.11386837810277939,0.0358782634139061,0.07472424954175949,90.0,7.693670049775391,3,0.0023187455954030156,-0.02240418959532997,-0.021662965037467563,-0.02054962367015034,-0.020928700230402386,0.05913277638537695,0.22476237202538996,0.15733649444145859,0.1670117768284618,-0.06922097961241103,-0.20804144371086664,0.0537402360102589,0.13472385626348282
R1,m-4850dbb21590,tcn,direct,96,1,0.1,gelu,3,complete,0.10738811622849942,-0.054140964273532655,0.9447813947001183,1.026713672000881,-0.1090382569986088,0.05621085958629801,0.2895718006260479,0.12094417214393616,0.04321717470884323,0.06495209783315659,90.0,6.720709986984729,3,0.002291071228682995,-0.04515568546834037,-0.04530593992758569,-0.052422260414446864,-0.051419176419323254,0.17621698040428513,0.1697311660864882,0.15737069420489636,0.10937585021196361,0.013973088442521542,-0.1090382569986088,0.05621085958629801,0.1941397643310221
R1,m-4850dbb21590,tcn,direct,96,1,0.1,gelu,4,complete,0.10196461118593403,0.007513277621845615,0.9476472913558429,0.9962362783888943,-0.01886577172791215,0.06328964240648793,0.28595902544529483,0.13228991627693176,0.04815685749053955,0.07864461839199066,90.0,10.979960020631548,3,0.0023302103218156844,0.00726234052587571,0.00580380445685158,0.005404988915973186,0.0026232779002672846,0.16563158536218348,0.02695278107596455,0.05535254450566274,0.2202877672137259,0.07805324241399147,-0.01886577172791215,0.06328964240648793,0.16693931374685034
R1,m-49b072af5e16,transformer,antisymmetric,64,2,0.1,gelu,0,complete,0.16489636548593334,-0.00953793535031977,0.913840048648595,1.0047576500581221,-0.10823920623340677,0.14714633368115837,0.37836362574758464,0.11169371008872986,0.0,0.0,94.0,5.297669919673353,3,0.0025211297324858606,-0.008922214674903728,-0.008796956322728144,-0.006981542671914642,-0.011608589593077534,0.19460455752087913,0.22436683179312078,0.09183703930518161,0.16842248105077928,0.23058809010405956,-0.10823920623340677,0.14714633368115837,0.187237229204811
R1,m-49b072af5e16,transformer,antisymmetric,64,2,0.1,gelu,1,complete,0.1341229448846163,0.010184786281150715,0.9305251501788567,0.9948945741729871,0.08114750378130431,0.11540336517655414,0.3338442546747331,0.12940162420272827,0.0,0.0,94.0,10.022455034777522,3,0.002346355002373457,0.00927952615398675,0.00926891583699141,0.010127125592432562,0.008370249941844876,0.16714941548012008,0.13489416176068003,0.08114750378130431,0.14109448641514288,0.1708549542962874,0.15809297535562095,0.11540336517655414,0.17388855661725333
R1,m-49b072af5e16,transformer,antisymmetric,64,2,0.1,gelu,2,complete,0.10300172188723622,-0.00412908831341352,0.9470999303731173,1.0020624173739945,-0.05200591356767337,0.08011843614852776,0.26683326973791677,0.1009557768702507,0.0,0.0,94.0,8.53260507574305,3,0.0023495913483202457,-0.004975957740544157,-0.004036263961010089,-0.004719562896121188,-0.00430434232787702,0.05761222556598422,0.20818072257297193,0.1652046891878477,0.15328507987705076,0.0032439800979301436,-0.05200591356767337,0.08011843614852776,0.1384047739719606
R1,m-49b072af5e16,transformer,antisymmetric,64,2,0.1,gelu,3,complete,0.10749673330149734,-0.030965458367927967,0.9447239103031652,1.0153646922992388,-0.07947228660007544,0.05930176624437067,0.27878943926852817,0.11185253411531448,0.0,0.0,94.0,14.489109930582341,3,0.002334552293177694,-0.03075968539387186,-0.0283574579411352,-0.03050091012361822,-0.030864204413007412,0.13396263840619127,0.17132403302215649,0.12930887345112718,0.12178703904020527,0.0669023925745853,-0.07947228660007544,0.05930176624437067,0.18919303937126908
R1,m-49b072af5e16,transformer,antisymmetric,64,2,0.1,gelu,4,complete,0.10087197980340712,0.01028770875049323,0.9482236129714303,0.9948428475138709,0.009487605205588223,0.06284243134868284,0.25613777715064723,0.1552407443523407,0.0,0.0,94.0,12.932715006172655,3,0.0023970286711119115,0.008829761069291231,0.0081102837541005,0.009274779658531962,0.009786329121186932,0.13060510539631587,0.053868407100539306,0.07279527897565741,0.19180577311102553,0.08359093378767968,0.009487605205588223,0.06284243134868284,0.1647623636189166
R1,m-573aa9a5f026,transformer,direct,96,1,0.1,gelu,0,complete,0.17894251507822134,-0.03828998392988736,0.9061222240524611,1.018965153442397,-0.16970766124637326,0.14874277394801072,0.2875641658925481,0.09280677884817123,0.047123685479164124,0.09560444205999374,94.0,11.305564956273884,3,0.00245833391090855,-0.04142159605872253,-0.04368773296761885,-0.041820241850687445,-0.04602845319187154,0.19233434554075646,0.2720331550860592,0.09297945660045726,0.17413326910309246,0.28068903585912064,-0.16970766124637326,0.14874277394801072,0.21695305547364285
R1,m-573aa9a5f026,transformer,direct,96,1,0.1,gelu,1,complete,0.1562318662682176,-0.002506116254575197,0.9185685242439904,1.0012522740321619,0.10758635754029833,0.1329957934549476,0.3267163230379051,0.09506427496671677,0.0466032400727272,0.0760921761393547,94.0,8.435154904145747,3,0.0022999810171313584,-0.003846198014628044,-0.002732412070275192,0.002861630674083959,-0.005321054938238978,0.22541439584910694,0.15097731091703015,0.10758635754029833,0.16199557959552824,0.16460767729771097,0.1804315027824187,0.1329957934549476,0.20559176986080885
R1,m-573aa9a5f026,transformer,direct,96,1,0.1,gelu,2,complete,0.08643282312829215,-0.01815371313724179,0.9558070814090613,1.0090360316347686,-0.2672018752776262,0.0567406327805442,0.3132932652029987,0.09436363726854324,0.05230552330613136,0.07526455074548721,94.0,6.360765174031258,3,0.0023160525015555322,-0.02127090122858477,-0.021490444489190574,-0.01767102958386646,-0.020922798830131484,0.06830071353882039,0.2298306449209495,0.16045520555532822,0.16858578701318339,-0.06479029726585672,-0.2672018752776262,0.0567406327805442,0.13237002696317313
R1,m-573aa9a5f026,transformer,direct,96,1,0.1,gelu,3,complete,0.12070858935972495,-0.029509055324695277,0.9377053965080265,1.0146472565994034,-0.08859321056711322,0.06966442020658548,0.28901672821171953,0.10880748182535172,0.048818957060575485,0.07527491450309753,94.0,10.902045120019464,3,0.002282685018144548,-0.02770097858626963,-0.030334607296302663,-0.024468693267661434,-0.02645040572501922,0.1775450673939638,0.18663020837654498,0.1431193777022215,0.13246792091215098,0.05275249489724254,-0.08859321056711322,0.06966442020658548,0.20723463805001963
R1,m-573aa9a5f026,transformer,direct,96,1,0.1,gelu,4,complete,0.10344190393456887,0.009773875102400242,0.9468675176947571,0.995101062655246,-0.07444498344591177,0.07395147817621062,0.2620069620136187,0.08385588973760605,0.05652176961302757,0.09035282582044601,94.0,4.926374962087721,3,0.0023223674506880343,0.01119985075479435,0.00950168790804995,0.011226709802053203,0.008422371438114196,0.16629621206327583,0.05920879634029397,0.059037618030623906,0.21646741164731276,0.06712779661948665,-0.07444498344591177,0.07395147817621062,0.1529863949197161
R1,m-5fc94eb7da8d,transformer,antisymmetric,32,2,0.1,gelu,0,complete,0.10836050900340766,-0.0015097645177688523,0.9442666418954936,1.000754597550153,-0.007567085046838118,0.10028200435742907,0.17474987586299084,0.2326461374759674,0.0,0.0,90.0,12.205124925822018,3,0.0025945964735001326,-0.0009173531836299542,-0.0032210418268785457,-0.0015552078682392612,-0.0006881764536099677,0.10331274446065064,0.13469045486335107,0.07657779664533348,0.1155077385442067,0.15545308942857072,-0.007567085046838118,0.10028200435742907,0.1185284215645318
R1,m-5fc94eb7da8d,transformer,antisymmetric,32,2,0.1,gelu,1,complete,0.11297229373317097,0.007972473900957455,0.9418214832264282,0.9960057861774915,0.07216100255404723,0.09400431114058472,0.21023800113593705,0.17906908690929413,0.0,0.0,90.0,10.794249933678655,3,0.0023911193711683154,0.007760128101327757,0.007338445602325994,0.008554366279818315,0.007961707838888166,0.14503700126075092,0.10678452433398233,0.07216100255404723,0.11346804838817137,0.13946126083198374,0.17125432100851878,0.09400431114058472,0.15326558251910172
R1,m-5fc94eb7da8d,transformer,antisymmetric,32,2,0.1,gelu,2,complete,0.08565008774068494,-0.004838424306932154,0.9562164568021798,1.0024162929177338,0.03330718765387919,0.06883849068876668,0.14096930019574772,0.17909400165081024,0.0,0.0,90.0,13.886430044658479,3,0.002415710303466767,-0.004522728606618509,-0.004595715496066299,-0.0050407949523387785,-0.004351596895925791,0.03795668054616275,0.1445363136091279,0.13182838900216143,0.11346967721094336,0.03330718765387919,0.04983195809930874,0.06883849068876668,0.11165954516094012
R1,m-5fc94eb7da8d,transformer,antisymmetric,32,2,0.1,gelu,3,complete,0.07556579122221418,-0.01622601613187058,0.9614750172405865,1.0080803619413834,-0.007542800079405776,0.04959247409974454,0.12738452613660445,0.22340363264083862,0.0,0.0,90.0,7.008244947064668,3,0.0024099587462842464,-0.0165524038855549,-0.016804926085864702,-0.01330217956583124,-0.016956417575599847,0.08471730875895667,0.11250943764373167,0.08116405383302083,0.07967138702600618,0.059719540679457284,-0.007542800079405776,0.04959247409974454,0.11959370938158043
R1,m-5fc94eb7da8d,transformer,antisymmetric,32,2,0.1,gelu,4,complete,0.09109568386505373,0.009785547547550011,0.9533647340524749,0.9950951976833422,0.05054462589721376,0.060086666158300495,0.17279167291999653,0.21107611060142517,0.0,0.0,90.0,4.6587500255554914,3,0.002432870911434293,0.009623189574273883,0.009981373921663761,0.009936048321647739,0.009724145305252674,0.10615071728779935,0.0582325889459947,0.06598809904929859,0.15629071566344188,0.08194380426402126,0.05054462589721376,0.060086666158300495,0.14319143896940545
R1,m-5fc9bfd56138,gru,direct,96,1,0.1,gelu,0,complete,0.1729242729847814,-0.027883868532402323,0.9094370385107584,1.0138460773373847,-0.23406956176371674,0.14818159005047837,0.37575575275904405,0.110301673412323,0.04446663707494736,0.07014093548059464,90.0,10.125274932943285,3,0.002483732416294515,-0.025501577507339945,-0.02807762848002704,-0.02761701795698701,-0.024628923527641344,0.213509080431858,0.2750815927210407,0.06355844258027676,0.16328769657058817,0.27710317961803954,-0.23406956176371674,0.14818159005047837,0.20406635281620789
R1,m-5fc9bfd56138,gru,direct,96,1,0.1,gelu,1,complete,0.14331452411817658,-0.0024127030867873156,0.9255730526986097,1.0012056247778411,0.09446159205316607,0.12449781183115582,0.31064663163811046,0.10888069123029709,0.05049901083111763,0.086088165640831,90.0,5.73195507749915,3,0.0022970762220211327,-0.00806865772973886,-0.00841802874200992,-0.008077945196530045,-0.016461157105067237,0.20923787993766985,0.14475795185941365,0.09446159205316607,0.1455885453437027,0.1582756502294611,0.14406961835212906,0.12449781183115582,0.18328647255717634
R1,m-5fc9bfd56138,gru,direct,96,1,0.1,gelu,2,complete,0.08753156650365446,-0.01926228493908999,0.9552321359210785,1.0095852043978704,-0.21406194373766696,0.054464145738173486,0.32075079813373186,0.10217558592557907,0.0459233820438385,0.06343520432710648,90.0,4.311160009820013,3,0.002314736775588244,-0.022094072649343266,-0.022662821171173242,-0.021261167402228498,-0.024654606565384984,0.06336056228988929,0.22998406816971118,0.16126897906257054,0.1624959261531267,-0.06534999685018428,-0.21406194373766696,0.054464145738173486,0.13869063662300918
R1,m-5fc9bfd56138,gru,direct,96,1,0.1,gelu,3,complete,0.10859803078236152,-0.048610464987534074,0.9441408630165515,1.0240168284689144,-0.11811530503214152,0.05707995753993722,0.29129629293176773,0.10687321424484253,0.059047967195510864,0.08928365260362625,90.0,3.1226799706928428,3,0.0023014616454020143,-0.04417818820374131,-0.038757805163047054,-0.037731421262487075,-0.047761268396091294,0.18444712033938748,0.17927813397997416,0.13890499459222794,0.12154702123650873,0.010814314846679496,-0.11811530503214152,0.05707995753993722,0.19592740429867028
R1,m-5fc9bfd56138,gru,direct,96,1,0.1,gelu,4,complete,0.08444931278538759,-0.005838470589492051,0.9568441290067115,1.0029149867209544,-0.1221407272235393,0.04895273003696421,0.28369650684410397,0.1065605878829956,0.04647715389728546,0.07484634220600128,90.0,3.1985550536774094,3,0.0023424786631949246,0.0003372497704263733,0.009887281947083437,0.0011911493541403306,0.0014964734915702271,0.14151299750413082,0.015492448211435028,0.036100234089973426,0.22167022007629522,0.07363956276100436,-0.1221407272235393,0.04895273003696421,0.1440842647658397
R1,m-6d253ca36751,mlp,antisymmetric,32,1,0.0,gelu,0,complete,0.11113359990557725,-0.001137312812432345,0.9427971150223269,1.00056849481304,0.0011873836223492695,0.10719476501277858,0.18393720308725414,0.2957543134689331,0.0,0.0,66.0,10.818590095732361,3,0.0025856595020741224,-0.0012575306255340202,-0.003950333410588591,-0.002614587244978539,-0.0028811875729788383,0.10067845791826424,0.138958234784764,0.07549460929730989,0.12414097623190745,0.15743624343052387,0.0011873836223492695,0.10719476501277858,0.11609116699723199
R1,m-6d253ca36751,mlp,antisymmetric,32,1,0.0,gelu,1,complete,0.10092156791189721,0.007579754436910946,0.9481974647129693,0.9962029138499291,0.0647166846945686,0.08486775183109085,0.17998791027959493,0.2746298909187317,0.0,0.0,66.0,9.752180089708418,3,0.0024062219890765846,0.007697408565059294,0.008193244323135618,0.008146322371013981,0.007523191418720265,0.1240859482743275,0.09732989999171726,0.0647166846945686,0.10202466533985799,0.1304314097785052,0.13465013204100562,0.08486775183109085,0.13502435371437838
R1,m-6d253ca36751,mlp,antisymmetric,32,1,0.0,gelu,2,complete,0.0843604375421022,-0.0060595025535650215,0.9568905697402906,1.0030251754335806,0.035855824385631174,0.06951466593087818,0.13421811192684197,0.31749147176742554,0.0,0.0,66.0,8.830760058481246,3,0.0024171886034309864,-0.006671456345439308,-0.007015315211992057,-0.0063489842271524655,-0.00627086658728504,0.03783464367789069,0.1398487874493597,0.12973100743495236,0.10783411949444954,0.035855824385631174,0.05834233474274353,0.06951466593087818,0.10732853887123217
R1,m-6d253ca36751,mlp,antisymmetric,32,1,0.0,gelu,3,complete,0.08092055622457672,-0.02251258852768956,0.9586863114572062,1.0111936454150063,-0.019572818486428556,0.05074934983029444,0.14933879327054855,0.31707942485809326,0.0,0.0,66.0,14.116944931447504,3,0.0023961581173352897,-0.020322545997377706,-0.020099401712288856,-0.02228562200885631,-0.02094848432967522,0.09596324042396143,0.12257498688268176,0.08543279010296967,0.08796125220536344,0.05937852867711624,-0.019572818486428556,0.05074934983029444,0.13206440510738338
R1,m-6d253ca36751,mlp,antisymmetric,32,1,0.0,gelu,4,complete,0.0836891470295602,0.01017312370354917,0.9572412720784869,0.99490043536851,0.054772862084321416,0.05858349046739886,0.14212405664132644,0.30072757601737976,0.0,0.0,66.0,13.36454998236149,3,0.002446681435685605,0.010502934369405081,0.01073000857621964,0.009083756043608338,0.011550556791160016,0.0910247166698378,0.054772862084321416,0.06189242513766191,0.13735100411740564,0.08118782695972981,0.06353151274433688,0.05858349046739886,0.1258671401657787
R1,m-6dfc56db5077,gru,direct,64,1,0.1,gelu,0,complete,0.1779903435639022,-0.005300407803908946,0.9066474819002686,1.0026467013878362,-0.09996903217056774,0.16167669787491412,0.27519043510110275,0.1624729037284851,0.04014931991696358,0.06503183394670486,88.0,13.720904942601907,3,0.0025053690187633038,-0.00789596123722891,-0.009480246827917371,-0.005176817471977513,-0.0046858875337156825,0.21343151455078202,0.23720035752615343,0.11158116474953705,0.16594813424760524,0.25208369691140997,-0.09996903217056774,0.16167669787491412,0.19852331720047312
R1,m-6dfc56db5077,gru,direct,64,1,0.1,gelu,1,complete,0.14679074073346365,-0.003682160109905519,0.9236932712034533,1.0018393883801462,0.09411643895584076,0.1275941872322306,0.2646750862153875,0.12755140662193298,0.04010774940252304,0.054967425763607025,88.0,11.218369973357765,3,0.0023366567911580205,0.0015713299081987486,0.004838494782811509,0.002745718768283112,-0.0026935757922583736,0.2081060213109991,0.15202290260865925,0.09411643895584076,0.1437322662966637,0.1528122366668233,0.2329707916892949,0.1275941872322306,0.1875695779210348
R1,m-6dfc56db5077,gru,direct,64,1,0.1,gelu,2,complete,0.09191633686060019,-0.03292379565810699,0.9529342386226869,1.016328586461144,-0.15287100780930651,0.06499503979608878,0.27567733353159163,0.11575950682163239,0.0389586016535759,0.05925942584872246,88.0,8.45708003034815,3,0.0023242689203470945,-0.032048393168184974,-0.029977784595352608,-0.031169634800480184,-0.029888679864790824,0.06213441814210319,0.21109631303768894,0.16145531236488708,0.16552982474444877,-0.043889346595685774,-0.15287100780930651,0.06499503979608878,0.13356665286181235
R1,m-6dfc56db5077,gru,direct,64,1,0.1,gelu,3,complete,0.11294666132347153,-0.038102982548691156,0.9418350910199347,1.0188733888706147,-0.07246891438579994,0.07118027067781652,0.23595448947682107,0.16230936348438263,0.03839382901787758,0.05363691598176956,88.0,11.283389874733983,3,0.0023081107647158206,-0.035883432610144705,-0.03871668873725698,-0.03994925938549243,-0.03368570851920172,0.16193026651136866,0.17094194328723877,0.14958576193508222,0.12301433833759778,0.03781469595447695,-0.07246891438579994,0.07118027067781652,0.18374575180884423
R1,m-6dfc56db5077,gru,direct,64,1,0.1,gelu,4,complete,0.09210613426624625,0.002821314076111414,0.9528346476350205,0.9985883465792541,-0.04051408423958147,0.06042242972443279,0.2159307233106833,0.1388324797153473,0.04300566017627716,0.06516677886247635,88.0,13.51341997506097,3,0.002364119834965095,0.0013842497385169183,0.0011291687090705382,0.0006311346376068894,0.00043255771356054407,0.13965969745310924,0.020679306623172078,0.06761974215837785,0.1748976875184698,0.10402803261770188,-0.04051408423958147,0.06042242972443279,0.14533537642471295
R1,m-820c8a3f6eba,mlp,direct,32,1,0.0,silu,0,complete,0.1528528837256523,-0.0034890373194631508,0.9204059518898972,1.0017429996358662,-0.047348935608454434,0.14395257848893028,0.234623002632397,0.2784322202205658,0.016851086169481277,0.028292302042245865,86.0,9.920329973101616,3,0.002533544786274433,-0.0036373702051164525,-0.005998268738724777,-0.002792583818568284,-0.004134711994045803,0.16795967435712744,0.19767943252540598,0.10098399388205315,0.14651787387271664,0.22028734376759596,-0.047348935608454434,0.14395257848893028,0.16405514570112256
R1,m-820c8a3f6eba,mlp,direct,32,1,0.0,silu,1,complete,0.12280884950156967,-0.00044925645544657833,0.9365848335833921,1.0002246030044686,0.07159861446893911,0.10768328946855787,0.1866923470667725,0.25249165296554565,0.020082440227270126,0.03202270343899727,86.0,8.533084869850427,3,0.002379540936090052,-0.0006104141612210956,-0.0009041187224954061,-0.001336555858736821,-0.0033495871702096114,0.1674125732524313,0.11899114736529526,0.07159861446893911,0.13144475316175785,0.13371669184916612,0.21062980268455267,0.10768328946855787,0.15493976039228774
R1,m-820c8a3f6eba,mlp,direct,32,1,0.0,silu,2,complete,0.09202558733443089,-0.029095032686480282,0.9528769137016434,1.0144432131403316,0.011677675376696395,0.07646727767704764,0.16740637628883492,0.29964107275009155,0.022821560502052307,0.026522312313318253,86.0,6.747340108267962,3,0.0023706149077042937,-0.029420842097045208,-0.028221909253687505,-0.028472205479169288,-0.029214725297287192,0.047874143065953945,0.15668347087953616,0.1486034180695749,0.13821078740490955,0.011677675376696395,0.022586071115369033,0.07646727767704764,0.11609606626127844
R1,m-820c8a3f6eba,mlp,direct,32,1,0.0,silu,3,complete,0.08767484970710027,-0.027782386138134774,0.9551571338229642,1.013796027876483,-0.01843231831034875,0.06262589952308673,0.150830817404755,0.2905469536781311,0.018349584192037582,0.03188750892877579,86.0,8.23589995270595,3,0.002359127625823021,-0.028243488254047877,-0.03006748975939799,-0.027656613742139236,-0.030017761175637148,0.12202432177067679,0.1299281481835094,0.11556516298171271,0.08003233668650456,0.036828146685828456,-0.01843231831034875,0.06262589952308673,0.1301358539554064
R1,m-820c8a3f6eba,mlp,direct,32,1,0.0,silu,4,complete,0.08570562867667186,-0.0011999946755414381,0.9561874143301239,1.0005998174472857,0.033758058905042465,0.054497745901104566,0.16806304993161625,0.33767497539520264,0.01708928681910038,0.029733777046203613,86.0,9.263839875347912,3,0.002399016113486141,-0.0007974644964308109,-3.331537418649333e-05,-0.002267386859848397,-0.0014709698205512822,0.10641246650898473,0.033758058905042465,0.06283169440187997,0.14828370660851897,0.09730881177070805,0.03603573872547061,0.054497745901104566,0.13813548097886852
R1,m-8702027339db,gru,antisymmetric,96,1,0.1,silu,0,complete,0.16309942603330452,-0.006397685522226526,0.9148227008369958,1.0031937427646898,-0.11579739927046862,0.14504805000151377,0.37179318577440945,0.1040903851389885,0.0,0.0,90.0,6.57486995914951,3,0.0025226703728549182,-0.005120539277253533,-0.014064498664849046,-0.00701126407581909,-0.007774670118173566,0.1896924524492558,0.22192258992890768,0.09219718841006341,0.1650006255267762,0.23753342040515413,-0.11579739927046862,0.14504805000151377,0.18581957303360253
R1,m-8702027339db,gru,antisymmetric,96,1,0.1,silu,1,complete,0.1429282891061311,0.011904749949640747,0.9257816756092491,0.9940298034014671,0.08987010454532818,0.1228288381624073,0.3546324763986324,0.10485053062438965,0.0,0.0,90.0,9.656970074865965,3,0.002339766186196357,0.010021618306107039,0.01044132122328112,0.011878661371777954,0.0103934366775853,0.17891780640881927,0.1396627010651147,0.08987010454532818,0.14905521147781242,0.1717513775773627,0.21020079731022567,0.1228288381624073,0.18562513245048662
R1,m-8702027339db,gru,antisymmetric,96,1,0.1,silu,2,complete,0.10666691300635289,0.002619153650386452,0.9451629949345495,0.9986895645542782,-0.075870207635377,0.0789560713212889,0.3339379376343481,0.09268403053283691,0.0,0.0,90.0,6.639214896131305,3,0.0023380525526590645,0.0020995461760756617,0.00017138827007157076,0.0022797032162651387,0.0009935275356275364,0.06392583737245405,0.23672395035553007,0.16515735002298404,0.16018275875062704,-0.013982713612241904,-0.075870207635377,0.0789560713212889,0.1495387445558043
R1,m-8702027339db,gru,antisymmetric,96,1,0.1,silu,3,complete,0.10774232117894755,-0.03463716188151045,0.9445939227102049,1.0171711566307364,-0.09806199391624859,0.05232688728996571,0.3423930586699122,0.10088646411895752,0.0,0.0,90.0,12.270529894158244,3,0.002329906332306564,-0.030939237690018828,-0.029706669638589034,-0.033623432958030275,-0.034597792916486014,0.14718634087627025,0.17280208167054456,0.12384255885042161,0.1283729234363291,0.05712052093517905,-0.09806199391624859,0.05232688728996571,0.20167819300177103
R1,m-8702027339db,gru,antisymmetric,96,1,0.1,silu,4,complete,0.09434603402030117,0.010437614646565119,0.9516585343387084,0.994767503165154,-0.04317962288982047,0.05396653101333693,0.3035502744253533,0.10160472989082336,0.0,0.0,90.0,10.913044994231312,3,0.002380627964157611,0.011159391445763056,0.013448321501300264,0.011811848898419464,0.010701111578280575,0.13678659830051543,0.0478758604045757,0.05294182382814383,0.2099034015476101,0.06472799325173006,-0.04317962288982047,0.05396653101333693,0.16218438735930807
R1,m-8a2cdaf6658d,transformer,direct,64,2,0.0,gelu,0,complete,0.18728315129944395,-0.014623379982668716,0.9015080968580128,1.0072851532623066,-0.1036689000862081,0.17311716316841275,0.31583270646943173,0.10525578260421753,0.04503512755036354,0.06672942638397217,94.0,12.29601992527023,3,0.0024791600881144404,-0.019070021386105473,-0.012459993441672257,-0.025573477324166705,-0.01712082271762294,0.21565674146285563,0.25209100316284794,0.12474318698590281,0.17759729985521366,0.2630503466595173,-0.1036689000862081,0.17311716316841275,0.20511300162080892
R1,m-8a2cdaf6658d,transformer,direct,64,2,0.0,gelu,1,complete,0.14898993666803417,0.005773317350099116,0.9225020668442786,0.9971091628552519,0.09624188510275522,0.132716777266223,0.3304244939286243,0.12499377131462097,0.02758229896426201,0.040620431303977966,94.0,9.293494978919618,3,0.002316574507858604,0.004035209134896078,0.005031440937460774,0.007209054333541465,0.0019981433288212003,0.2083336616508309,0.1539257545683821,0.09624188510275522,0.15698493341089614,0.17033827152452263,0.1241796191622987,0.132716777266223,0.1835586689006834
R1,m-8a2cdaf6658d,transformer,direct,64,2,0.0,gelu,2,complete,0.0952103242006146,-0.027267544191449167,0.9512043291529877,1.0135420781553417,-0.15821786961430018,0.06669096969338961,0.28610351252384425,0.09067317098379135,0.03889217972755432,0.0478561595082283,94.0,8.7129199760966,3,0.002314016397576779,-0.027128156567944872,-0.026227385910889467,-0.02578894794532216,-0.026228310788480202,0.06605924452437484,0.2164221514080792,0.16722465041682577,0.1666422712122605,-0.04015791546550451,-0.15821786961430018,0.06669096969338961,0.13933301726886071
R1,m-8a2cdaf6658d,transformer,direct,64,2,0.0,gelu,3,complete,0.1112404627137743,-0.04575836229107133,0.9427404400396887,1.0226232748627773,-0.06328838991890717,0.06668899024850306,0.2623558900930849,0.12002591788768768,0.036388419568538666,0.06666572391986847,94.0,11.737245123367757,3,0.002302830573171377,-0.04524664833699177,-0.04573383231167649,-0.04688966521550042,-0.04313835004424171,0.17542909682526253,0.1637321059622212,0.14703751111483876,0.11589535665120654,0.023715812033952677,-0.06328838991890717,0.06668899024850306,0.18676060418555074
R1,m-8a2cdaf6658d,transformer,direct,64,2,0.0,gelu,4,complete,0.0952273677882225,0.00457690829194124,0.9511953701589266,0.9977089213333009,-0.04709083653843593,0.05774924768624634,0.25043612263375326,0.14052696526050568,0.0360167920589447,0.05548941344022751,94.0,8.038174954708666,3,0.0023382664076052606,0.0031277406472481895,0.005103761708051824,0.0050614242315802915,0.005911294498964659,0.1400539523507266,0.03401344610099777,0.05438178897003232,0.2034735143911086,0.09086401313064474,-0.04709083653843593,0.05774924768624634,0.15819134120614908
R1,m-8db713a4c485,gru,shared_branch,96,1,0.1,gelu,0,complete,0.16919781925560962,-0.006271922480735936,0.9114835054702803,1.003131059473654,-0.16772574079850688,0.1498361315177611,0.4225687219958185,0.11842165142297745,0.0,0.0,102.0,11.822560068685558,3,0.002519271452911198,-0.007642991747246919,-0.012711080290354282,-0.006621907348279832,-0.00814673675850952,0.1981139018581627,0.24409166497535717,0.08471523226736744,0.17448239657011222,0.25298119322684554,-0.16772574079850688,0.1498361315177611,0.19356717430106762
R1,m-8db713a4c485,gru,shared_branch,96,1,0.1,gelu,1,complete,0.14157689162444775,0.01272507012473989,0.926511256475361,0.9936170941943684,0.09256457690791242,0.12504708752708749,0.40802404904392686,0.11793891340494156,0.0,0.0,102.0,12.482385081239045,3,0.002326306130271405,0.012927090984301559,0.01201940541159241,0.01239085142284957,0.00960992494700652,0.15739960352060178,0.13847947437785435,0.09256457690791242,0.14875799861576333,0.17829729806244932,0.21264310538088715,0.12504708752708749,0.17669080881720878
R1,m-8db713a4c485,gru,shared_branch,96,1,0.1,gelu,2,complete,0.11846403935153504,0.0039737518977310815,0.9389014648239,0.9980111462815777,-0.06683078142327226,0.08524599461083227,0.351053552663811,0.10267739742994308,0.0,0.0,102.0,11.296474945265798,3,0.0023495072382502258,4.789195917176414e-05,-0.00467307205224432,0.003920862681982773,-0.0005559664451912916,0.08340056493898251,0.25291312042199,0.17002409227325266,0.16747756346782006,-0.0060326083219992555,-0.06683078142327226,0.08524599461083227,0.16985614193401077
R1,m-8db713a4c485,gru,shared_branch,96,1,0.1,gelu,3,complete,0.11922651060427525,-0.02512750275444997,0.9384953326446142,1.012485803729835,-0.07271683878100355,0.06336383818342861,0.36065676707489613,0.10888131707906723,0.0,0.0,102.0,11.64770999457687,3,0.0023146934108808637,-0.024488303814279355,-0.020382813689189927,-0.022948314101883582,-0.02502271218837193,0.15898279319000375,0.18285205078249878,0.12777760859090204,0.14230594293561538,0.0675573808678418,-0.07271683878100355,0.06336383818342861,0.21392050590381184
R1,m-8db713a4c485,gru,shared_branch,96,1,0.1,gelu,4,complete,0.09172103062412518,0.0070195814152250735,0.9530367093537766,0.9964840282637625,-0.09050847407148921,0.05174554883874205,0.38188207634656446,0.10537879914045334,0.0,0.0,102.0,11.009964975528417,3,0.0023622539592906833,0.005427219341677447,0.013409149492447425,0.009483356497805295,0.00882545750869479,0.1674815864031557,0.027786056566301176,0.04237765392223125,0.24430914284431526,0.024975541180574656,-0.09050847407148921,0.05174554883874205,0.15888062042358653
R1,m-8dcafff2218a,gru,direct,64,1,0.0,silu,0,complete,0.1780269820252719,-0.007927505370100674,0.9066272762137305,1.0039559280018722,-0.11272987298380044,0.15780383513231977,0.3039428281291936,0.15067438781261444,0.03553969785571098,0.058595944195985794,88.0,3.2596650184132154,3,0.0024892527726478875,-0.010177558909931106,-0.010399992674946734,-0.009476595829495782,-0.007922877317682042,0.20700612930126894,0.24285742169546787,0.11036961770659948,0.17446310822627964,0.2495056162142273,-0.11272987298380044,0.15780383513231977,0.20348060225939124
R1,m-8dcafff2218a,gru,direct,64,1,0.0,silu,1,complete,0.14830433238413654,0.00030399747291098844,0.9228735924360733,0.9998479897099803,0.09777529467253954,0.12984550480877388,0.27792395294781325,0.11723129451274872,0.04037334769964218,0.05587029457092285,88.0,7.68705504015088,3,0.0023294711718335748,0.003630048599987723,0.0020547866813830362,0.0022056698836880884,-0.002293129814829431,0.2096535595600194,0.1528712023668588,0.09777529467253954,0.14572725073053783,0.15450275905333,0.22110712508296948,0.12984550480877388,0.18751603381381343
R1,m-8dcafff2218a,gru,direct,64,1,0.0,silu,2,complete,0.09089785037317721,-0.030613204459092325,0.9534684838141336,1.0151912157121397,-0.1627967209214125,0.06393329642717982,0.27720058260322444,0.10546267032623291,0.03933094069361687,0.05725645273923874,88.0,8.052939979825167,3,0.00232273613801226,-0.02916360669925644,-0.02834219320843756,-0.028078504180832686,-0.02769267316540258,0.058974604793034624,0.21100365896262696,0.16445334388520394,0.16511681876332518,-0.043592769458906444,-0.1627967209214125,0.06393329642717982,0.13261508970199853
R1,m-8dcafff2218a,gru,direct,64,1,0.0,silu,3,complete,0.11183299776171796,-0.04272575402853018,0.9424261256131868,1.0211394390721231,-0.08135596954762492,0.06798815794458246,0.24583331547827592,0.14934088289737701,0.042025502771139145,0.054891686886548996,88.0,6.103795079980045,3,0.0023041924578137696,-0.04259641721272733,-0.04010511400000638,-0.04305622500700301,-0.0386554620607642,0.1646714491672221,0.17073174976241567,0.1518349821777608,0.12085085634095327,0.03254452857309831,-0.08135596954762492,0.06798815794458246,0.18615531131439722
R1,m-8dcafff2218a,gru,direct,64,1,0.0,silu,4,complete,0.09053589986321187,0.005444961706058793,0.9536582722006809,0.9972738030721258,-0.04054731311779913,0.05693232446317775,0.22758759042955923,0.1295565962791443,0.04453625530004501,0.06375864893198013,88.0,5.714284954592585,3,0.0023594882804900408,0.006100788056691786,0.0056633080916902445,0.004811116721575526,0.0053165469155289635,0.13649725168993831,0.01538375769979805,0.06583670898180749,0.17917366933881573,0.1019526795391561,-0.04054731311779913,0.05693232446317775,0.14699056254314402
R1,m-93db8d5ed69a,mlp,shared_branch,96,2,0.1,gelu,0,complete,0.16853655724986583,-0.013103529203448261,0.9118461727452357,1.0065304412701328,-0.21888856531529166,0.14779163640274107,0.4739051313711451,0.17383481562137604,0.0,0.0,88.0,7.490090117789803,3,0.002509147336240858,-0.013559515561727853,-0.012562233137912049,-0.014872092691809335,-0.014788778823326076,0.21762972461387475,0.25814425975193056,0.07137137458703124,0.16777799416647343,0.24400234741584226,-0.21888856531529166,0.14779163640274107,0.19464690198625334
R1,m-93db8d5ed69a,mlp,shared_branch,96,2,0.1,gelu,1,complete,0.13620066690018073,0.013581246085257348,0.9294080552156945,0.9931861627684625,0.08459045238154761,0.11949132101293236,0.4265827609630284,0.1618138700723648,0.0,0.0,88.0,8.476600155699996,3,0.0023287198855541646,0.013928515346939618,0.011043520008827912,0.010940995701578804,0.012808652472022564,0.16777127295379868,0.13038460437532928,0.08459045238154761,0.14968080230426883,0.18158463875159603,0.11552983499324909,0.11949132101293236,0.17169598096284044
R1,m-93db8d5ed69a,mlp,shared_branch,96,2,0.1,gelu,2,complete,0.11762564203836734,0.0031189777491702486,0.9393478365129888,0.9984392932225923,-0.08015388270802282,0.08506278948529256,0.30945360699630964,0.17188145220279694,0.0,0.0,88.0,6.689274986274539,3,0.0023355521261692047,-0.0021266315966650406,-0.006617928986409449,0.005856490616532373,-0.002486755393420026,0.09353060929326829,0.22975208886652676,0.16146906283951556,0.16753199464503143,0.011934551410540561,-0.08015388270802282,0.08506278948529256,0.1680040876045843
R1,m-93db8d5ed69a,mlp,shared_branch,96,2,0.1,gelu,3,complete,0.11196015652579883,-0.02505195590626519,0.9423586596801673,1.0124484954338493,-0.12007996279555688,0.053928557802493504,0.35059875856415035,0.17475122213363647,0.0,0.0,88.0,5.918879993259906,3,0.0023261221358552575,-0.027648844260297345,-0.026953326730617677,-0.021348194822988997,-0.0272218372028743,0.1464682807345976,0.17498155113951208,0.138743369367353,0.13470348640166308,0.06907212718682865,-0.12007996279555688,0.053928557802493504,0.210330744587364
R1,m-93db8d5ed69a,mlp,shared_branch,96,2,0.1,gelu,4,complete,0.0884952338143381,0.008211873892068788,0.9547275874225389,0.9958855989057835,-0.16687263726249135,0.05213360772003883,0.35679012166030555,0.16433197259902954,0.0,0.0,88.0,7.408025080803782,3,0.002366748609347269,0.007580942822978609,0.008214087985700558,0.01002902198735367,0.008154857682246996,0.16976072034650902,0.03283303291528983,0.028316620924561886,0.23512025740392228,0.05193258151956459,-0.16687263726249135,0.05213360772003883,0.14958347550320927
R1,m-9500813e9009,gru,direct,64,1,0.1,silu,0,complete,0.17928581008204614,-0.006848063296082785,0.9059327733987517,1.0034181896378411,-0.1161351516031246,0.15981252168990356,0.304867563692959,0.15093131363391876,0.036335721611976624,0.05816012620925903,88.0,13.27558004995808,3,0.002496221335604787,-0.0100374516868027,-0.009921830939926046,-0.005749485977771807,-0.005661518148166289,0.21178675668171842,0.2439147224138759,0.11214231802486296,0.17130502639599843,0.2533698682176416,-0.1161351516031246,0.15981252168990356,0.20379562994671951
R1,m-9500813e9009,gru,direct,64,1,0.1,silu,1,complete,0.14710852672862673,-0.0019299445472298338,0.9235212359612384,1.0009645071366067,0.09418927173371683,0.12864553687681068,0.27542973792566383,0.1181568056344986,0.03865540772676468,0.05370984598994255,88.0,12.21538500394672,3,0.002333331329282373,0.0033884146396618853,0.005847067945241369,0.0035480409170773886,-0.00190172296850033,0.20913975028107024,0.15228290700765834,0.09418927173371683,0.14554719051921983,0.1527237725388748,0.22631195297627638,0.12864553687681068,0.186329069995137
R1,m-9500813e9009,gru,direct,64,1,0.1,silu,2,complete,0.09089251643085716,-0.03288040218974975,0.9534712809356887,1.016307238087848,-0.15855602407659375,0.06398796077577806,0.2748772232933445,0.10724592208862305,0.038598768413066864,0.05681793764233589,88.0,8.899445063434541,3,0.0023259188747033477,-0.031012782804910266,-0.028270675451700145,-0.030180862149155274,-0.029359857005656576,0.05802700973062702,0.21088654224153103,0.1641381485832074,0.16501869315666373,-0.04335118310317787,-0.15855602407659375,0.06398796077577806,0.1325169315628988
R1,m-9500813e9009,gru,direct,64,1,0.1,silu,3,complete,0.1108635002588032,-0.03960075827659493,0.9429403479230258,1.0196081395696068,-0.08331130448491209,0.06648128881520932,0.24368022207934947,0.15125393867492676,0.04065191373229027,0.05174675211310387,88.0,12.324004911351947,3,0.002308012859430164,-0.03812845123164288,-0.03999808216626666,-0.041479264543626826,-0.03671165409475874,0.16245179285713807,0.16978002512814316,0.1501205022545098,0.11943535761106983,0.03496502021713632,-0.08331130448491209,0.06648128881520932,0.1860967237995793
R1,m-9500813e9009,gru,direct,64,1,0.1,silu,4,complete,0.08857000920981173,0.003656061802713828,0.9546884260271453,0.998170295188795,-0.04679314433262527,0.0554908322224531,0.22146384640805672,0.12898318469524384,0.04318445920944214,0.06327175348997116,88.0,11.100980022456495,3,0.0023623345186933875,0.004069130996934733,0.0032519570381475127,0.0026557471365780128,0.00244633750106682,0.13220466838713885,0.015753342301450313,0.06382784941061947,0.17708278278504064,0.10180154122624363,-0.04679314433262527,0.0554908322224531,0.14414367231916092
R1,m-9919a5db1b9a,transformer,shared_branch,64,1,0.0,silu,0,complete,0.17873356386070038,-0.01241137307158735,0.9062375164046672,1.006186549836355,-0.1783533707467193,0.15090041843918411,0.4774488512371253,0.12693604826927185,0.0,0.0,90.0,13.259385072160512,3,0.002488481404725462,-0.011983188078803941,-0.015447233832710738,-0.010639332214452235,-0.015069787727325812,0.2267450981605964,0.2562640586812224,0.08333791090217901,0.17505082760844637,0.26182890841674855,-0.1783533707467193,0.15090041843918411,0.2137654170747617
R1,m-9919a5db1b9a,transformer,shared_branch,64,1,0.0,silu,1,complete,0.13683101715351165,0.010826685044758477,0.9290688794952118,0.9945719254811296,0.08420230236505544,0.11980479602702354,0.40260897071077917,0.12724490463733673,0.0,0.0,90.0,11.441044998355206,3,0.0023240731679834425,0.009808316570090847,0.010855309739325247,0.010006520903064198,0.01167896860841433,0.18667894537622842,0.1392533131355943,0.08420230236505544,0.14647077064251457,0.16639598029692948,0.11143608960550455,0.11980479602702354,0.1729994626607766
R1,m-9919a5db1b9a,transformer,shared_branch,64,1,0.0,silu,2,complete,0.10494367902865476,0.004030884530678458,0.9460741625112407,0.9979825226271858,-0.14466593531407246,0.0748955119732776,0.3284453805507688,0.12139492481946945,0.0,0.0,90.0,12.159224948845804,3,0.002340282138902694,0.0019345495690485937,9.904926792136948e-05,0.001552736901413887,0.0013881302647558158,0.07178594609498079,0.23516448868675888,0.16153878004799282,0.1688747128066389,-0.014350099733653865,-0.14466593531407246,0.0748955119732776,0.15143161941706418
R1,m-9919a5db1b9a,transformer,shared_branch,64,1,0.0,silu,3,complete,0.12422441273725349,-0.028443810519809265,0.9358288236973399,1.0141221871746073,-0.07001497691526071,0.06769645055843532,0.33348801367864334,0.134520024061203,0.0,0.0,90.0,14.46453507523983,3,0.0023083908017724752,-0.022959909390307676,-0.021865086800557654,-0.022976642040917206,-0.02243866352777002,0.1598261860929776,0.19288625737536136,0.15046950879836773,0.13749686023951158,0.06757515825472005,-0.07001497691526071,0.06769645055843532,0.22004615475000844
R1,m-9919a5db1b9a,transformer,shared_branch,64,1,0.0,silu,4,complete,0.09001726200968296,0.011066015423123021,0.953930153622537,0.9944515999166963,-0.111789384612204,0.05257009050413264,0.36946976932633047,0.15865205228328705,0.0,0.0,90.0,13.589530077297239,3,0.00236045551719144,0.007426224778815382,0.009710816581180226,0.010338901193961636,0.012124734769391132,0.1604383681240117,0.020619842020416668,0.04332764113409571,0.23201216025138938,0.05357514592535195,-0.111789384612204,0.05257009050413264,0.15292924118143691
R1,m-9a27c224c2fa,gru,antisymmetric,32,2,0.0,silu,0,complete,0.11140453663779104,-0.0009994705041374008,0.9426534163531202,1.0004996104467694,-0.005172003623566734,0.10144132983282284,0.18165544285201962,0.21287861466407776,0.0,0.0,88.0,14.281469990964979,3,0.002585571783129126,0.0014375309233446432,-0.002181641211868035,-0.0017665197706968616,-0.0026097405316123368,0.11404241512729651,0.1347894545052044,0.07972154833412015,0.1179610303049633,0.15188124941674264,-0.005172003623566734,0.10144132983282284,0.12394460686870223
R1,m-9a27c224c2fa,gru,antisymmetric,32,2,0.0,silu,1,complete,0.08108548036035557,0.005810817476388674,0.9586002919046314,0.9970903582542614,0.05283483022070301,0.06790285038195898,0.12905152918721785,0.20459705591201782,0.0,0.0,88.0,11.799040029291062,3,0.00243669148767367,0.006027879313342255,0.006062807275658111,0.006613254958480308,0.006492690177083649,0.10009789384501333,0.07538429656447998,0.05283483022070301,0.07854313710690886,0.10599433538097036,0.1271150175612522,0.06790285038195898,0.10908906556425679
R1,m-9a27c224c2fa,gru,antisymmetric,32,2,0.0,silu,2,complete,0.0937991531523723,-0.006485138023497594,0.9519458213825133,1.0032373288626664,0.023806475601663935,0.07565976985480993,0.1796520369806054,0.237223818898201,0.0,0.0,88.0,11.595310072880238,3,0.0023871492012403905,-0.005531021075522391,-0.005815566533478478,-0.005824426026617813,-0.0061165599386352465,0.04002458766075512,0.16822646198836666,0.14886936928331274,0.13106156911971512,0.028082789805363273,0.023806475601663935,0.07565976985480993,0.12186284728271612
R1,m-9a27c224c2fa,gru,antisymmetric,32,2,0.0,silu,3,complete,0.07708445082519932,-0.02355042767616977,0.9606849375184358,1.011706690536427,-0.01984506007061393,0.049546240169111244,0.1439045762398352,0.24070116877555847,0.0,0.0,88.0,13.697450095787643,3,0.0024017414543777704,-0.02509036167886136,-0.020688054256252197,-0.022521717914471884,-0.02293000640928744,0.0918904166695994,0.11836634658924294,0.07933652102571465,0.0820563478875398,0.059244982618746334,-0.01984506007061393,0.049546240169111244,0.12376505304880736
R1,m-9a27c224c2fa,gru,antisymmetric,32,2,0.0,silu,4,complete,0.07643738398601951,0.007432130853127439,0.9610216522087213,0.9962770042246646,0.050277105814159895,0.04833175723073846,0.1282229631676992,0.22780640423297882,0.0,0.0,88.0,11.810715030878777,3,0.002460299525409937,0.008391893744371104,0.008950291206150207,0.00887376630024761,0.008157194897913111,0.0815929071122442,0.050277105814159895,0.05156744288865467,0.13446486400123348,0.07265986413955727,0.05380504070746717,0.04833175723073846,0.12365538561199685
R1,m-9e198fb46448,transformer,antisymmetric,96,2,0.1,silu,0,complete,0.17058939578060384,-0.013848966501933235,0.910719827509754,1.0069006736028798,-0.2139959871767636,0.1439463037030333,0.5022247042082779,0.07928356528282166,0.0,0.0,100.0,13.963465008419007,3,0.0024961133021861315,-0.013323443371236143,-0.014905835606856765,-0.012746767099482526,-0.01870090271571745,0.2147047293009926,0.2600123518921996,0.06428182380659131,0.17744002518452773,0.25171934165339593,-0.2139959871767636,0.1439463037030333,0.2041234026883767
R1,m-9e198fb46448,transformer,antisymmetric,96,2,0.1,silu,1,complete,0.138383409144486,0.012407161674251155,0.9282330477070475,0.9937770566509115,0.08663805812672776,0.1197543717902283,0.3963590649225983,0.07362610101699829,0.0,0.0,100.0,9.106080047786236,3,0.002322199346963316,0.011003603595132971,0.01240685351050097,0.01351695449475343,0.013505795818689714,0.1798050062438088,0.13597318696754723,0.08663805812672776,0.1532391280774843,0.16702683952985997,0.13100674244505428,0.1197543717902283,0.17795668364824868
R1,m-9e198fb46448,transformer,antisymmetric,96,2,0.1,silu,2,complete,0.10520382822641883,0.0009133526482483223,0.9459366637220388,0.9995432193515954,-0.10491961190338839,0.07679491247123071,0.3087853774656528,0.08307009935379028,0.0,0.0,100.0,9.826710121706128,3,0.0023420325596816838,0.0010626224962407838,-0.0005507988680959475,-0.00036012922398453995,0.0004282835054925105,0.06202167945466297,0.22944118819555626,0.16569608439351036,0.16301083874482947,-0.004574457277229715,-0.10491961190338839,0.07679491247123071,0.1491556599535454
R1,m-9e198fb46448,transformer,antisymmetric,96,2,0.1,silu,3,complete,0.11208048497474954,-0.024534489468492016,0.9422948132220884,1.012192911192571,-0.08069799646693343,0.062152007801667186,0.2951445947966431,0.0763019546866417,0.0,0.0,100.0,13.362634961958975,3,0.0023224283359013498,-0.022556724262120742,-0.022265003928538807,-0.01921076541437139,-0.023173676265778376,0.14068788442005264,0.17348466360110304,0.13476650140381574,0.13038630408687313,0.06822296087600244,-0.08069799646693343,0.062152007801667186,0.1967153006370328
R1,m-9e198fb46448,transformer,antisymmetric,96,2,0.1,silu,4,complete,0.0987028935882518,0.010582454629227911,0.9493666870138999,0.994694699579108,-0.04477251313456465,0.05770150099771043,0.3508580144837601,0.0987231433391571,0.0,0.0,100.0,16.71592505881562,3,0.002366917993640527,0.011207609789639195,0.012001624127741972,0.009484319284950526,0.01148667873565401,0.15788609913723817,0.03844905699600221,0.049803902976563896,0.22973248166912807,0.05827227301737625,-0.04477251313456465,0.05770150099771043,0.1675860335681758
R1,m-9f995fb985ec,mlp,direct,96,1,0.0,silu,0,complete,0.17583830376855147,-0.01921629782262002,0.9078335179048241,1.0095624288881893,-0.262942605953824,0.1501320573870938,0.38657800864137104,0.17163938283920288,0.047284048050642014,0.07684783637523651,88.0,5.163479945622384,3,0.002461214200593531,-0.022672441663710075,-0.01373436212277368,-0.011708519499183279,-0.01967192183425248,0.22756363576913174,0.2624950087511181,0.07461998516810064,0.18294976914688366,0.2699242867252257,-0.262942605953824,0.1501320573870938,0.20819316112590802
R1,m-9f995fb985ec,mlp,direct,96,1,0.0,silu,1,complete,0.15230009189144889,0.008326870234675265,0.9207062007549157,0.9958278615128846,0.10002534210049119,0.12932050662526262,0.3363491761872299,0.17154119908809662,0.055027734488248825,0.07841182500123978,88.0,8.31047502579167,3,0.0022939523914828897,-0.0012335802708300925,-0.00010936095123570411,0.002789082334454962,-0.0007040536790396956,0.2209550878428066,0.15623871256972854,0.10002534210049119,0.15771599920695223,0.17345748654912918,0.11314376338331411,0.12932050662526262,0.20111514435112732
R1,m-9f995fb985ec,mlp,direct,96,1,0.0,silu,2,complete,0.08215697963096014,-0.02104047440714152,0.9580412414760859,1.0104654741291963,-0.2796333480537416,0.04884918445147146,0.31469100992394194,0.1622888147830963,0.06189069151878357,0.07219052314758301,88.0,7.470220036339015,3,0.002311143383849412,-0.024760790265172306,-0.02194396754311234,-0.02149752959725193,-0.021031229826609543,0.0671973424532909,0.2262794140418274,0.1535637430722585,0.16315181176972215,-0.06782051572261949,-0.2796333480537416,0.04884918445147146,0.13368793637516974
R1,m-9f995fb985ec,mlp,direct,96,1,0.0,silu,3,complete,0.11732654834848777,-0.037035565905866985,0.9395070258659657,1.0183494321233095,-0.08969359158370249,0.0657896330598754,0.2997875010626072,0.17236284911632538,0.05750676989555359,0.09224873781204224,88.0,6.418199907056987,3,0.002282453584484756,-0.04193584464709077,-0.037754005786568845,-0.03073984041705602,-0.041408906583700666,0.19397978188398057,0.18179115614200947,0.16942499650473153,0.11093565324951615,0.014982413001524697,-0.08969359158370249,0.0657896330598754,0.20468786141505158
R1,m-9f995fb985ec,mlp,direct,96,1,0.0,silu,4,complete,0.09851567880134382,0.008485266036799777,0.9494652817236954,0.9957483286268675,-0.08826067929914272,0.06853873020578216,0.2736013234185617,0.1561231017112732,0.056912861764431,0.09012605994939804,88.0,9.924434998538343,3,0.0023262582544703037,0.004818242612171231,0.005870886499107386,0.008137875155302399,0.006884937043745043,0.16114441804875146,0.03871362669850098,0.05483169720829806,0.21859851270044683,0.07628788444537449,-0.08826067929914272,0.06853873020578216,0.14887753765087508
R1,m-9fedb989ce8d,mlp,direct,32,2,0.1,silu,0,complete,0.13730182116584133,-0.002155211876975871,0.9288154708197741,1.0010770259460438,-0.025133977619205217,0.13076883504519976,0.18472564181932194,0.23837944865226746,0.020922446623444557,0.032390296459198,86.0,12.651534972246736,3,0.0025569662102498114,0.0014958414396125663,-0.00024733579669034,0.0018995817438327567,0.0011133845585888924,0.14662839367503533,0.18056486267735128,0.08573134571184227,0.13239475918418864,0.1955927542986522,-0.025133977619205217,0.13076883504519976,0.14552448545195895
R1,m-9fedb989ce8d,mlp,direct,32,2,0.1,silu,1,complete,0.12008275750383335,0.002751244332275915,0.9380390410298319,0.9986234303618777,0.07471956116080747,0.10602113410146785,0.16118377585112986,0.2369338423013687,0.015794644132256508,0.032626956701278687,86.0,10.484239994548254,3,0.002389225468505174,2.2133047548944518e-05,0.00170600496650819,0.004042230094863375,0.0022790062815826184,0.16144463743293935,0.11527344999303835,0.07471956116080747,0.12840881243828828,0.11749775857479694,0.24241149211431445,0.10602113410146785,0.14995357005782495
R1,m-9fedb989ce8d,mlp,direct,32,2,0.1,silu,2,complete,0.0914404691911559,-0.025943248758902193,0.9531838913918155,1.0128885668023417,0.015824596782205158,0.07877510151827771,0.1563124129711877,0.27468258142471313,0.023910481482744217,0.031008310616016388,86.0,7.654859998729078,3,0.0023797337780706584,-0.024470224399473217,-0.024786393449477417,-0.027402369356635647,-0.026475105382600228,0.05273864019768337,0.14869546862710548,0.14129430299237844,0.136644734585467,0.015824596782205158,0.02817316597486097,0.07877510151827771,0.11103523702804075
R1,m-9fedb989ce8d,mlp,direct,32,2,0.1,silu,3,complete,0.08699404344773198,-0.03152970614603379,0.9555134517903283,1.015642509028661,-0.030842058091766544,0.056963499157399955,0.167693243480324,0.27948683500289917,0.02005757950246334,0.028289128094911575,86.0,9.103880007751284,3,0.0023601000430062413,-0.031482744132385054,-0.031032759030401813,-0.029708871229766842,-0.029801155317222605,0.1267643278761389,0.12858077329179662,0.10270668364151092,0.0827622738422642,0.0442957625121696,-0.030842058091766544,0.056963499157399955,0.13789945302871032
R1,m-9fedb989ce8d,mlp,direct,32,2,0.1,silu,4,complete,0.08586750163534562,-0.0008062686316558931,0.9561027655878076,1.0004030530899313,0.03791363424987959,0.05629610279120634,0.1575780265885467,0.31777259707450867,0.023651743307709694,0.030087854713201523,86.0,8.900945051573217,3,0.0024049297207966447,-0.00033224867429337834,-0.0003607921713320028,-0.0006968452938092007,-0.00042912188980359645,0.10824523708832623,0.03791363424987959,0.05756300396133873,0.14645777090702583,0.09649715934684899,0.04302849458226177,0.05629610279120634,0.13554802898535867
R1,m-a5d37705e408,mlp,direct,64,1,0.0,silu,0,complete,0.17927279602264046,-0.013774407692829893,0.9059399560552341,1.0068636490075655,-0.12768339134646634,0.15974642510193393,0.3381729984739117,0.205619677901268,0.039778660982847214,0.05930902808904648,88.0,9.154274920001626,3,0.002479535178281367,-0.014518310419502356,-0.012037520557125703,-0.017918092076297132,-0.02182272978589639,0.20866221598161916,0.2582463989866669,0.10802777473143699,0.17574383909521563,0.2400293241722895,-0.12768339134646634,0.15974642510193393,0.2038494275724727
R1,m-a5d37705e408,mlp,direct,64,1,0.0,silu,1,complete,0.151757623875301,0.003655717414984161,0.9210007470815097,0.9981704676982865,0.10053002381015053,0.1335753859451453,0.3439108662376571,0.19452378153800964,0.03531651571393013,0.043670374900102615,88.0,7.699405006133019,3,0.0023133266367949545,0.0029423159497811158,0.001769620850026632,0.002239194889889662,0.0025934914764700334,0.21593947241358002,0.15241485848367908,0.10053002381015053,0.1594763692633444,0.16908393331897342,0.137324556632893,0.1335753859451453,0.19038177170537274
R1,m-a5d37705e408,mlp,direct,64,1,0.0,silu,2,complete,0.08955460959028805,-0.02767256651545713,0.9541726208656964,1.0137418638467373,-0.17132806778682053,0.061194358071187005,0.2826385729983394,0.18364953994750977,0.03889825940132141,0.04810609668493271,88.0,7.448445085901766,3,0.0023133866488933563,-0.025865705372089653,-0.02266329908705167,-0.024596321956124045,-0.025903193933613622,0.06247881919423359,0.20473091282506806,0.1599956535642303,0.16399315998693986,-0.04142053355408559,-0.17132806778682053,0.061194358071187005,0.133431152195716
R1,m-a5d37705e408,mlp,direct,64,1,0.0,silu,3,complete,0.10584306759789808,-0.0461183826489846,0.9455987163707986,1.022799287567695,-0.08857863262993981,0.05881969031953593,0.2650522642513098,0.21495603024959564,0.035296350717544556,0.057289764285087585,88.0,6.94150502094999,3,0.002309107454493642,-0.04091251416313746,-0.03916014739142781,-0.04294571909204681,-0.042785985520565006,0.1798104388814752,0.16929032117477238,0.1329383126390652,0.1029631489589995,0.02344418807626847,-0.08857863262993981,0.05881969031953593,0.18555338710104963
R1,m-a5d37705e408,mlp,direct,64,1,0.0,silu,4,complete,0.09265068789451303,0.0011558177635843103,0.952548850246268,0.9994219240322957,-0.04853968903834671,0.058017995963908775,0.2617120047399182,0.20815658569335938,0.04904096573591232,0.056861307471990585,88.0,9.463545016478744,3,0.0023395957541652024,0.00041179151375325684,0.0018039548823258755,-0.0042280173413316025,0.0018272765914929545,0.13750845401402056,0.022897749791281896,0.06769626569359033,0.20040829916888203,0.08037762568199369,-0.04853968903834671,0.058017995963908775,0.15083428643618102
R1,m-a60e3408fec5,mlp,shared_branch,64,1,0.0,silu,0,complete,0.16206594379778338,-0.019052990991184737,0.9153873804036281,1.0094815456417143,-0.14437913711410078,0.14162952100923887,0.40127646267285133,0.21255537867546082,0.0,0.0,68.0,8.767144999001173,3,0.0025149339926429093,-0.012126116495501105,-0.015019932317560158,-0.012522366260905304,-0.01261195903928014,0.18714745020164059,0.2370898265183511,0.08124798481414852,0.16762889604079523,0.23270433592838546,-0.14437913711410078,0.14162952100923887,0.1877880011688251
R1,m-a60e3408fec5,mlp,shared_branch,64,1,0.0,silu,1,complete,0.1417436858635469,0.01507116344886783,0.9264212401151287,0.9924358097887905,0.08773533852497861,0.12159723898646158,0.39628675715257966,0.19328320026397705,0.0,0.0,68.0,9.219324961304661,3,0.0023224775795824826,0.012470308393748852,0.014621395779441992,0.013590034683975238,0.011921539519842872,0.17898595376305215,0.13609856205332693,0.08773533852497861,0.15164523449331313,0.1754767771153538,0.18114651878428534,0.12159723898646158,0.18454036168642007
R1,m-a60e3408fec5,mlp,shared_branch,64,1,0.0,silu,2,complete,0.10097891753624755,0.005293651466529936,0.9481672228376978,0.9973496621212994,-0.14045354269305155,0.06800540271713895,0.343266906121658,0.20079995691776276,0.0,0.0,68.0,10.418115009088067,3,0.0023416828480549157,0.0039005637854802044,0.000527252431273495,0.0036337373681295526,0.0019973769616453696,0.06555093656794153,0.24110547139926652,0.15690335859231652,0.15652269657317064,-0.01901160016204595,-0.14045354269305155,0.06800540271713895,0.1519927044498408
R1,m-a60e3408fec5,mlp,shared_branch,64,1,0.0,silu,3,complete,0.11480096813456775,-0.02672155676243948,0.9408501644074004,1.013272696149679,-0.06684389559505854,0.06641957991608094,0.3288128476120622,0.21613043546676636,0.0,0.0,68.0,8.448675065301359,3,0.002323524095118046,-0.021733887107495686,-0.02541480925206341,-0.025092975161490116,-0.02349913836377504,0.14678353362060614,0.18789067007247418,0.1266441294169628,0.12425217532107147,0.071876895424137,-0.06684389559505854,0.06641957991608094,0.1968132806503714
R1,m-a60e3408fec5,mlp,shared_branch,64,1,0.0,silu,4,complete,0.10172867130045815,0.01234420284245008,0.9477717703643329,0.9938087326832815,-0.06434524748373582,0.06494170746345174,0.328784435971458,0.22656750679016113,0.0,0.0,68.0,9.284290007781236,3,0.0023619908606633544,0.011193239094446916,0.012536653648489327,0.012936347205749654,0.011408827411860223,0.16600690451229128,0.04196266782851166,0.051155988991718804,0.22842791565485454,0.06989366552208542,-0.06434524748373582,0.06494170746345174,0.16353148870050604
R1,m-a648633c7c48,transformer,shared_branch,64,1,0.1,gelu,0,complete,0.17477632836843693,-0.012307866948849,0.9084182250657254,1.0061351136645857,-0.1579775474381937,0.15189262039515428,0.4559947190430871,0.1374485194683075,0.0,0.0,92.0,11.403520079329608,3,0.002503384370356798,-0.008747263859652854,-0.012868189916116712,-0.006744548359647551,-0.01543224911751162,0.2254563929798692,0.24563330755649404,0.08197165747838242,0.17360748305675644,0.2458461105081695,-0.1579775474381937,0.15189262039515428,0.20357863175789737
R1,m-a648633c7c48,transformer,shared_branch,64,1,0.1,gelu,1,complete,0.1372062710716091,0.010536806848138847,0.9288669059280726,0.9947176449384324,0.07770207456940514,0.12146769849004513,0.38968334580404784,0.1297118067741394,0.0,0.0,92.0,8.061529963742942,3,0.0023438757052645087,0.009037134749231401,0.010797230004288894,0.010263382922833464,0.011724746317474,0.19010590193149535,0.13812566864540676,0.08461379081801512,0.14823373929807748,0.17259121153188617,0.07770207456940514,0.12146769849004513,0.17063939170064024
R1,m-a648633c7c48,transformer,shared_branch,64,1,0.1,gelu,2,complete,0.10744931322349216,0.00457709349616664,0.944749007290565,0.9977088285185378,-0.15615150261928235,0.077370386830102,0.3351616114530038,0.12739209830760956,0.0,0.0,92.0,6.6798850311897695,3,0.002339143422432244,0.00020009711443269573,-0.0025160173237990247,-0.0006073930135015448,-0.0007174835227687915,0.0808477553352317,0.2381138437173249,0.16723239239881982,0.17002586816133491,-0.0177209296373535,-0.15615150261928235,0.077370386830102,0.15398484181484595
R1,m-a648633c7c48,transformer,shared_branch,64,1,0.1,gelu,3,complete,0.12114574957668145,-0.026255071887206327,0.9374722664822244,1.013042482765262,-0.07769205476405583,0.06640196064019521,0.3254081066679215,0.1336154043674469,0.0,0.0,92.0,8.905005024280397,3,0.00231937417993322,-0.024716676131701254,-0.021026167706996945,-0.02383648311034592,-0.023014810457774093,0.15566948745532938,0.18893262707664493,0.14906920888758746,0.13353443944429033,0.06831776674187606,-0.07769205476405583,0.06640196064019521,0.21394310186188925
R1,m-a648633c7c48,transformer,shared_branch,64,1,0.1,gelu,4,complete,0.08269420269743788,0.012937912977373123,0.9577608246856634,0.993509983353276,-0.11400091811490376,0.04441740666270888,0.35681725717308344,0.1631263792514801,0.0,0.0,92.0,11.415704875253137,3,0.0023720690223854035,0.010165843151231813,0.014055493898505245,0.01154224801297321,0.015046692248212867,0.1511089838750037,0.021033819459632563,0.03048132242176027,0.21864598239930277,0.050722944300436223,-0.11400091811490376,0.04441740666270888,0.14699996727411424
R1,m-a7214bb17966,tcn,antisymmetric,96,1,0.0,silu,0,complete,0.1665222105550901,-0.011833225775247813,0.9129500476175626,1.005899212533367,-0.14245407518547037,0.14527765045119323,0.4331298856828112,0.14019520580768585,0.0,0.0,90.0,8.532214921433477,3,0.002504475531168282,-0.00764141083479819,-0.015364155856380846,-0.007508211158472333,-0.010337599666827346,0.1918196498071817,0.23405551419553394,0.07096302137290333,0.18350664297359076,0.24889431747928914,-0.14245407518547037,0.14527765045119323,0.19326142022349113
R1,m-a7214bb17966,tcn,antisymmetric,96,1,0.0,silu,1,complete,0.14164539963913758,0.013092448692098912,0.9264742847812143,0.993432207706143,0.09384986245146365,0.1239932053947419,0.41757585629184435,0.10647272318601608,0.0,0.0,90.0,8.138215041253716,3,0.002322013140656054,0.010963237594106556,0.012558836518833716,0.014526761614369055,0.012613849705013003,0.18107093580396083,0.1356988129065757,0.09384986245146365,0.15568448670912416,0.16827427395257,0.1441771459665495,0.1239932053947419,0.17914358675118125
R1,m-a7214bb17966,tcn,antisymmetric,96,1,0.0,silu,2,complete,0.10406856468386849,0.0015234521611915408,0.9465365472691118,0.9992379835848957,-0.11311142568965127,0.07738813519959753,0.32909671756774617,0.1034003272652626,0.0,0.0,90.0,7.641599921043962,3,0.0023349710972979665,1.4223963906045967e-05,0.0008100134291540995,0.002237011844176351,-0.00012144925047063992,0.06724531158994895,0.2289121283379727,0.1626410931487361,0.16197017771863298,-0.011321262315305836,-0.11311142568965127,0.07738813519959753,0.14534623107583544
R1,m-a7214bb17966,tcn,antisymmetric,96,1,0.0,silu,3,complete,0.11562024508353319,-0.027141449289929565,0.9404146717892415,1.0134798711814308,-0.09203347576643806,0.06046387246970608,0.3406147518116829,0.12180596590042114,0.0,0.0,90.0,11.490504967514424,3,0.002316572063136846,-0.024426118986328182,-0.026451735926784847,-0.025804868113807,-0.026947555592132355,0.15534046680945068,0.1810484449885046,0.13901913802687083,0.13526361557174593,0.058800193201851036,-0.09203347576643806,0.06046387246970608,0.20911697666997553
R1,m-a7214bb17966,tcn,antisymmetric,96,1,0.0,silu,4,complete,0.10252848146263072,0.010975389176700379,0.9473497340145134,0.9944971648141083,-0.02915885202325752,0.06591290208715495,0.35206436856099255,0.1297178417444229,0.0,0.0,90.0,12.775170011445876,3,0.0023572822101414204,0.010720696314250211,0.012569175239519725,0.011399165896100683,0.011604003558231768,0.16881837625031093,0.03506484078607275,0.06214231866329911,0.22555400605224085,0.05708867530210182,-0.02915885202325752,0.06591290208715495,0.16404336962154542
R1,m-aba04b6fcb8d,transformer,antisymmetric,64,1,0.1,silu,0,complete,0.1605737127644531,-0.008868825953975756,0.9162020995585783,1.0044246243267714,-0.10457946901360948,0.14511256776249548,0.3600147281689037,0.13409468531608582,0.0,0.0,92.0,11.053545109461991,3,0.002523157454561442,-0.00503276258331975,-0.008382554220888627,-0.006050826320222358,-0.010249194519666105,0.1856809536525147,0.2170868531080007,0.09049036926121234,0.16569259890072463,0.22888916461617637,-0.10457946901360948,0.14511256776249548,0.18003369668029157
R1,m-aba04b6fcb8d,transformer,antisymmetric,64,1,0.1,silu,1,complete,0.13413822097896633,0.008737102647810135,0.930516941823755,0.9956218646414863,0.07913502870672384,0.11502811874681096,0.3331771722216792,0.12263607233762741,0.0,0.0,92.0,9.294244914781302,3,0.0023495242348872125,0.008553639648342326,0.008217383265385791,0.009558669206010895,0.008690234013491227,0.16893797699845836,0.13422511184820352,0.07913502870672384,0.14206961468205348,0.1687691890230203,0.17046107896550777,0.11502811874681096,0.17473341154340027
R1,m-aba04b6fcb8d,transformer,antisymmetric,64,1,0.1,silu,2,complete,0.09996068441932948,-0.005395894744621543,0.9487040189546319,1.0026943176983807,-0.06196469725615428,0.0768369769998668,0.2702809569593898,0.12419753521680832,0.0,0.0,92.0,6.862135033588855,3,0.002351451897993684,-0.00518041414542858,-0.005109085134335389,-0.004749257775706228,-0.005569507965700327,0.049770969694791,0.20839505734302,0.1654946188530042,0.1539646218138918,-0.0008071189537348644,-0.06196469725615428,0.0768369769998668,0.13573569625595439
R1,m-aba04b6fcb8d,transformer,antisymmetric,64,1,0.1,silu,3,complete,0.10697476843732157,-0.030904719084381638,0.9450001225199278,1.01533478177613,-0.0830504936906562,0.05758551375780041,0.28220313801151153,0.12127073109149933,0.0,0.0,92.0,8.657420030795038,3,0.0023356206365861,-0.03072106593453383,-0.028896094582822274,-0.03220505967108034,-0.03087774713704028,0.13367412050778227,0.17101545070022772,0.12774457921841553,0.12404694687902051,0.06516514415745733,-0.0830504936906562,0.05758551375780041,0.1906955366676094
R1,m-aba04b6fcb8d,transformer,antisymmetric,64,1,0.1,silu,4,complete,0.09538372217366686,0.011203303913117746,0.9511131782423861,0.9943825702851405,-0.009500908136948372,0.056175197177805836,0.2554281554902871,0.15203317999839783,0.0,0.0,92.0,12.28656488237902,3,0.002399119781330228,0.009460598562401112,0.01122465471320333,0.010927442743115523,0.010225140872937133,0.12305035656500363,0.05191672224913002,0.06018421397450513,0.19241193036723148,0.08263182271927338,-0.009500908136948372,0.056175197177805836,0.161254809594227
R1,m-ada97bb3738a,gru,antisymmetric,32,2,0.0,gelu,0,complete,0.10726909019551767,0.00010150901037997428,0.9448443839090552,0.9999492442067347,0.0011546075677091316,0.09800175160815594,0.1705545857318349,0.22475449740886688,0.0,0.0,88.0,13.397124991752206,3,0.0025904994108714163,0.0030322174458957685,-0.002257357472251975,-0.000966021686471974,-0.0020180759282431016,0.10984779530489197,0.12796920553795887,0.0782935983219264,0.11226210386086177,0.1462211220624523,0.0011546075677091316,0.09800175160815594,0.11893331427658371
R1,m-ada97bb3738a,gru,antisymmetric,32,2,0.0,gelu,1,complete,0.08327147102063681,0.006155148544872313,0.9574594137504541,0.9969176753649861,0.05453562429944747,0.0692033677718189,0.13258563752029207,0.20809125900268555,0.0,0.0,88.0,11.57726990059018,3,0.002435166563373059,0.006000759112361309,0.00571814110520541,0.007425487388430407,0.006812786384500447,0.10253483998778412,0.07743172987426072,0.05453562429944747,0.08110288336987082,0.10756825228428935,0.13237730344566812,0.0692033677718189,0.11315604857694861
R1,m-ada97bb3738a,gru,antisymmetric,32,2,0.0,gelu,2,complete,0.09377603192333606,-0.007651138769268151,0.9519579654988259,1.0038182797544923,0.027275117428492424,0.07588109170703372,0.17848359606092612,0.2342088222503662,0.0,0.0,88.0,9.274395008105783,3,0.002387986925896257,-0.005914658019288366,-0.006134947637657762,-0.00656414697558283,-0.007029201491426829,0.041394321915561805,0.1667494236673197,0.14847550116272823,0.1299382298018643,0.027859636743657323,0.027275117428492424,0.07588109170703372,0.12146154473669568
R1,m-ada97bb3738a,gru,antisymmetric,32,2,0.0,gelu,3,complete,0.07509935750723606,-0.022103512469243913,0.9617175481880135,1.010991351332564,-0.012472956277706171,0.049240666358506324,0.13557392014487513,0.24747374653816223,0.0,0.0,88.0,11.288000037893651,3,0.0024046447360888124,-0.02413996487381609,-0.02011216563271212,-0.02160319129119226,-0.02220050704647547,0.0883026802231257,0.11388770869352038,0.0763422833980586,0.0806735118904427,0.05732281035702669,-0.012472956277706171,0.049240666358506324,0.118932970758725
R1,m-ada97bb3738a,gru,antisymmetric,32,2,0.0,gelu,4,complete,0.07451253736015495,0.0062536595746559565,0.9620225894644289,0.9968682663347972,0.04928376098156917,0.0466454396724727,0.12063758900414223,0.23466168344020844,0.0,0.0,88.0,12.790559942368416,3,0.0024652773863635957,0.007901605800090028,0.008666229329549968,0.008733457380014298,0.007448316878586159,0.07891115296961759,0.04928376098156917,0.05071121587467042,0.1311230115479839,0.0691540675782828,0.05653594347354507,0.0466454396724727,0.12132980549600969
R1,m-b09a55d54ebd,mlp,direct,32,2,0.1,gelu,0,complete,0.1333172432851777,-0.0025855989369265586,0.9309579779532599,1.0012919648818353,-0.017443165967900187,0.12772770701127834,0.16388143261028265,0.24933569133281708,0.022079337388277054,0.03675062954425812,86.0,8.829824987333266,3,0.0025671545881778,-3.088863771871786e-06,0.0013859219228127273,0.0011762742496609357,-4.672843208575195e-05,0.14074986083587915,0.17608275125052741,0.08480141641928896,0.12565944632050696,0.19033791361769636,-0.017443165967900187,0.12772770701127834,0.14035244578624118
R1,m-b09a55d54ebd,mlp,direct,32,2,0.1,gelu,1,complete,0.11980353716080427,0.002403060774807564,0.9381878611659797,0.9987977469063457,0.07498829637827964,0.10567899178722295,0.16048695861918127,0.24850063025951385,0.015887124463915825,0.0314263291656971,86.0,9.337504988070576,3,0.002390095789451152,-0.0011043080536508043,0.0018929540241509057,0.0040423366131498994,0.0018565324604095101,0.160968901366625,0.11455581281663807,0.07498829637827964,0.12874628521449716,0.1164554298228675,0.24105208575471848,0.10567899178722295,0.14980801354250173
R1,m-b09a55d54ebd,mlp,direct,32,2,0.1,gelu,2,complete,0.09070417014058207,-0.028086905734507672,0.9535700445480751,1.0139462045564882,0.015453228618474202,0.07812112907867141,0.1547268962511703,0.272622287273407,0.023770689964294434,0.030755948275327682,86.0,6.763160123955458,3,0.002381094906013459,-0.0267169726792984,-0.027007559774689494,-0.02953263716753929,-0.02858366826959413,0.0521734511942904,0.14631476262286225,0.13881288603208963,0.13613339645591394,0.015453228618474202,0.033868909297480876,0.07812112907867141,0.11017156932379857
R1,m-b09a55d54ebd,mlp,direct,32,2,0.1,gelu,3,complete,0.08771271911733691,-0.030926438033137993,0.9551373099626373,1.0153454771816033,-0.027434606004377304,0.05831493389313702,0.17196073296177272,0.2672230303287506,0.018208352848887444,0.030268559232354164,86.0,9.547380090225484,3,0.002360178856179118,-0.030503449766783097,-0.029514188096276817,-0.028985939814209827,-0.02906162759250641,0.1306691669941611,0.12765419272227918,0.10524189887501689,0.08186155587870958,0.04118382133307208,-0.027434606004377304,0.05831493389313702,0.13754552544756726
R1,m-b09a55d54ebd,mlp,direct,32,2,0.1,gelu,4,complete,0.08551963759121828,-0.0014599100748082794,0.9562846659906148,1.0007296888145212,0.03794035717080535,0.05667578386527916,0.15677874502603584,0.33214589953422546,0.02312145009636879,0.034292418509721756,86.0,10.636959946714342,3,0.0024075650435406715,-0.0014373496796256102,-0.002169152586020351,-0.001719424545845838,-0.0013014337658010522,0.10684146092626734,0.03794035717080535,0.06006602111525461,0.14333370821354763,0.09650132003713041,0.043737069324130795,0.05667578386527916,0.13397787493954372
R1,m-b3a8b1c508b4,tcn,antisymmetric,64,1,0.0,silu,0,complete,0.15937135441381867,-0.011411899774234069,0.9168580291332903,1.0056897631845687,-0.10575782114445875,0.14335790158027673,0.3673505708645244,0.17621220648288727,0.0,0.0,68.0,7.37027011346072,3,0.0025222101830877364,-0.008375326200209532,-0.007768107753228781,-0.010578407239809184,-0.01397244109103113,0.1851312279948938,0.21836819439483668,0.09228825450266898,0.16601495917928422,0.21763227822190423,-0.10575782114445875,0.14335790158027673,0.17952649392892617
R1,m-b3a8b1c508b4,tcn,antisymmetric,64,1,0.0,silu,1,complete,0.1368127048379959,0.009536639901717714,0.9290787346409367,0.9952202570779407,0.08525705334546274,0.11602976698957879,0.34544068163191066,0.1460130363702774,0.0,0.0,68.0,5.07374502485618,3,0.002336663252208382,0.009429647309528999,0.009281318140584416,0.009397215244335455,0.00858290305500542,0.17056415019615312,0.13125935107885456,0.08525705334546274,0.14453867572591172,0.16922118946096698,0.18929289825401263,0.11602976698957879,0.18096146512174038
R1,m-b3a8b1c508b4,tcn,antisymmetric,64,1,0.0,silu,2,complete,0.10200911200637675,-0.001799943732195608,0.947623811432376,1.0008995672554741,-0.07429019852471064,0.07891180779575935,0.29448429958379774,0.17068752646446228,0.0,0.0,68.0,5.527915037237106,3,0.0023400657810270786,-0.003263841498596598,-0.00030285031672461216,-0.0012713335425791339,-0.0021238588576468764,0.048542997687804124,0.21927764997722388,0.16753695790986345,0.16003061918992023,-0.0026873409581638086,-0.07429019852471064,0.07891180779575935,0.13774327506854545
R1,m-b3a8b1c508b4,tcn,antisymmetric,64,1,0.0,silu,3,complete,0.09818077262817926,-0.03621911110479292,0.9496416310228931,1.0179484815572903,-0.0832587685719981,0.05533050253020311,0.2570574036339577,0.21924661099910736,0.0,0.0,68.0,9.668954985681912,3,0.0023489389568567276,-0.03557914894780967,-0.03250650052598569,-0.03545333153957486,-0.037848918799455955,0.12400870951611032,0.16357275805442995,0.10785232854249749,0.11259379733601316,0.06665622451255071,-0.0832587685719981,0.05533050253020311,0.17081717005422525
R1,m-b3a8b1c508b4,tcn,antisymmetric,64,1,0.0,silu,4,complete,0.0997122832328714,0.012362533576837809,0.9488349259840346,0.9937995101745433,0.014691062273704203,0.06214128127579521,0.27046609587344284,0.1945718377828598,0.0,0.0,68.0,11.344369919970632,3,0.002382915932685137,0.01033104710925814,0.013507046646028753,0.013955177168578525,0.012300097763530804,0.13244284699737097,0.05263398115668383,0.06476236543628733,0.19338910520798103,0.08122864489819093,0.014691062273704203,0.06214128127579521,0.16283229998060256
R1,m-bab63fe33ce4,transformer,antisymmetric,64,1,0.0,silu,0,complete,0.16501333540979324,-0.008177241672387536,0.913776047284129,1.0040802964267286,-0.10792532138555577,0.1484087483670088,0.3749916911547384,0.13175688683986664,0.0,0.0,90.0,15.4469549190253,3,0.0025172773166559637,-0.0047856897791740405,-0.00745863485506737,-0.0056329404912607295,-0.009154776616935756,0.19298368214909256,0.221155314677686,0.09223292071264222,0.16919883279996473,0.2372411583588766,-0.10792532138555577,0.1484087483670088,0.18591249887671712
R1,m-bab63fe33ce4,transformer,antisymmetric,64,1,0.0,silu,1,complete,0.13609188704722075,0.009260521918789455,0.9294665744139373,0.9953589694583611,0.08055970560279269,0.1164226019228235,0.33786260587775807,0.12417832016944885,0.0,0.0,90.0,11.997040000278501,3,0.002341583662200719,0.008591459659847978,0.008510165381850565,0.00976716159518276,0.008942054265719368,0.17140285414322287,0.1359956094429735,0.08055970560279269,0.1431251917066122,0.16880906123734873,0.186976037710208,0.1164226019228235,0.17787493813668787
R1,m-bab63fe33ce4,transformer,antisymmetric,64,1,0.0,silu,2,complete,0.10205996867541534,-0.0037701936940099934,0.9475969772664878,1.0018833233935027,-0.056524906242914064,0.07949646710139602,0.2723877514680708,0.12413782626390457,0.0,0.0,90.0,10.787595156580208,3,0.002349960501305759,-0.00406367920866324,-0.0031940473395042357,-0.0032592675549525385,-0.004114538767885367,0.05358951212043506,0.20981364446956985,0.1652426440500151,0.1559080715731067,0.00048815449007122425,-0.056524906242914064,0.07949646710139602,0.1369682781970467
R1,m-bab63fe33ce4,transformer,antisymmetric,64,1,0.0,silu,3,complete,0.10906081909928567,-0.03180268385977403,0.9438957468389794,1.0157768868505397,-0.07985369743261383,0.058720460623990944,0.2866677993139375,0.12309662252664566,0.0,0.0,90.0,12.607390026096253,3,0.002331344352569431,-0.029101755269689944,-0.02701043549028115,-0.031131446011180897,-0.029758662952876547,0.1370657374871146,0.17340543065159075,0.13090088268986488,0.1253437538473542,0.06456266261264909,-0.07985369743261383,0.058720460623990944,0.19439382345189604
R1,m-bab63fe33ce4,transformer,antisymmetric,64,1,0.0,silu,4,complete,0.09603698379534198,0.01067237600276738,0.9507696967219023,0.9946494980631281,-0.013643278652943902,0.057008701696107056,0.26346407704564667,0.15258921682834625,0.0,0.0,90.0,9.244599950034171,3,0.0023889695876277983,0.009090564846890192,0.010929711094994188,0.010237925749812415,0.010356581281073307,0.12621002133127568,0.05193143773029074,0.061619811505172484,0.1945553338451017,0.08007966396850075,-0.013643278652943902,0.057008701696107056,0.16160525963087424
R1,m-bc286b13f64a,gru,antisymmetric,96,2,0.0,silu,0,complete,0.16393708294589404,-0.008113526005170346,0.9143647614896945,1.0040485675529696,-0.16885643581899967,0.1477557538561045,0.39055478694366075,0.10108959674835205,0.0,0.0,90.0,7.784765015821904,3,0.002526652009692043,-0.006126281507039311,-0.013151013090985098,-0.00813635930212997,-0.008154361342879834,0.19643089927662383,0.23281724515862434,0.09290819678174533,0.16461296199996578,0.2417347953147726,-0.16885643581899967,0.1477557538561045,0.18430351788873456
R1,m-bc286b13f64a,gru,antisymmetric,96,2,0.0,silu,1,complete,0.13514985785474032,0.009359057398755422,0.9299731943154381,0.995309470768386,0.08520107884654071,0.11882485271100662,0.32712584432371705,0.08762041479349136,0.0,0.0,90.0,9.083055064547807,3,0.002352299867197871,0.010460184073674217,0.010767947668483546,0.009935069816495612,0.009441870332171365,0.17447005533677118,0.13475237403539586,0.08520107884654071,0.14350035107728754,0.16530733206466441,0.1441154424587916,0.11882485271100662,0.1698287249128203
R1,m-bc286b13f64a,gru,antisymmetric,96,2,0.0,silu,2,complete,0.09722641048687009,0.0010658121543545285,0.9501439835694009,0.9994669518526589,-0.14569435127833685,0.06859048671312318,0.3429229685105586,0.10326918959617615,0.0,0.0,90.0,7.298774959053844,3,0.002344811160583049,0.0011653480933082605,-0.0017554537999615594,0.0012474804189198663,0.000699340469715648,0.05620848303457415,0.23834724462343826,0.16437012469478185,0.15850488869807178,-0.03122060916334113,-0.14569435127833685,0.06859048671312318,0.1415294495011169
R1,m-bc286b13f64a,gru,antisymmetric,96,2,0.0,silu,3,complete,0.11386317376442034,-0.0285000015370227,0.9413484085266091,1.0141498910600062,-0.06621587589261191,0.061872454035542424,0.3124303860157873,0.09196751564741135,0.0,0.0,90.0,10.458289948292077,3,0.0023280059103854,-0.02839913095240232,-0.027677619275831233,-0.02578916646543039,-0.027349334507314138,0.14513349391857988,0.17431817355646173,0.13461184789987668,0.1328785616377136,0.062301245962896656,-0.06621587589261191,0.061872454035542424,0.20199374031763562
R1,m-bc286b13f64a,gru,antisymmetric,96,2,0.0,silu,4,complete,0.10066637227677755,0.009333194987559246,0.9483320239890786,0.9953224628292283,-0.01974808624716995,0.05951754600172543,0.3336872098442534,0.1034252867102623,0.0,0.0,90.0,11.200019950047134,3,0.0023736042203381658,0.008515191222361329,0.013971541468666637,0.009747714839584809,0.010526992252278489,0.1497409421274829,0.041237441572905875,0.05484151342651011,0.22391272041257515,0.06868499626808577,-0.01974808624716995,0.05951754600172543,0.16979720372487483
R1,m-beba8a023fb1,transformer,direct,96,1,0.0,silu,0,complete,0.18391304203240344,-0.034881240870283214,0.9033753140127289,1.0172911288664042,-0.20627559771004056,0.15101921397654905,0.3167807209342326,0.08875149488449097,0.05193394795060158,0.09924797713756561,94.0,13.691809994634236,3,0.0024454641970805824,-0.035972196911028265,-0.042830351817077394,-0.0353608960320666,-0.04155480104690801,0.2044794347068254,0.28090293330858074,0.1000043555049992,0.18348753496747816,0.28037390685036945,-0.20627559771004056,0.15101921397654905,0.22531446248452613
R1,m-beba8a023fb1,transformer,direct,96,1,0.0,silu,1,complete,0.15392842341857005,-0.006309033083212734,0.919821491693595,1.0031495566879411,0.1053070224475946,0.1282444003422838,0.33047047344058256,0.08789802342653275,0.0495917834341526,0.08134730905294418,94.0,11.105240124743432,3,0.002285373513586819,-0.007192228400027201,-0.007310128752343159,0.0019285238151866002,-0.009802410623903857,0.22098287431847374,0.14956959283321591,0.1053070224475946,0.161688852995707,0.16185988008473828,0.17227972313185402,0.1282444003422838,0.20848845656631265
R1,m-beba8a023fb1,transformer,direct,96,1,0.0,silu,2,complete,0.08727749422177411,-0.020567993371072735,0.9553651164754896,1.0102316533206988,-0.2716327040852149,0.05611683603911366,0.3106491452893059,0.0875285267829895,0.05477555841207504,0.07575630396604538,94.0,9.867370047140865,3,0.0023121576523408294,-0.021913086995613007,-0.02214321277218767,-0.019633311263028252,-0.022219276383140807,0.07137231210807493,0.23162693052005312,0.15847746294351972,0.1701571779484452,-0.06458546184960712,-0.2716327040852149,0.05611683603911366,0.13548658522520995
R1,m-beba8a023fb1,transformer,direct,96,1,0.0,silu,3,complete,0.12100336521275867,-0.03281072739925395,0.9375482039805961,1.0162729591006807,-0.070841649415883,0.07032477012820315,0.29056006615910923,0.10664242506027222,0.04861464351415634,0.07668248564004898,94.0,12.57689007325098,3,0.0022792614763602614,-0.028758970607905,-0.030920468658715672,-0.027529124519122705,-0.029707370024651514,0.18137614195247287,0.18317461915609456,0.14383391096976994,0.1301847982091764,0.045970772120898507,-0.070841649415883,0.07032477012820315,0.2069097215820105
R1,m-beba8a023fb1,transformer,direct,96,1,0.0,silu,4,complete,0.1061076082540875,0.01080478955412345,0.9454588260447477,0.9945829329150367,-0.07212869884637385,0.07821655801979754,0.2602642266983135,0.08126669377088547,0.06008594483137131,0.09003017097711563,94.0,14.038779819384217,3,0.002320406085345894,0.010720838524362342,0.009887584381844006,0.013050891389387087,0.006178434387307807,0.17103584513742875,0.062463883150250865,0.055795677605488425,0.2181460727095691,0.07470088674395081,-0.07212869884637385,0.07821655801979754,0.15296511713584438
R1,m-bf98a1814847,gru,shared_branch,64,1,0.0,silu,0,complete,0.16196441546842233,-0.010207796737337071,0.9154428352068619,1.0050909395359888,-0.11465725224878143,0.14364124965561487,0.37767455537574857,0.1517525613307953,0.0,0.0,94.0,5.855984974186867,3,0.002523163508158177,-0.008727817933338322,-0.014519980541601418,-0.006876381125726194,-0.007683107500440656,0.18937680427467518,0.22137330401657596,0.08837945268385605,0.16954407635849233,0.22799785854924792,-0.11465725224878143,0.14364124965561487,0.18502664740268904
R1,m-bf98a1814847,gru,shared_branch,64,1,0.0,silu,1,complete,0.13876942993767372,0.011951506867101891,0.9280250912891991,0.9940062842522165,0.0877926928641356,0.12091583186086219,0.3665918459195172,0.12395871430635452,0.0,0.0,94.0,3.6443749791942537,3,0.0023295891005545855,0.012987429778999249,0.013882940549001521,0.013608401667298597,0.011938163454713213,0.17710803622168114,0.1387509943342089,0.0877926928641356,0.15177825494608865,0.16378172104470323,0.1509395100197698,0.12091583186086219,0.17669545499940487
R1,m-bf98a1814847,gru,shared_branch,64,1,0.0,silu,2,complete,0.09884736628321678,0.0005820271594250137,0.9492905949796319,0.9997089440635083,-0.1570956432592283,0.07093835851945374,0.3641090661259052,0.115317702293396,0.0,0.0,94.0,3.7999699823558326,3,0.002342231513466686,0.003536659933387476,-0.0019873028080286126,0.0011486117883657831,-0.0005693625908271827,0.07079641568309814,0.233070128363711,0.15559989375566852,0.1608298877627068,-0.027732334709447137,-0.1570956432592283,0.07093835851945374,0.14202578335039995
R1,m-bf98a1814847,gru,shared_branch,64,1,0.0,silu,3,complete,0.11198875851202539,-0.02670119925038139,0.9423434838146729,1.0132626506737437,-0.08005485103123688,0.06040608899437383,0.3131325072766302,0.15244372189044952,0.0,0.0,94.0,5.569849943276493,3,0.0023265834315679967,-0.026331571275187038,-0.030299443225723754,-0.027798646678996786,-0.02433466499603809,0.14682285243378268,0.1667530355939153,0.12658111557145713,0.1345774368828213,0.06936231710390384,-0.08005485103123688,0.06040608899437383,0.19942763053811996
R1,m-bf98a1814847,gru,shared_branch,64,1,0.0,silu,4,complete,0.09985043821414319,0.013994582786965304,0.9487621207583368,0.9929780547489631,-0.03499868575660514,0.059840439567693804,0.3162339143488535,0.13496407866477966,0.0,0.0,94.0,4.100144957192241,3,0.0023753224522806704,0.01198915956826807,0.01626982199495708,0.012547009096658734,0.013842259328327056,0.14788802448849803,0.044054980189900506,0.06059512583460469,0.21391541877519415,0.07310386069263486,-0.03499868575660514,0.059840439567693804,0.16706801701403307
R1,m-c138d9a31cfd,tcn,shared_branch,32,2,0.0,silu,0,complete,0.1325328830392032,-0.005764634715650807,0.931379147802224,1.002878175410977,-0.047605411479350046,0.11945014270317333,0.2519785896840354,0.31887078285217285,0.0,0.0,68.0,8.559899951796979,3,0.002558250504080206,-0.004260306963393745,-0.00428367946208974,-0.003753381850913895,-0.006246683569163247,0.12959116292189965,0.1798428327502517,0.08773109590493888,0.14250149448137517,0.18502346528773084,-0.047605411479350046,0.11945014270317333,0.1489993165719069
R1,m-c138d9a31cfd,tcn,shared_branch,32,2,0.0,silu,1,complete,0.11885733260421116,0.007929085012759352,0.9386919981526362,0.9960275673831727,0.07277422215527951,0.10170369348924468,0.23971849202640994,0.3209075629711151,0.0,0.0,68.0,8.960355049930511,3,0.002375803596805781,0.008035557360010381,0.007672513740276998,0.0075676200883815214,0.006701549480616298,0.14474619674041922,0.11903863215735855,0.07277422215527951,0.12195541389644793,0.1470815189649557,0.18137516247786767,0.10170369348924468,0.15529644947998988
R1,m-c138d9a31cfd,tcn,shared_branch,32,2,0.0,silu,2,complete,0.1006397304004143,-0.008466000779158156,0.9483460705879398,1.004224078968015,-0.019676481484267816,0.07793272103117088,0.2535905514828698,0.26049908995628357,0.0,0.0,68.0,7.40847997367382,3,0.002351478673517704,-0.00803825323051588,-0.009325702861788354,-0.009000173978731763,-0.007953217494560905,0.04235416760675981,0.20626194944571485,0.16498567031567468,0.14525633425047169,0.010345505702578528,-0.019676481484267816,0.07793272103117088,0.1357700628433557
R1,m-c138d9a31cfd,tcn,shared_branch,32,2,0.0,silu,3,complete,0.09595004818137598,-0.029313185664057606,0.9508154141675577,1.01455073094649,-0.05342318678076219,0.05469755083799288,0.2340163204413961,0.3367280960083008,0.0,0.0,68.0,6.991020147688687,3,0.0023527381708845496,-0.03119195637976091,-0.028453255329097704,-0.02718965968182152,-0.03078262780546437,0.11815071605630234,0.15608840408346047,0.10707393689384814,0.10854499559996644,0.05866542348664039,-0.05342318678076219,0.05469755083799288,0.16587802728161538
R1,m-c138d9a31cfd,tcn,shared_branch,32,2,0.0,silu,4,complete,0.10015479516073911,0.010533833303214113,0.9486017103290826,0.9947191396051379,0.006021005973678384,0.0664450796166558,0.24279168284685038,0.3114866614341736,0.0,0.0,68.0,6.454015069175512,3,0.002388688182691112,0.009934601941723575,0.010984677633913864,0.01079764150749618,0.00900513633783806,0.1311473933206494,0.060832873965711576,0.07429684736140918,0.18305555423076547,0.07948603504771012,0.006021005973678384,0.0664450796166558,0.15678777535473798
R1,m-c40ac8c8a0c3,mlp,antisymmetric,96,1,0.1,silu,0,complete,0.1566664698143262,-0.011045990194990862,0.9183319281096971,1.0055078270182638,-0.14650480191252835,0.13601990225697302,0.3891729929972525,0.15123815834522247,0.0,0.0,88.0,11.71333504607901,3,0.0025270741898566484,-0.008320015678225934,-0.014425846944741139,-0.008530544650499738,-0.010186177034313904,0.18349392581608448,0.23132224543947077,0.07206717616402103,0.16586416380344016,0.22238096720684108,-0.14650480191252835,0.13601990225697302,0.18265302336728084
R1,m-c40ac8c8a0c3,mlp,antisymmetric,96,1,0.1,silu,1,complete,0.1363992819913019,0.010152108509281499,0.9293011987556553,0.9949109967684138,0.08460682305241773,0.11902339145385699,0.3393435865790646,0.17218007147312164,0.0,0.0,88.0,11.248734977561977,3,0.0023485597339458764,0.009342840446387557,0.010694243159398154,0.01263781530911301,0.010293190028301202,0.17075124927607865,0.13675047998730616,0.08460682305241773,0.14598772119535253,0.17301812364881142,0.13731527924175502,0.11902339145385699,0.17331052291639848
R1,m-c40ac8c8a0c3,mlp,antisymmetric,96,1,0.1,silu,2,complete,0.0980115455971422,-0.0003165273953211756,0.949730727313199,1.0001582511759433,-0.1364037037417194,0.06906057798881993,0.33722876326662,0.16534064710140228,0.0,0.0,88.0,9.75695018423721,3,0.002341460669413209,-0.0009054441449520834,-0.0011370356384399205,0.0002630070915934368,-0.0006401561537168199,0.05657142812359506,0.23442618809589622,0.16265111815361555,0.15938281747141259,-0.025872287859014076,-0.1364037037417194,0.06906057798881993,0.14280199334332555
R1,m-c40ac8c8a0c3,mlp,antisymmetric,96,1,0.1,silu,3,complete,0.11481152430211905,-0.03129217972394249,0.9408445544817067,1.0155255682275766,-0.06359357222680995,0.06486991364808792,0.3263153261698777,0.16647477447986603,0.0,0.0,88.0,12.081490003038194,3,0.0023233561078086495,-0.02825805935955028,-0.026286428395052353,-0.026076893910541132,-0.025195538039488596,0.14863394630452675,0.1820256006754174,0.1317802558364788,0.1246505211700557,0.06766179776016223,-0.06359357222680995,0.06486991364808792,0.19946860280521084
R1,m-c40ac8c8a0c3,mlp,antisymmetric,96,1,0.1,silu,4,complete,0.09111691671279742,0.01088612913754372,0.9533535982452693,0.9945420407717596,-0.08557560895103888,0.05453889940005585,0.33973776103807785,0.1645134687423706,0.0,0.0,88.0,12.932420067954808,3,0.002370796224568039,0.011103018289455258,0.013233058970862466,0.0111256891282987,0.011304376809255667,0.15574508273922805,0.030035949263541473,0.04457084487918417,0.2231758471726506,0.053482777208827215,-0.08557560895103888,0.05453889940005585,0.1525686998730338
R1,m-ca64ae709933,gru,antisymmetric,64,2,0.0,silu,0,complete,0.14430563463789325,-0.00263468809158085,0.9250374940304349,1.0013164774893004,-0.044636441168805385,0.13086722697516628,0.27266874330490665,0.14598171412944794,0.0,0.0,88.0,3.7533349706791337,3,0.0025529080885462463,-0.001330785377082755,-0.006721314157360991,-0.0040451205983209615,-0.0035721915863702325,0.15548537030305087,0.18032347705851737,0.09191299504772155,0.15183923457196924,0.20723922390343752,-0.044636441168805385,0.13086722697516628,0.1612197245670698
R1,m-ca64ae709933,gru,antisymmetric,64,2,0.0,silu,1,complete,0.12821961703211515,0.010045053900582968,0.9336918029884834,0.9949647964121229,0.08322220790056367,0.1116288411979226,0.2910801236685414,0.13453519344329834,0.0,0.0,88.0,3.9263149141333997,3,0.002360574551858008,0.010299251906405349,0.011916593930133113,0.010531380553108427,0.011631264149182918,0.16962285274861366,0.1266588984921001,0.08322220790056367,0.1344310224026466,0.15683213955557473,0.12323180008903989,0.1116288411979226,0.16346305521046167
R1,m-ca64ae709933,gru,antisymmetric,64,2,0.0,silu,2,complete,0.10395926819300871,-0.0026792987182884254,0.9465942804639121,1.00133875322904,-0.07951689548585983,0.07926324658783213,0.29540096369438795,0.14823633432388306,0.0,0.0,88.0,3.170290007255971,3,0.0023439081851392984,-0.0028483744672727074,-0.0057922131629704054,-0.0028577979012844867,-0.00253639862379873,0.05769565066047566,0.22155774028847397,0.16938990443187385,0.1575675308271346,-0.003775929889896279,-0.07951689548585983,0.07926324658783213,0.14216682934296143
R1,m-ca64ae709933,gru,antisymmetric,64,2,0.0,silu,3,complete,0.1058984593473441,-0.033405121811473704,0.9455694266698009,1.0165653554058753,-0.0640430005234347,0.057434535679575904,0.26468578341273585,0.15594857931137085,0.0,0.0,88.0,10.050480067729948,3,0.002343777392525226,-0.032100394092008155,-0.03644057747491103,-0.033096769648516045,-0.03406346766828938,0.13703682838380582,0.16640234490152317,0.11662055766970514,0.11821737941510368,0.06784367385651446,-0.0640430005234347,0.057434535679575904,0.18805067944557474
R1,m-ca64ae709933,gru,antisymmetric,64,2,0.0,silu,4,complete,0.09411625238929011,0.012418447473592109,0.9517792536143609,0.993771378399684,0.01756184945375805,0.057623424580001914,0.2302235351697839,0.1357080191373825,0.0,0.0,88.0,6.012680090498179,3,0.002408090513199568,0.01240362818402363,0.012489848048295893,0.011708566868911752,0.011450723931058171,0.11880948755883491,0.057452919981050066,0.057911905887905624,0.18205543440158345,0.07766526915042082,0.01756184945375805,0.057623424580001914,0.1554249155206583
R1,m-cb8e5da2962c,mlp,shared_branch,64,2,0.1,silu,0,complete,0.16846037249656365,-0.008965058054802189,0.9118879467914007,1.004472527277278,-0.20346750677241388,0.1425461789705006,0.44866363163887435,0.22182166576385498,0.0,0.0,88.0,9.665234945714474,3,0.0025171161396428943,-0.007197337967895789,-0.009732549767211829,-0.0078000675440628164,-0.00812722777183672,0.21821822857332562,0.2499155168243632,0.06786443014926735,0.17741753288954976,0.237864737987735,-0.20346750677241388,0.1425461789705006,0.20107696002260134
R1,m-cb8e5da2962c,mlp,shared_branch,64,2,0.1,silu,1,complete,0.1355457176536352,0.012498847968222537,0.929760335971784,0.993730925367515,0.08950743372982084,0.11873555868553365,0.3787483502628517,0.21063421666622162,0.0,0.0,88.0,6.871004973072558,3,0.002335013821721077,0.013329331084587337,0.013324433455268347,0.014238244155438617,0.011715919450411172,0.16893000989225815,0.13496525408285753,0.08950743372982084,0.144376088232822,0.15760324349417454,0.17049875174417606,0.11873555868553365,0.1712551868358697
R1,m-cb8e5da2962c,mlp,shared_branch,64,2,0.1,silu,2,complete,0.09537381059829242,0.001837656674631316,0.951118388741227,0.9990807491516231,-0.15624858709827105,0.06693106789098979,0.3546886852681783,0.20066848397254944,0.0,0.0,88.0,8.203225047327576,3,0.002351977163925767,0.002593230475189001,0.0009798738553458142,0.003124885750719897,0.002078655274271868,0.05230000714417149,0.24090832120038097,0.15670635459576432,0.16106221869831971,-0.03154954275940636,-0.15624858709827105,0.06693106789098979,0.139377976477134
R1,m-cb8e5da2962c,mlp,shared_branch,64,2,0.1,silu,3,complete,0.11277348488265926,-0.03422881749677309,0.9419270221823668,1.0169704113182316,-0.0885812767704357,0.06231377905032587,0.3183450332873594,0.19028912484645844,0.0,0.0,88.0,9.712865040637553,3,0.0023282324546016753,-0.031899233897973556,-0.03225276014989831,-0.028924292793563344,-0.03099878564441938,0.1517597034810504,0.1741328270688538,0.13450450987104778,0.1335453697968495,0.05797910136032125,-0.0885812767704357,0.06231377905032587,0.19830879745964713
R1,m-cb8e5da2962c,mlp,shared_branch,64,2,0.1,silu,4,complete,0.09223870847073912,0.00969453792021524,0.9527650767787729,0.9951409257385532,-0.09048549631177805,0.05543018232570107,0.33528989634726036,0.17609065771102905,0.0,0.0,88.0,10.217229963745922,3,0.0023709223605692387,0.009975550095679186,0.01096899549148378,0.012302831267276493,0.01198249001653573,0.15501454310998275,0.024133098624162796,0.05683619520057315,0.21688016575780278,0.06360585671795049,-0.09048549631177805,0.05543018232570107,0.1540777509692195
R1,m-d175f14b1019,mlp,direct,96,1,0.1,silu,0,complete,0.17348171672093782,-0.022306624988085,0.9091305094864336,1.0110917984970924,-0.26317376508618295,0.1498015865977822,0.37962084071010227,0.16895537078380585,0.043997325003147125,0.07318519055843353,88.0,10.086020058952272,3,0.0024691286962479353,-0.025559340586093215,-0.014611848497287916,-0.012337877203197678,-0.020056985631508262,0.22305984796748968,0.26069359580706586,0.07437815814113258,0.17896019496039295,0.26915814868147425,-0.26317376508618295,0.1498015865977822,0.20328642725584467
R1,m-d175f14b1019,mlp,direct,96,1,0.1,silu,1,complete,0.14890350472977443,0.0033829737806011506,0.9225489121289047,0.9983070801208408,0.09423426185415962,0.126954164466466,0.3422849920129676,0.17007976770401,0.05030831694602966,0.0730804055929184,88.0,7.55207014735788,3,0.002301560016348958,-0.0035329426907577677,0.001018829821452183,0.0015440126492737294,-0.0024370148633330313,0.21677444786370048,0.14967650189029003,0.09569669235344891,0.15802734020410125,0.17439965181748474,0.09423426185415962,0.126954164466466,0.1955300292730764
R1,m-d175f14b1019,mlp,direct,96,1,0.1,silu,2,complete,0.08206841491329753,-0.022164192253750326,0.9580874621279116,1.0110213609285168,-0.2791222890412277,0.04832159454539098,0.3195540192962316,0.16664767265319824,0.059134144335985184,0.06857368350028992,88.0,6.684860016684978,3,0.002317692502401769,-0.025583012208854727,-0.02117212873471308,-0.022223812549300392,-0.02124018361834601,0.06478016089913707,0.2256279468171709,0.15733607678984407,0.16302114803236445,-0.06743438805846869,-0.2791222890412277,0.04832159454539098,0.13427859367962158
R1,m-d175f14b1019,mlp,direct,96,1,0.1,silu,3,complete,0.11555882338921619,-0.03747982702757113,0.9404473279300568,1.0185675368023326,-0.1132172475758324,0.06283476067145666,0.3029106916372404,0.17218537628650665,0.05582229793071747,0.08806496858596802,88.0,9.493745013605803,3,0.002286719682160765,-0.04148094952482717,-0.03827896015125587,-0.02998808443370682,-0.04345838533003632,0.19544121772033407,0.18089576624917358,0.16223137462030612,0.11454933468673734,0.0183456329909103,-0.1132172475758324,0.06283476067145666,0.20493249512399092
R1,m-d175f14b1019,mlp,direct,96,1,0.1,silu,4,complete,0.09504230922777424,0.004735322259159291,0.9512926420256943,0.9976295293047618,-0.09781000695032871,0.06427844647212644,0.2728088065747052,0.15386223793029785,0.05516791343688965,0.08690489083528519,88.0,10.392989974934608,3,0.002334548917133361,0.002693431314235939,0.0030045914766755333,0.0031957323218572142,0.0017944681643601301,0.1554595878614189,0.03381527695429931,0.05588080594349276,0.2152922121844143,0.07416199810433022,-0.09781000695032871,0.06427844647212644,0.14672619922836183
R1,m-dac4b7e2cec0,mlp,shared_branch,96,1,0.0,silu,0,complete,0.17462112091406168,-0.012795710674615046,0.9085036483613802,1.0063775189632442,-0.25538628202465796,0.14064467252773982,0.5239079130907707,0.16095517575740814,0.0,0.0,88.0,10.458529938478023,3,0.002484451630152762,-0.011995357251219252,-0.015210629785005425,-0.009944372809154611,-0.009960962266558626,0.23443060600963417,0.27317010448526613,0.055057880225150124,0.179269681000071,0.2558537635885212,-0.25538628202465796,0.14064467252773982,0.21738516840416766
R1,m-dac4b7e2cec0,mlp,shared_branch,96,1,0.0,silu,1,complete,0.14095361410119145,0.016875388497443522,0.9268475526745531,0.991526404843843,0.08856383950367996,0.12275287178493532,0.41347909625599066,0.17796848714351654,0.0,0.0,88.0,8.712759951595217,3,0.0023159265983849764,0.013000998286280763,0.019761492355564014,0.01797409945989592,0.01618761500739596,0.18102812309220195,0.13904298033940432,0.08856383950367996,0.15572046643684656,0.16405124427942952,0.16198566004990034,0.12275287178493532,0.1796170704117146
R1,m-dac4b7e2cec0,mlp,shared_branch,96,1,0.0,silu,2,complete,0.10998403458909223,-0.0024503931021391256,0.9434065748185709,1.0012244469159446,-0.10185594863572356,0.07498600067359518,0.35800744074689894,0.17245912551879883,0.0,0.0,88.0,6.687595043331384,3,0.002350073540583253,-0.004128283916299935,-0.003232946263977965,-0.0006207512029201556,-0.003348786025858974,0.07602106198466951,0.24579366079448173,0.16301907801794102,0.16278089629832837,-0.01304145521426503,-0.10185594863572356,0.07498600067359518,0.1641299833711497
R1,m-dac4b7e2cec0,mlp,shared_branch,96,1,0.0,silu,3,complete,0.1217718893469083,-0.014338891318451896,0.9371382558902885,1.0071439278069703,-0.04237232554619319,0.0682832217000997,0.3117530874742942,0.16535940766334534,0.0,0.0,88.0,11.321524926461278,3,0.002299056213814765,-0.016743301197223337,-0.01694713181356078,-0.013469817401741802,-0.01220758093027463,0.14931117079122302,0.1773361377445829,0.13904634543149286,0.14087474332241112,0.07516330601361076,-0.04237232554619319,0.0682832217000997,0.21244165903796974
R1,m-dac4b7e2cec0,mlp,shared_branch,96,1,0.0,silu,4,complete,0.10404155604599818,4.603384345402972e-05,0.9465508142482377,0.9999769828133775,-0.010329545091127823,0.06595279051757841,0.3900002154501716,0.16567926108837128,0.0,0.0,88.0,10.586974932812154,3,0.0023540508991573006,-0.0005054188461306452,0.006674302946540478,0.0013720736740481243,0.0033577556991981616,0.1899417826983929,0.023800065440075846,0.03138120531507338,0.25279394031924063,0.05129276667218308,-0.010329545091127823,0.06595279051757841,0.16803142570134955
R1,m-dda77a678cfb,mlp,direct,96,2,0.0,gelu,0,complete,0.17391397211077242,-0.019777499375198904,0.9088927482872925,1.0098403336048718,-0.23052542221135308,0.15329679891079573,0.371421099544496,0.15772558748722076,0.04503393545746803,0.07721316069364548,88.0,11.390829982701687,3,0.002470981969963759,-0.02523722277673368,-0.024749289205235225,-0.027810844963738646,-0.025471805276718884,0.21321991679857777,0.2579446569381415,0.09863593127869119,0.17167137910741714,0.26109683443258724,-0.23052542221135308,0.15329679891079573,0.19986352880989133
R1,m-dda77a678cfb,mlp,direct,96,2,0.0,gelu,1,complete,0.14649470123753616,-0.001917187837648493,0.9238535050333813,1.0009581349075738,0.10334290388826606,0.126869863449256,0.2950226406013996,0.15151779353618622,0.0477549284696579,0.08754406869411469,88.0,9.220999968238173,3,0.002307959657628089,-0.0040892497648992165,-0.0025190833075952046,-0.003456133224922775,-0.0067476685466301145,0.2252760934093424,0.15738609543362558,0.10334290388826606,0.13105892056173718,0.16232935841938578,0.12304942888936277,0.126869863449256,0.18818333378031882
R1,m-dda77a678cfb,mlp,direct,96,2,0.0,gelu,2,complete,0.08757078215676417,-0.028164669009958176,0.9552116089344999,1.0139845506761718,-0.20308351830428806,0.05485475689171504,0.3161496327642075,0.14959168434143066,0.03678597882390022,0.06845231354236603,88.0,6.216414854861795,3,0.002309639356099069,-0.029209058936085608,-0.0309115241046809,-0.02618584829372006,-0.027843691523967262,0.05690325483585601,0.22274735388683864,0.15346340590231322,0.17321135386693043,-0.05729892146357751,-0.20308351830428806,0.05485475689171504,0.13818620337245302
R1,m-dda77a678cfb,mlp,direct,96,2,0.0,gelu,3,complete,0.10926996393070298,-0.037033721569415645,0.9437849522371594,1.0183485265710437,-0.09732480646977382,0.04856631210315876,0.2991975633244315,0.18676121532917023,0.04518354684114456,0.06844384968280792,88.0,10.09961509844288,3,0.0022968011908233166,-0.033992810215397684,-0.02905286391737838,-0.030969572615443086,-0.03416933287535606,0.1840712154301246,0.1731479758217218,0.15178727861914987,0.10807113551392156,0.01341016828010344,-0.09732480646977382,0.04856631210315876,0.21217000561716304
R1,m-dda77a678cfb,mlp,direct,96,2,0.0,gelu,4,complete,0.10124620185389233,0.00787053014787864,0.9480262644811628,0.996056961148368,-0.11194284085976025,0.0696381690505633,0.2910467693349008,0.17005759477615356,0.035837844014167786,0.07679681479930878,88.0,7.8619499458000055,3,0.0023205203760880977,0.006990109967108582,0.006417600767669063,0.010089219623153234,0.009259398954455933,0.17449634041400475,0.04470590819328091,0.05396083539340846,0.2120662285628674,0.08667828394799215,-0.11194284085976025,0.0696381690505633,0.15434831401444415
R1,m-e1046409d059,gru,shared_branch,96,2,0.0,gelu,0,complete,0.17436613872279194,-0.006657038229374912,0.9086439683821206,1.0033229979569764,-0.18213218089765992,0.1461799277799205,0.47841012320621723,0.1164996549487114,0.0,0.0,90.0,7.5058750226162365,3,0.002498675719834864,-0.0038056228022793626,-0.012927496510045877,-0.007427116578080373,-0.009535558979467451,0.22188020779825868,0.24967767122118267,0.07848579440860459,0.16949997239778436,0.2634950454569247,-0.18213218089765992,0.1461799277799205,0.2098423736023729
R1,m-e1046409d059,gru,shared_branch,96,2,0.0,gelu,1,complete,0.14406361458227235,0.014493718040216486,0.9251683011310577,0.9927266904640891,0.09434134460491261,0.12510105918332604,0.42760101394340544,0.1015198603272438,0.0,0.0,90.0,8.584774984046815,3,0.002317019389010966,0.01854492400235974,0.013936502415741958,0.013007372403209039,0.014200720326396743,0.19134711770470136,0.14070131259354202,0.09434134460491261,0.1566630452508514,0.15658657110061514,0.18503154490339946,0.12510105918332604,0.18434537449424127
R1,m-e1046409d059,gru,shared_branch,96,2,0.0,gelu,2,complete,0.10748217716766872,0.0007623784844963399,0.9447316141806261,0.999618738077425,-0.13915048973029776,0.07528587263599251,0.3640391392690312,0.10761478543281555,0.0,0.0,90.0,11.73440497368574,3,0.0023424261016771197,-0.00038586768703541274,-0.0053951987066238605,-0.00020290560637525878,-0.0017016237149596325,0.08408746800352063,0.25023752699342705,0.16662687994869285,0.15818894107972048,-0.02811461648091984,-0.13915048973029776,0.07528587263599251,0.1572935311526632
R1,m-e1046409d059,gru,shared_branch,96,2,0.0,gelu,3,complete,0.11994581675811167,-0.02415634670801947,0.9381120312851171,1.0120061001337983,-0.07346851152764922,0.0656059703294194,0.3467184526329494,0.10928679257631302,0.0,0.0,90.0,4.891215031966567,3,0.0023117383825592697,-0.021154137670988726,-0.02326152269792825,-0.02120085958316653,-0.021316227951983846,0.15689607862785615,0.1792809762509454,0.14638568927777362,0.14608480516645794,0.054377350606820696,-0.07346851152764922,0.0656059703294194,0.21205843757100162
R1,m-e1046409d059,gru,shared_branch,96,2,0.0,gelu,4,complete,0.11592039771308793,0.0027442455292604473,0.9402550729918514,0.9986269345810473,0.04440734106137845,0.07437806799555169,0.3498376797386855,0.11914674192667007,0.0,0.0,90.0,3.3157800906337798,3,0.0023630766372662038,0.00626796032535526,0.014153243884320599,0.006048463058233033,0.006602910800609818,0.1756184967755533,0.04797484421392317,0.05375728722798845,0.2476200619842619,0.07207980409430315,0.04440734106137845,0.07437806799555169,0.18571232262652027
R1,m-e27868141735,gru,shared_branch,64,1,0.0,gelu,0,complete,0.1545302673900928,-0.008720825990749193,0.9194942809011414,1.0043509476227666,-0.07240499999972716,0.13770804838434014,0.3336605986495489,0.16235297918319702,0.0,0.0,88.0,8.883225021418184,3,0.0025346087059006095,-0.00836377644916908,-0.013043612410322813,-0.005767086035119107,-0.007213549789191198,0.1703146227786071,0.20013821342710736,0.09351594860095236,0.16370150712114273,0.2206577597702768,-0.07240499999972716,0.13770804838434014,0.17570335070566923
R1,m-e27868141735,gru,shared_branch,64,1,0.0,gelu,1,complete,0.13862015366153935,0.010645322255237955,0.9281055146579298,0.9946630976088147,0.0874662957243515,0.11988274454479808,0.35074457664762315,0.1309671849012375,0.0,0.0,88.0,9.352729970123615,3,0.002332212112378329,0.011936050538469245,0.013957962627937692,0.01244577426835547,0.010708052991712846,0.17873222772759412,0.13863485322081837,0.0874662957243515,0.15039813819652637,0.1640488631490704,0.15087193051638859,0.11988274454479808,0.1784236400342063
R1,m-e27868141735,gru,shared_branch,64,1,0.0,gelu,2,complete,0.10466849302401093,-0.0004662873611307461,0.9462195870811326,1.000233116508912,-0.1290231390036689,0.07936082358329866,0.364978903307406,0.12413956969976425,0.0,0.0,88.0,8.96511496976018,3,0.002338935388252139,0.0039455145469816655,-0.0031167438090498045,0.001251605499848485,-0.0012914168639839296,0.07793261609105695,0.2329361893857098,0.15748678768436175,0.16596572330160964,-0.02157780045501667,-0.1290231390036689,0.07936082358329866,0.14382234311280928
R1,m-e27868141735,gru,shared_branch,64,1,0.0,gelu,3,complete,0.11510003061682639,-0.02398606922911717,0.9406912189359342,1.0119219679546032,-0.06071969631792595,0.06598688520469365,0.3035727942402535,0.16664326190948486,0.0,0.0,88.0,5.45695994514972,3,0.00232730561401695,-0.024105518405432402,-0.029834194644665857,-0.025979097495032466,-0.021830614919412517,0.14666444034668635,0.16609163336111243,0.12979642711699613,0.13702171619765036,0.072808423468528,-0.06071969631792595,0.06598688520469365,0.19835276019920878
R1,m-e27868141735,gru,shared_branch,64,1,0.0,gelu,4,complete,0.10424520356607292,0.01443651339700791,0.9464432346601285,0.992755501925319,-0.0004824283266755547,0.06530894064922588,0.30607343721753,0.1490750014781952,0.0,0.0,88.0,10.332905035465954,3,0.002377620170591399,0.012242873408400579,0.01575134101227893,0.012816554559531568,0.014650817374162406,0.14921511010829658,0.0472165744493932,0.07103735332677952,0.2101405322962907,0.07393938932237043,-0.0004824283266755547,0.06530894064922588,0.16965888537879825
R1,m-e8303caeab0f,tcn,antisymmetric,64,1,0.1,gelu,0,complete,0.1519031451712397,-0.006664967622929785,0.9209217419676659,1.0033269495149273,-0.06376770446865154,0.1386213390919533,0.3191614191353078,0.17795342206954956,0.0,0.0,88.0,10.312660050112754,3,0.002539567300118506,-0.004949816689977959,-0.004499415277712249,-0.006947451312759645,-0.009982386701500756,0.16938746919070302,0.20218398692122597,0.09439521316447885,0.15851940101537065,0.2026381201142594,-0.06376770446865154,0.1386213390919533,0.1686201304038002
R1,m-e8303caeab0f,tcn,antisymmetric,64,1,0.1,gelu,1,complete,0.13539220867912205,0.009959080823165212,0.9298428852880888,0.995007999554192,0.08470754952427462,0.1147555011027035,0.3251979670391596,0.1519627720117569,0.0,0.0,88.0,9.233109978958964,3,0.002349821967072785,0.010035273157515845,0.009482432301996857,0.009045762047094508,0.008425259249177142,0.170838468654969,0.12990945151653566,0.08470754952427462,0.1404662560967337,0.1678723047142967,0.19071796269701413,0.1147555011027035,0.17923033505385066
R1,m-e8303caeab0f,tcn,antisymmetric,64,1,0.1,gelu,2,complete,0.10323679025463972,-0.0017934731663689085,0.9469758232105825,1.0008963348750803,-0.06871157280670537,0.08039784505759884,0.29315922995287735,0.1780005544424057,0.0,0.0,88.0,9.439059882424772,3,0.002338552789296955,-0.0025678650600768904,7.582820764728826e-05,-0.0016482125695687078,-0.0024415453621382532,0.05039957905053982,0.21759069487779092,0.16978044431878647,0.161397052514052,-0.0018595576291156046,-0.06871157280670537,0.08039784505759884,0.1385712424658999
R1,m-e8303caeab0f,tcn,antisymmetric,64,1,0.1,gelu,3,complete,0.09641811069597084,-0.02963444479776145,0.9505692448759476,1.0147090444052234,-0.07448331713803169,0.05480078537414068,0.23982103746053074,0.2315671443939209,0.0,0.0,88.0,11.631979863159359,3,0.00235532847000286,-0.030719702522758352,-0.02849670705211893,-0.030713784553688228,-0.03161573371059956,0.12023580180573823,0.1568200944950262,0.10483983414961928,0.1089963302560486,0.07041730848602124,-0.07448331713803169,0.05480078537414068,0.1669645174041111
R1,m-e8303caeab0f,tcn,antisymmetric,64,1,0.1,gelu,4,complete,0.09943644176918764,0.010934635880731514,0.9489802728354327,0.9945176540008068,0.028282827737181604,0.06290862122339802,0.25392821161008206,0.20315825939178467,0.0,0.0,88.0,9.769479918759316,3,0.002390896435827017,0.0076323375339751864,0.012881319074376285,0.012033804411542781,0.011668822525390143,0.12905704614376923,0.05560845240303203,0.06290414282488499,0.18839673593087913,0.08292545241748461,0.028282827737181604,0.06290862122339802,0.16080389338100487
R1,m-e8de008f020f,tcn,shared_branch,96,1,0.0,gelu,0,complete,0.16926817253852577,-0.020822398911135354,0.9114449119181445,1.0103575599316983,-0.23515526613949245,0.14381615916041546,0.5296245475936425,0.15761356055736542,0.0,0.0,90.0,9.262169944122432,3,0.0024730278528295457,-0.01217777920430052,-0.021381281708350963,-0.013731297330094705,-0.016212835180559493,0.2354800788187288,0.2506082419769514,0.053958589541554525,0.17072462968934266,0.2542618835227074,-0.23515526613949245,0.14381615916041546,0.20130304258864284
R1,m-e8de008f020f,tcn,shared_branch,96,1,0.0,gelu,1,complete,0.14797580303366065,0.01983330086750623,0.9230515678803322,0.990033685857453,0.10882335686035294,0.12729649410080113,0.4262430036877842,0.11391559988260269,0.0,0.0,90.0,11.705239978618918,3,0.0022996581392362714,0.01764974588205015,0.017588187423424717,0.020054162204171333,0.016281772894616187,0.18363278451666865,0.13837127464032206,0.10882335686035294,0.16212808961117853,0.15736627723446228,0.19364233898727312,0.12729649410080113,0.1919044265790486
R1,m-e8de008f020f,tcn,shared_branch,96,1,0.0,gelu,2,complete,0.12382489858081458,-0.004025812073767954,0.936042254077873,1.0020108842092323,-0.0013335336986908253,0.0952031660334628,0.32232639491288984,0.10943617671728134,0.0,0.0,90.0,7.550179993268101,3,0.002323483524378389,-0.0005385198467962038,0.0001482475953501483,-0.0018809077828996212,-0.0017037683628422506,0.1058603419608607,0.23480269615472038,0.15287428858756857,0.16347812262109507,0.007270577586846683,-0.0013335336986908253,0.0952031660334628,0.16810598214980987
R1,m-e8de008f020f,tcn,shared_branch,96,1,0.0,gelu,3,complete,0.12831880295394194,-0.01709968321989752,0.9336386865624507,1.0085136009097238,-0.06116505761098501,0.07077992342608896,0.34699881964679546,0.13009683787822723,0.0,0.0,90.0,11.31651500472799,3,0.0022934493608772755,-0.015714272510875205,-0.013873220972000722,-0.017293456596633172,-0.016908731488289197,0.16168126582161924,0.19072908050519433,0.159120172726135,0.144576650567107,0.06975853107973007,-0.06116505761098501,0.07077992342608896,0.2258541723058356
R1,m-e8de008f020f,tcn,shared_branch,96,1,0.0,gelu,4,complete,0.11783958674286976,0.008441331553365461,0.9392339502259968,0.9957703894204901,0.028950128678883358,0.0798002869470622,0.4228998085180924,0.13731418550014496,0.0,0.0,90.0,12.100784957874565,3,0.0023329323739744723,0.006447989770085982,0.004915189654433494,0.009864479557007755,0.00708065491131793,0.19736279481615204,0.028950128678883358,0.07260017023351895,0.24074880855821612,0.05782037032824827,0.06712379713979733,0.0798002869470622,0.18174635300176423
R1,m-ede5f80a9065,gru,shared_branch,32,2,0.1,silu,0,complete,0.1350508243032812,-0.002453111675644104,0.9300264381708289,1.0012258045394375,-0.04721699840131999,0.12209414494586368,0.25981598197146605,0.22075703740119934,0.0,0.0,88.0,7.721164845861494,3,0.0025549083366058767,-0.002750674577710388,-0.004556471794555872,-0.0019451210124117324,-0.002110743669638593,0.1376609745260562,0.17720630645908786,0.08316742100028562,0.14680358369261126,0.19252386025870105,-0.04721699840131999,0.12209414494586368,0.15135859270375196
R1,m-ede5f80a9065,gru,shared_branch,32,2,0.1,silu,1,complete,0.11805345386024024,0.007077041042813037,0.9391200914365319,0.9964551966632454,0.07682025793240344,0.10222202070412578,0.2507294595131204,0.20217610895633698,0.0,0.0,88.0,8.108695002738383,3,0.0023756176233291626,0.007242207538038281,0.007182008888690472,0.007955871524661928,0.007501048733293381,0.14472911498410734,0.11756268561494587,0.07682025793240344,0.12382537889889489,0.15144866673942958,0.11737289889669245,0.10222202070412578,0.15168383626600068
R1,m-ede5f80a9065,gru,shared_branch,32,2,0.1,silu,2,complete,0.09596627577451733,-0.006006867130733173,0.9508068806153449,1.0029989367545376,-0.07121015821490229,0.0710378071102391,0.2564180707107946,0.2279762476682663,0.0,0.0,88.0,6.349565018899738,3,0.002360048412811011,-0.004934314020923258,-0.004894547257926707,-0.005936229855385555,-0.0046652138701848145,0.043592545129462645,0.20335052123918163,0.1620038983001869,0.14501926061598458,0.00652342511969195,-0.07121015821490229,0.0710378071102391,0.13453345902744462
R1,m-ede5f80a9065,gru,shared_branch,32,2,0.1,silu,3,complete,0.09438028929558584,-0.03141141792737412,0.9516405364970612,1.0155842741630918,-0.05864072751795035,0.05563758512177919,0.2206815547399692,0.2374272346496582,0.0,0.0,88.0,5.549410043749955,3,0.0023621158907189965,-0.030709563202249157,-0.02512749789650437,-0.027003773146133003,-0.031278928393342564,0.11459660374007907,0.15164446025330613,0.09667684918796315,0.11133271369258657,0.06816586563379146,-0.05864072751795035,0.05563758512177919,0.16005386501153607
R1,m-ede5f80a9065,gru,shared_branch,32,2,0.1,silu,4,complete,0.09297185620227177,0.00810443984561715,0.9523802516840257,0.9959395363948471,-0.01281428021328046,0.056488021210075345,0.2258111367379707,0.23309847712516785,0.0,0.0,88.0,5.7003200170584005,3,0.002405257837381214,0.008750468055796157,0.01045325690989074,0.010181464420270459,0.009060831728519791,0.11703430878117327,0.05417814464597348,0.05999963045888779,0.18382128771779005,0.08384844471387687,-0.01281428021328046,0.056488021210075345,0.1542654112253683
R1,m-f57f1f8c2403,tcn,direct,64,2,0.0,gelu,0,complete,0.17330231712315924,-0.01963011398293424,0.9092291696139323,1.0097673563662743,-0.16297694468698087,0.16198798785484736,0.34269079708903627,0.21154217422008514,0.03157317265868187,0.048076510429382324,90.0,7.433634845074266,3,0.002484286727849394,-0.010979693613407004,-0.012278721504871637,-0.019797752446117922,-0.015002318005572723,0.1987006855898812,0.2468960979750109,0.09954255611750462,0.1805773803228513,0.25047857579615873,-0.16297694468698087,0.16198798785484736,0.18754296136729354
R1,m-f57f1f8c2403,tcn,direct,64,2,0.0,gelu,1,complete,0.15665936318526297,0.0041888332118728,0.9183357974154863,0.9979033854978784,0.10077544002695571,0.13158400355777333,0.3471448863294788,0.17553551495075226,0.03618992120027542,0.05609757453203201,90.0,3.924965031910686,3,0.0022990487050265074,0.0012682218767350317,0.00044741057055386335,0.001712923660390886,-0.000630773581857369,0.222371563227456,0.1583871156538894,0.10077544002695571,0.15846764128550617,0.17708583636149233,0.17977983314842116,0.13158400355777333,0.2099264252963604
R1,m-f57f1f8c2403,tcn,direct,64,2,0.0,gelu,2,complete,0.08951145457015619,-0.025568278072072514,0.9541952344409628,1.0127034502123868,-0.17109210458773094,0.060024306478296485,0.2852141624761577,0.18654343485832214,0.03220163285732269,0.04927314817905426,90.0,10.495755064766854,3,0.002310479059815407,-0.027359833045139448,-0.025721073121613314,-0.02758175132153906,-0.02720536392892514,0.055385660930353464,0.21197747838347158,0.16226451250851082,0.16529593221216987,-0.042823186775986954,-0.17109210458773094,0.060024306478296485,0.13513143465720312
R1,m-f57f1f8c2403,tcn,direct,64,2,0.0,gelu,3,complete,0.10508727007172891,-0.04272982351759835,0.9459982716306997,1.0211414316918095,-0.07819075364074024,0.05697806621827661,0.2360982730774841,0.24152931571006775,0.04145336151123047,0.06713354587554932,90.0,10.849400039296595,3,0.002297898812685162,-0.03525258075225324,-0.041899156396404624,-0.04098454257539541,-0.04099592805383789,0.15954657220084256,0.17514698873829126,0.13709201719914488,0.09978929285190685,0.033662266577485944,-0.07819075364074024,0.05697806621827661,0.18663819712446328
R1,m-f57f1f8c2403,tcn,direct,64,2,0.0,gelu,4,complete,0.0922361156436754,0.005034389217180357,0.9527664374632036,0.9974796292570689,-0.01045995788109888,0.05234569601235928,0.254011879804247,0.2267385870218277,0.036197319626808167,0.04826007038354874,90.0,2.9647450661286703,3,0.0023476955539081246,-0.0023148090294600188,0.007159821864932581,0.008937635259538945,0.0035926460473226784,0.1384035679631156,0.01979899546575037,0.05386810142747611,0.19119521278775187,0.09323442376149271,-0.01045995788109888,0.05234569601235928,0.15925279936372383
R1,m-f6e372083c76,transformer,shared_branch,32,2,0.1,silu,0,complete,0.11257636996845821,-0.0033636171628819156,0.9420316502281342,1.001680396714881,-0.025885718773286825,0.10596835874198673,0.19273453042070043,0.22678858041763306,0.0,0.0,90.0,9.449759987182912,3,0.0025853412807919085,-0.002289821657808222,-0.002386467682381044,-0.003336149559712842,-0.0024141900427587792,0.10683480487790264,0.1470578347449365,0.07539015816944206,0.12192431707962159,0.16180655681682454,-0.025885718773286825,0.10596835874198673,0.12089346370029574
R1,m-f6e372083c76,transformer,shared_branch,32,2,0.1,silu,1,complete,0.13004605346989906,0.010163688935299398,0.932713217730992,0.9949051769212484,0.08285807454146676,0.11081683531138375,0.2876085268322317,0.14253172278404236,0.0,0.0,90.0,5.039720097556709,3,0.0023588798358105123,0.009751498204619069,0.009682583491515295,0.010100435295149479,0.010706634980953256,0.1709955366437721,0.1268052562989167,0.08285807454146676,0.13705181907769426,0.1596850668614379,0.13830858769679188,0.11081683531138375,0.1708942795058911
R1,m-f6e372083c76,transformer,shared_branch,32,2,0.1,silu,2,complete,0.09860131463685196,-0.00696441360186717,0.9494201837769978,1.0034761649395898,-0.00967904551931853,0.07825950631801515,0.2155337813234317,0.1309376209974289,0.0,0.0,90.0,3.8590099196881056,3,0.002372049435507506,-0.006799751180379454,-0.007174876878584868,-0.005799225775177996,-0.00628744766697209,0.045937905084509345,0.187559421271572,0.15884469951270896,0.14388076497755353,0.016578573052352552,-0.00967904551931853,0.07825950631801515,0.1300724113854742
R1,m-f6e372083c76,transformer,shared_branch,32,2,0.1,silu,3,complete,0.10167656310855433,-0.02360728762648101,0.947799259807395,1.011734791151555,-0.05712757712857841,0.05993768039395275,0.2328273457943164,0.2363709807395935,0.0,0.0,90.0,9.768200013786554,3,0.002351837232708931,-0.02498020736173845,-0.02527866851225835,-0.018404430545001516,-0.024323540906546093,0.12086391220464854,0.15913654269777877,0.11188555929474109,0.11695271951106412,0.07325530429197269,-0.05712757712857841,0.05993768039395275,0.17242902431929708
R1,m-f6e372083c76,transformer,shared_branch,32,2,0.1,silu,4,complete,0.09802297697238627,0.012471069015237535,0.9497247090750107,0.9937449023691959,-0.021433315769865624,0.060369404322114906,0.2665515177739095,0.20082387328147888,0.0,0.0,90.0,6.8946549319662145,3,0.0023945841239765286,0.011850706011948264,0.012632749255328868,0.010944697109179224,0.012475260430363067,0.13650606675336108,0.05310338352290722,0.06733768977218613,0.19105235451714886,0.07837121553237947,-0.021433315769865624,0.060369404322114906,0.16128171409662795
R1,m-f9b103f48b51,tcn,direct,64,2,0.1,gelu,0,complete,0.17291274702754178,-0.015192337158213443,0.9094433753524506,1.0075675347877249,-0.16865240561624284,0.1592579513412793,0.34441356530341594,0.20639650523662567,0.030197422951459885,0.0416979156434536,90.0,6.466535036452113,3,0.0024928346392698586,-0.007554202540747124,-0.004893774536081752,-0.014812688446307787,-0.01185185289167312,0.1992847234519861,0.25119753553441415,0.10153989998247492,0.17395620507570508,0.2501281992770422,-0.16865240561624284,0.1592579513412793,0.19009919113598794
R1,m-f9b103f48b51,tcn,direct,64,2,0.1,gelu,1,complete,0.15484264156216765,0.003626018606632253,0.9193244032646106,0.9981853442088637,0.09909617560692374,0.1308243377963444,0.34513477403986137,0.1765858381986618,0.03362385556101799,0.052630215883255005,90.0,11.639080045279115,3,0.002304089372046292,0.0017992314011802124,0.0007380747961250878,0.000520205425261655,-0.0005045192709087765,0.2174212131997939,0.15745713352901725,0.09909617560692374,0.15789831058318693,0.17714634168604415,0.16958129112084397,0.1308243377963444,0.20586422201020083
R1,m-f9b103f48b51,tcn,direct,64,2,0.1,gelu,2,complete,0.08772015368362918,-0.028704095948581587,0.9551334180711984,1.0142505094642946,-0.17747500812842798,0.058349019504169375,0.2843647026305747,0.19014382362365723,0.02811456099152565,0.046607114374637604,90.0,8.607690059579909,3,0.002313519478775561,-0.0293999613665612,-0.026486522915958988,-0.028716284479825438,-0.02834077748214403,0.05331224371739873,0.21087639725983298,0.16255674829280364,0.16425548839387638,-0.045848636981422386,-0.17747500812842798,0.058349019504169375,0.1331606470208212
R1,m-f9b103f48b51,tcn,direct,64,2,0.1,gelu,3,complete,0.10148960682571084,-0.03916975801713418,0.9478978811951683,1.01939676182394,-0.08310909265442334,0.05485609205988562,0.22975704821539034,0.23863960802555084,0.0406973622739315,0.06941834837198257,90.0,11.67310990858823,3,0.0023128928733058274,-0.034451542869356366,-0.03980732016676192,-0.03928377511792047,-0.04006600051350828,0.15863911681913034,0.1704232835304731,0.1306337306064892,0.09711359493679472,0.030215931488071557,-0.08310909265442334,0.05485609205988562,0.18053906215373783
R1,m-f9b103f48b51,tcn,direct,64,2,0.1,gelu,4,complete,0.08769817727928919,0.004626305717279178,0.9551449223655596,0.997684165596869,-0.028400121188140837,0.04828112179726085,0.2454651332684048,0.22929276525974274,0.03516267612576485,0.04776886850595474,90.0,11.884190002456307,3,0.002354837575694546,-0.0010202411641762055,0.006022830183837868,0.007144412573172776,0.0026010598418505504,0.13149527361524294,0.017615019048244585,0.05455772241383261,0.18305506165011975,0.09186401071337014,-0.028400121188140837,0.04828112179726085,0.15391959998753524
R1,m-fbeeb2c140dc,mlp,direct,96,1,0.0,gelu,0,complete,0.1765646791505271,-0.019718847330899347,0.9074333699228131,1.009811292930961,-0.24829458977315944,0.1507069807601744,0.36451665763093555,0.18330882489681244,0.045076195150613785,0.0812046229839325,68.0,11.728984967339784,3,0.0024688475532457232,-0.021883268324542682,-0.011869005163982482,-0.010339346440703778,-0.017830032594200684,0.23013903289156945,0.2647028204311007,0.08080847871984842,0.17388562833548005,0.2666205221949247,-0.24829458977315944,0.1507069807601744,0.2091101597545283
R1,m-fbeeb2c140dc,mlp,direct,96,1,0.0,gelu,1,complete,0.1522294379769783,0.00915931177209417,0.9207445693692804,0.9954098091881082,0.09814989329852519,0.13155866109950942,0.3204682624166677,0.18712253868579865,0.04983215779066086,0.07441909611225128,68.0,11.834790068678554,3,0.0023011024459265172,0.0009552495058833266,0.000976063190925025,0.002512578082455419,-9.501915526466398e-05,0.21488529343641405,0.15828942952538194,0.09814989329852519,0.15512287983680562,0.17527801383786323,0.14038172221838685,0.13155866109950942,0.1961399370555118
R1,m-fbeeb2c140dc,mlp,direct,96,1,0.0,gelu,2,complete,0.08482723907001022,-0.016400520301205868,0.9566466228080198,1.008166910933505,-0.25442640738952393,0.05210721133346652,0.306878885140186,0.1725623607635498,0.05851307138800621,0.074005126953125,68.0,8.671620080713177,3,0.0023094419157132506,-0.022712174310121735,-0.019789630452397455,-0.01893794775977886,-0.017582763865514606,0.07189323581392615,0.22248372206797973,0.15527230645759915,0.16225090475361548,-0.06473609894034871,-0.25442640738952393,0.05210721133346652,0.1354488525654446
R1,m-fbeeb2c140dc,mlp,direct,96,1,0.0,gelu,3,complete,0.11939120108051005,-0.03540287929385033,0.9384075867763911,1.0175474825745727,-0.08806281812780825,0.07053739655363933,0.28954658091839414,0.1846715360879898,0.05968502536416054,0.09834930300712585,68.0,10.657754936255513,3,0.002283858775626868,-0.04152483882761393,-0.0379984891074554,-0.02994137234485672,-0.04064969574018584,0.19381217890843205,0.1844689730215302,0.16699876259216617,0.11503480467543081,0.02179081343256184,-0.08806281812780825,0.07053739655363933,0.20220431645351544
R1,m-fbeeb2c140dc,mlp,direct,96,1,0.0,gelu,4,complete,0.1014869181801693,0.007528045670035399,0.9478992994088722,0.9962288664408218,-0.07484565382931763,0.07126601304630509,0.25922624540043904,0.17217646539211273,0.05838041752576828,0.09364137053489685,68.0,12.07854514941573,3,0.0023241553572006524,0.0017682830191064758,0.003937721900085123,0.00732098101601053,0.004791011526519284,0.16288736567144413,0.04783968077016032,0.051150553461703496,0.21790661863872263,0.08125662108462395,-0.07484565382931763,0.07126601304630509,0.15225862877656027
R2,m-023c6568a5dc,gru,antisymmetric,64,1,0.1,silu,0,complete,0.19897568621942274,-0.004571675830140398,0.8949996166371119,1.0022832313423886,-0.15684390362415312,0.129966565563855,0.5767900554007404,0.12874659895896912,0.0,0.0,88.0,10.926349915098395,10,0.0024047712213359773,-0.005875778361571049,-0.0020875613952040517,-0.0055535799542152375,-0.004988623495680633,0.24499721252211848,0.2828761134045077,0.09186807005595377,0.18636865345623232,0.29934316480278966,-0.15684390362415312,0.129966565563855,0.2858331846668831
R2,m-023c6568a5dc,gru,antisymmetric,64,1,0.1,silu,1,complete,0.15498083750589198,0.015164799619718727,0.9192492385061344,0.9923886337419838,0.09891234800631821,0.11657568296782728,0.40408395371305694,0.087779700756073,0.0,0.0,88.0,10.676409886218606,10,0.0022711167694069445,0.016592347436084176,0.01163277231502291,0.019119370626408116,0.011827121581369004,0.18141809982305168,0.16002488353860034,0.09891234800631821,0.16614653344362662,0.1625326197538013,0.2934213873826155,0.11657568296782728,0.23656410420898255
R2,m-023c6568a5dc,gru,antisymmetric,64,1,0.1,silu,2,complete,0.147674311231914,0.004904690108590959,0.9232148659808757,0.9975446405506918,0.02309793106931579,0.12438291107368271,0.3843414935808518,0.08928199857473373,0.0,0.0,88.0,6.897325010504574,10,0.002278553380165249,0.007082889845062779,2.2452538254502663e-05,0.005451239447975431,-0.0016475859799292003,0.12669765280671585,0.25254125732195,0.17928876700301788,0.18728635768055524,0.02309793106931579,0.06724904052959302,0.12438291107368271,0.18370876285496818
R2,m-023c6568a5dc,gru,antisymmetric,64,1,0.1,silu,3,complete,0.1436199926139481,-0.011713728448280891,0.9254080221102754,1.0058398125190118,-0.01717961250781963,0.07525985835796478,0.3804773074936205,0.1280091404914856,0.0,0.0,88.0,14.41841509658843,10,0.002242106420453638,-0.011444609922444782,-0.010139898717198337,-0.010256169940249471,-0.010796866870896205,0.19416843948738205,0.19963805479729235,0.18334793857291853,0.1575439629810088,0.04820079330991989,-0.01717961250781963,0.07525985835796478,0.25949869929565894
R2,m-023c6568a5dc,gru,antisymmetric,64,1,0.1,silu,4,complete,0.14507911740131552,0.01376854236411118,0.9246193176646724,0.9930918676718125,0.06445575539686466,0.10693625295361187,0.3893379577233158,0.09643927961587906,0.0,0.0,88.0,11.852865025866775,10,0.0023437240161001682,0.011184847258866482,0.007386199240702607,0.012446260513437113,0.01439820668290237,0.22036244032011088,0.06445575539686466,0.10072113066125932,0.26268664017385934,0.0882678963613206,0.08624956823180141,0.10693625295361187,0.20915987429718097
R2,m-1d3d20efeb7e,transformer,antisymmetric,32,2,0.0,silu,0,complete,0.18119472606353138,-0.005051570209431588,0.9048785962417658,1.0025226033409078,-0.2063185006694117,0.12408424508588756,0.5280411569395227,0.19123056530952454,0.0,0.0,90.0,8.991705067455769,10,0.002416714502032846,-0.0002684157508499041,-0.004255556269524563,-0.009621926352605392,-0.005514405849653237,0.20921243348079333,0.2762963284611719,0.08447676477081312,0.18681385499868008,0.2723149163113202,-0.2063185006694117,0.12408424508588756,0.25307614500824915
R2,m-1d3d20efeb7e,transformer,antisymmetric,32,2,0.0,silu,1,complete,0.15320307316955983,0.011737553521314337,0.9202156958183446,0.9941139001536422,0.0966869688568398,0.1201682841826609,0.4034757632836399,0.1376754641532898,0.0,0.0,90.0,15.013765019830316,10,0.0022836041171103716,0.009916559930290725,0.009143428677604648,0.013137061966688734,0.011163884569054039,0.17403050612622228,0.16958201624485802,0.0966869688568398,0.15287142033536005,0.17015829430810847,0.28941878604375815,0.1201682841826609,0.2233781846308951
R2,m-1d3d20efeb7e,transformer,antisymmetric,32,2,0.0,silu,2,complete,0.13066557576666682,-0.004557360682725609,0.9323810509836272,1.0022760900484085,0.005039206648185246,0.10075295234547721,0.3298579936999322,0.14049357175827026,0.0,0.0,90.0,8.520430035423486,10,0.002298235835041851,-0.0050235577659232256,-0.003158334336819113,-0.007574339472464553,-0.004498514972282486,0.09651360608949011,0.2510750086491472,0.18326927863768316,0.17139300032780147,0.005949550074780818,0.005039206648185246,0.10075295234547721,0.1769438146989265
R2,m-1d3d20efeb7e,transformer,antisymmetric,32,2,0.0,silu,3,complete,0.14156167354729232,-0.008668744424926933,0.9265194690089937,1.0043250193164197,-0.04653175390293751,0.08094056643776748,0.34887274374073307,0.18713144958019257,0.0,0.0,90.0,13.989570096600799,10,0.002248732838779688,-0.005965596107232907,-0.012428750075399009,-0.001699655993514737,-0.011984978217704167,0.17998008893515816,0.20620971967482382,0.16859764852227233,0.1618845241064759,0.07275994813147113,-0.04653175390293751,0.08094056643776748,0.24432179193969206
R2,m-1d3d20efeb7e,transformer,antisymmetric,32,2,0.0,silu,4,complete,0.14136211463646187,0.004221014382384536,0.9266271555288773,0.9978872609757153,0.06502045814534796,0.10179131941621211,0.3526773472340392,0.18258000910282135,0.0,0.0,90.0,11.349299910943953,10,0.0023328624083660543,0.004191651289481846,0.0017243712366502573,0.00609845465079506,0.006015073381130498,0.19899455069342764,0.06502045814534796,0.08786683435587617,0.2715278216190733,0.0850281990232955,0.1152600109319235,0.10179131941621211,0.2078418231062218
R2,m-31d1827937ce,transformer,antisymmetric,32,1,0.1,gelu,0,complete,0.18376412103827489,0.0030390841926090095,0.9034577350168214,0.9984793016419473,-0.1958871739942396,0.1325843730504619,0.5050126355107563,0.19802448153495789,0.0,0.0,88.0,8.998914982657878,10,0.002428946958389133,0.003573579877648725,9.44325101690513e-05,-0.0032515457815900373,-0.003667434343209486,0.20250484816426184,0.27235657618583864,0.09284859988933081,0.19178676930817706,0.2863420456873609,-0.1958871739942396,0.1325843730504619,0.24818089434538748
R2,m-31d1827937ce,transformer,antisymmetric,32,1,0.1,gelu,1,complete,0.152920332084297,0.008760617464027454,0.9203693106116169,0.9956100554614606,0.10130702484809706,0.11554466038689393,0.3880234893863468,0.13690908253192902,0.0,0.0,88.0,8.204720029607415,10,0.0022838175063952804,0.006572385685260085,0.005224857976784736,0.011298431787832075,0.007176138709546476,0.17457520758718348,0.16140085036694307,0.10130702484809706,0.15363994303173378,0.1666214309780487,0.29732793101301436,0.11554466038689393,0.23231668991626997
R2,m-31d1827937ce,transformer,antisymmetric,32,1,0.1,gelu,2,complete,0.1329401448503048,-0.008380047749495523,0.9311604883959023,1.0041812823138536,0.011767513398769913,0.1041103271881414,0.3200281964408407,0.15785449743270874,0.0,0.0,88.0,8.226474921684712,10,0.002298386418260634,-0.007440969115449114,-0.004636313990491692,-0.009131822890561248,-0.005972555109497346,0.09701950678276527,0.24544568188115934,0.18152400589910678,0.17745393037349078,0.011767513398769913,0.02546608064899869,0.1041103271881414,0.17754315981682134
R2,m-31d1827937ce,transformer,antisymmetric,32,1,0.1,gelu,3,complete,0.14426010043293114,-0.0075370499314744155,0.9250621057891567,1.0037614507100152,-0.029290094581462922,0.08712868284988684,0.35452055169156016,0.21367213129997253,0.0,0.0,88.0,7.096469996031374,10,0.002250885998364538,-0.0036019294861029394,-0.013902039491082263,-0.002072269771726143,-0.011904121651870936,0.1806347621564124,0.207513246887862,0.1649695260399866,0.16902382571203134,0.07339759708161109,-0.029290094581462922,0.08712868284988684,0.2411047724405273
R2,m-31d1827937ce,transformer,antisymmetric,32,1,0.1,gelu,4,complete,0.1449624689503518,0.0034714356938868596,0.9246823946900082,0.9982627731745349,0.06754538957810097,0.10590255593231601,0.3639649055222667,0.18844275176525116,0.0,0.0,88.0,8.352559991180897,10,0.0023417241172865033,0.0016850332006280722,0.002287909611786154,0.006540503817130783,0.006225438788289184,0.20655059426453448,0.06754538957810097,0.09491259210915326,0.2740048121091593,0.08501696315966556,0.11157317644974918,0.10590255593231601,0.21058388534696726
R2,m-370cab3d4b82,tcn,antisymmetric,64,1,0.1,silu,0,complete,0.20192729006808463,-0.0026775771989995256,0.8933491534287786,1.0013378936198307,-0.1664341953940074,0.13880538034965917,0.6145001907294767,0.12763604521751404,0.0,0.0,88.0,11.485845095012337,10,0.0023727776133455336,-0.0028448533292377842,0.00531637949407382,-0.010594326437382673,-0.017079951844199304,0.2408794490155598,0.29667503065199063,0.10183153543231216,0.18862406929479447,0.2967141371061284,-0.1664341953940074,0.13880538034965917,0.28137492138530196
R2,m-370cab3d4b82,tcn,antisymmetric,64,1,0.1,silu,1,complete,0.17220704644066276,0.021676781297532255,0.9098312775231115,0.9891022286409368,0.12144977314245509,0.1362250230814922,0.445778105121063,0.09811311960220337,0.0,0.0,88.0,10.600730101577938,10,0.0022597507340833545,0.017128845420050776,0.016211589542032168,0.017910560186150226,0.013247062334803328,0.2109785646343173,0.16100221898344347,0.12144977314245509,0.17273184383188278,0.19118458967582064,0.3183101608244342,0.1362250230814922,0.24864290625001606
R2,m-370cab3d4b82,tcn,antisymmetric,64,1,0.1,silu,2,complete,0.15878214753924702,0.0058666839158990625,0.9171792913388054,0.9970623431281019,0.030420751230499365,0.14173484024438276,0.3914941015695772,0.12111366540193558,0.0,0.0,88.0,10.790610045660287,10,0.0022529500420205295,0.006156703102684347,0.010688383593833284,0.006906262651188766,-0.0012896783342042362,0.14270716849441012,0.2588117910682066,0.17500695307597125,0.19785404842259857,0.030420751230499365,0.12025528820092646,0.14173484024438276,0.18515627557993664
R2,m-370cab3d4b82,tcn,antisymmetric,64,1,0.1,silu,3,complete,0.14396863559671624,-0.015394226388076637,0.9252196303598859,1.0076677162577337,-0.0034395426896269843,0.0770221275370675,0.3953146917404713,0.14600691199302673,0.0,0.0,88.0,11.059035046491772,10,0.002199985785409808,-0.01665126414710949,-0.02056036589780197,-0.013706798795171782,-0.020565230278376756,0.19601830041228074,0.2034797761768602,0.1897510850281573,0.15048956180748418,0.039170359927102494,-0.0034395426896269843,0.0770221275370675,0.257451074670917
R2,m-370cab3d4b82,tcn,antisymmetric,64,1,0.1,silu,4,complete,0.16081862391745705,0.006043328331546194,0.9160684341699276,0.9969737567601535,0.08281257796030583,0.12500320976321688,0.40427491757926126,0.1450747400522232,0.0,0.0,88.0,9.884054958820341,10,0.0023001921945251524,0.004428087247418944,0.006973744326357556,0.012597101561581336,0.006283323806321461,0.2377582658988422,0.08281257796030583,0.1098340419501449,0.26723970150495835,0.0912572475913459,0.17667021711845843,0.12500320976321688,0.22098921888389755
R2,m-37ecfeb87e50,mlp,antisymmetric,64,2,0.0,silu,0,complete,0.19627837181675512,0.00620695006394012,0.8965052304271542,0.9968916941855117,-0.13570221264476423,0.12587666684374876,0.5736992519332906,0.14812394976615906,0.0,0.0,88.0,6.874930136837065,10,0.0023577623069286346,0.0032513481217176787,0.0011472888446465435,0.001383483715702516,-0.0071314734911560596,0.24383853042138504,0.28472172265919304,0.062093239076479345,0.18626938651991853,0.3000454851615101,-0.13570221264476423,0.12587666684374876,0.28488862974065665
R2,m-37ecfeb87e50,mlp,antisymmetric,64,2,0.0,silu,1,complete,0.1705162188157472,0.03145711564057152,0.9107600019677263,0.9841457637766007,0.11697877344347019,0.1353684333111893,0.430626456539809,0.13426020741462708,0.0,0.0,88.0,6.364365038461982,10,0.0022345901234075427,0.02250586332826099,0.022822864220808037,0.027547538942784278,0.021380511084548637,0.2065502153216724,0.18634206685422838,0.11697877344347019,0.1684862387672078,0.16959873489229005,0.3214074912629632,0.1353684333111893,0.24517992459511895
R2,m-37ecfeb87e50,mlp,antisymmetric,64,2,0.0,silu,2,complete,0.1393864921302138,0.0019120828081197194,0.92769257185222,0.999043501150916,0.0072128886141774595,0.1117052138516681,0.34642370672806866,0.12405119836330414,0.0,0.0,88.0,10.737085063010452,10,0.002272112644277513,-0.00011262587843718919,-0.00029252929827872087,0.0036639596227595606,-6.819204659747058e-05,0.11821181324137187,0.256399135191126,0.17597832999301122,0.17466502787533877,0.0072128886141774595,0.04627798944324135,0.1117052138516681,0.18221258571909782
R2,m-37ecfeb87e50,mlp,antisymmetric,64,2,0.0,silu,3,complete,0.1442936602268312,-0.018349311473687013,0.9250439664000674,1.0091329503458337,0.021651635886325238,0.07934074320936124,0.3895919727858088,0.13115206360816956,0.0,0.0,88.0,9.614789939951152,10,0.0021739851217716932,-0.022005268036649372,-0.020816272510523648,-0.013171428786708628,-0.020994963341587347,0.1990723791386465,0.1941224299592348,0.1890152264977618,0.13354639047176753,0.05453056507332754,0.021651635886325238,0.07934074320936124,0.2543967210400877
R2,m-37ecfeb87e50,mlp,antisymmetric,64,2,0.0,silu,4,complete,0.14965986986644952,-0.0030829384570039142,0.9221388887437457,1.0015402829926532,0.05281263948731507,0.11520842648628904,0.36866600158647844,0.14730843901634216,0.0,0.0,88.0,10.32115000998601,10,0.0022885631769895554,-0.0002993402464797068,-0.002021282647917122,0.0014822871026856088,0.0075909755695324765,0.24052861976933293,0.05281263948731507,0.10059094392030377,0.2524047809511407,0.10766081183738307,0.11441756940390746,0.11520842648628904,0.2075389673050445
R2,m-393f58cc75db,transformer,shared_branch,32,2,0.0,gelu,0,complete,0.18062262926722195,-0.00650253606784279,0.9051946590279784,1.0032459997766463,-0.2031944571903479,0.1239381210064523,0.554744574736272,0.23851999640464783,0.0,0.0,90.0,9.872629912570119,10,0.0023973592906259,-0.005859932716121508,-0.0026208996893895,-0.015374685107105934,-0.013514888487160981,0.2072732705628848,0.291759647444946,0.0726626963786089,0.18105034985349533,0.2664122124019771,-0.2031944571903479,0.1239381210064523,0.25196790278300096
R2,m-393f58cc75db,transformer,shared_branch,32,2,0.0,gelu,1,complete,0.171857373814859,0.017445514481910895,0.9100234206794575,0.9912388640071015,0.1174610489746839,0.13631284306069724,0.44410616391911395,0.15654583275318146,0.0,0.0,90.0,13.018075050786138,10,0.002245696960017085,0.013108384857407063,0.011170370551963682,0.016861766168059567,0.012770804654839596,0.19880437205286372,0.1765441329356202,0.1174610489746839,0.1771896326003456,0.1867884829344354,0.30214905471203735,0.13631284306069724,0.24736387723170816
R2,m-393f58cc75db,transformer,shared_branch,32,2,0.0,gelu,2,complete,0.14363533613864243,-0.0176202304187969,0.9253997319328322,1.0087716443372092,-0.024817973599629672,0.1213358363823196,0.3863658983751026,0.12295366078615189,0.0,0.0,90.0,12.023874954320489,10,0.0022399284644052386,-0.017731944808688116,-0.015318662292926444,-0.020858911310786654,-0.01313913229409458,0.15290328648246032,0.25234169193158507,0.17091033118956445,0.1817716761007886,-0.024817973599629672,0.06729650031984735,0.1213358363823196,0.1781352047480249
R2,m-393f58cc75db,transformer,shared_branch,32,2,0.0,gelu,3,complete,0.15784813555111077,-0.011689825101473428,0.917688326420735,1.0058279301657285,0.013537721496694965,0.09998891420617084,0.40553186102359673,0.20228590071201324,0.0,0.0,90.0,13.227894937153906,10,0.0021813936182297766,-0.013765500380774176,-0.023672387728495004,-0.0053287893049740465,-0.019368902826829792,0.1951019738410168,0.19988376028931898,0.19390195797240728,0.18907595316199277,0.06758063682972426,0.013537721496694965,0.09998891420617084,0.25592652307966723
R2,m-393f58cc75db,transformer,shared_branch,32,2,0.0,gelu,4,complete,0.15365337001592394,0.007466224987109582,0.9199709940993118,0.9962598933074093,0.05873067662608322,0.11382107437727018,0.3952590649046013,0.2011902779340744,0.0,0.0,90.0,11.141120060347019,10,0.00229375105118379,0.007599766362657023,-0.005182604086899634,0.007178635126832256,0.006042766183719794,0.22848647497460695,0.05873067662608322,0.11536567221660965,0.28113964990846807,0.08525365594676393,0.1248166245096406,0.11382107437727018,0.22057240429360525
R2,m-39a8d671864f,transformer,shared_branch,32,2,0.1,gelu,0,complete,0.17301101808569264,-0.006755239041174255,0.9093893456129268,1.0033719345492846,-0.23797235407503714,0.11815903926117077,0.5458021529484782,0.23232996463775635,0.0,0.0,90.0,9.825310052838176,10,0.0024410312762483954,-0.004133062396306952,-0.002585830195166894,-0.009411133067321886,-0.007712230739926662,0.19989236876361838,0.2937274465891907,0.05896550916884857,0.1760756001071747,0.25964871757859365,-0.23797235407503714,0.11815903926117077,0.24204980050070468
R2,m-39a8d671864f,transformer,shared_branch,32,2,0.1,gelu,1,complete,0.15814301238269757,0.01432342728387026,0.9175276495110665,0.9928124559634262,0.1036472586961622,0.12258289848488835,0.43594436021526417,0.12821270525455475,0.0,0.0,90.0,11.92694504279643,10,0.00227822462329641,0.011385584244396618,0.011696193103335917,0.012071450418196572,0.012218682573930217,0.17879773761090334,0.16439013160322535,0.1036472586961622,0.16772979330908333,0.1768549996054376,0.2654118942413598,0.12258289848488835,0.2336826187457408
R2,m-39a8d671864f,transformer,shared_branch,32,2,0.1,gelu,2,complete,0.1346118736158589,-0.01820424600072279,0.9302623965226915,1.0090610714920691,-0.028605612058405283,0.10728284576162228,0.3686537879352716,0.1122334823012352,0.0,0.0,90.0,10.591050121001897,10,0.0022641647956334054,-0.01698101587470724,-0.009763625190403857,-0.01637730420768002,-0.013353394211267133,0.13405784105722585,0.24898309262781348,0.17579133512051814,0.1767684341012089,-0.028605612058405283,0.02205798647727153,0.10728284576162228,0.17689299563636418
R2,m-39a8d671864f,transformer,shared_branch,32,2,0.1,gelu,3,complete,0.15440400944595212,-0.012025474093597888,0.9195629345259888,1.0059947684225787,0.001468966110034664,0.09505588242492036,0.3892864258228421,0.2015920728445053,0.0,0.0,90.0,12.782245094422251,10,0.002237533510196954,-0.012802831144827609,-0.021608980503018627,-0.008451545187606602,-0.019046437337002953,0.1873637695126732,0.20293339267575095,0.19003057888754138,0.1839188176123675,0.07031261241439779,0.001468966110034664,0.09505588242492036,0.2550062724173292
R2,m-39a8d671864f,transformer,shared_branch,32,2,0.1,gelu,4,complete,0.14471892049904767,0.0085457843243808,0.9248140783427511,0.995717939818109,0.05046338589757993,0.10364551324190718,0.40964861735061175,0.18413078784942627,0.0,0.0,90.0,12.736364931333808,10,0.002323637600056827,0.00891364372971959,0.00544693486919523,0.00641736582197705,0.006852678304193227,0.2262190794775366,0.05046338589757993,0.10027603347593128,0.2786097646388078,0.07819240369552727,0.08592900463407172,0.10364551324190718,0.21372304652472607
R2,m-49b072af5e16,transformer,antisymmetric,64,2,0.1,gelu,0,complete,0.22219830974756283,0.014176046386894736,0.881930660682821,0.9928866771253934,-0.0945165606959033,0.14975655440478386,0.6007966584464699,0.08062560856342316,0.0,0.0,94.0,6.1272198567166924,10,0.0023591237841174006,0.00957017977981256,0.018991911950174245,0.003916298102399685,0.012758077543934654,0.2732219137727163,0.2882306753402377,0.11231451404537329,0.19138938793784988,0.35104743292537044,-0.0945165606959033,0.14975655440478386,0.3133762524954694
R2,m-49b072af5e16,transformer,antisymmetric,64,2,0.1,gelu,1,complete,0.16270000438252397,0.015828908318707757,0.9150409802940391,0.9920539761934792,0.09184877733767605,0.12339499894167494,0.44974293085287065,0.07250367850065231,0.0,0.0,94.0,11.086420132778585,10,0.002252800448331982,0.008829109891610454,0.012692926540381455,0.012704149209964988,0.008158463009217187,0.1898378504642304,0.1703975538111001,0.09184877733767605,0.15851629847467408,0.17990252596167156,0.41952419116159634,0.12339499894167494,0.24619480554180595
R2,m-49b072af5e16,transformer,antisymmetric,64,2,0.1,gelu,2,complete,0.15216351135142714,-0.003639829111782733,0.9207803693870612,1.0018182615184168,-0.010993233137353897,0.1328066265379768,0.3725884970873006,0.06789234280586243,0.0,0.0,94.0,10.081540059763938,10,0.0022403672337532043,-0.006239522709873047,-0.0004861042179917785,-0.003106390329111086,-0.010473986097842003,0.15682322029735052,0.2621204831784667,0.16339757404961064,0.18561856242509778,-0.010993233137353897,0.12606017639502054,0.1328066265379768,0.18211081914077065
R2,m-49b072af5e16,transformer,antisymmetric,64,2,0.1,gelu,3,complete,0.1556077547981206,-0.014818714040425007,0.9189081810506855,1.0073821092517106,-0.0010680868898744755,0.07525282021685964,0.4318235366677008,0.09513308107852936,0.0,0.0,94.0,12.381530029233543,10,0.0021875299280509353,-0.01110027324922691,-0.014147979047611337,-0.0156881922788199,-0.017465526159287093,0.20132962085754114,0.21978191425823046,0.2091592369296914,0.16249292253448522,0.0506253412074652,-0.0010680868898744755,0.07525282021685964,0.2918191007252974
R2,m-49b072af5e16,transformer,antisymmetric,64,2,0.1,gelu,4,complete,0.1618400992867739,-0.010815124459078174,0.9155107321671473,1.0053930198977306,0.06280250202228843,0.12717787444658601,0.4529837197689017,0.11340449005365372,0.0,0.0,94.0,12.695520010311155,10,0.00227511883713305,-0.013929064610944897,-0.017205834589305136,-0.011870066112336097,-0.0007559314474487877,0.2389734807910544,0.06280250202228843,0.11239636346708404,0.28921895384124374,0.09017748144497773,0.18264541695515057,0.12717787444658601,0.22007331369308358
R2,m-5fc94eb7da8d,transformer,antisymmetric,32,2,0.1,gelu,0,complete,0.17484871727835394,-0.0024113986158802447,0.9083783808092561,1.00120497332758,-0.249040229178912,0.123253679152587,0.5339900936074093,0.1812145859003067,0.0,0.0,90.0,6.252150051295757,10,0.0024272717419080436,0.0013664882658417365,-0.0006928146276115044,-0.007464281477281398,-0.0038711362956758144,0.2035383078809304,0.279476976909637,0.08018458679182305,0.18272188762290476,0.262802456043685,-0.249040229178912,0.123253679152587,0.2397881905151269
R2,m-5fc94eb7da8d,transformer,antisymmetric,32,2,0.1,gelu,1,complete,0.15190374310595856,0.010929749201971095,0.9209214173283415,0.9945201108062265,0.09740878850606605,0.11874450872317632,0.4161383538830272,0.13626426458358765,0.0,0.0,90.0,11.54190007364377,10,0.002296422782819718,0.009846154473783897,0.009725498257623255,0.012437124238116715,0.010397700040552849,0.17368121291425498,0.16667226427707593,0.09740878850606605,0.15175593119749164,0.16712880649593687,0.2855332712912374,0.11874450872317632,0.2223432113195175
R2,m-5fc94eb7da8d,transformer,antisymmetric,32,2,0.1,gelu,2,complete,0.13144403575912578,-0.008634483864705,0.9319634994144751,1.0043079626612073,-0.005799313032680109,0.10196453946600958,0.33406308249786054,0.12419001758098602,0.0,0.0,90.0,11.265960021410137,10,0.0022875542053952813,-0.007161077700192697,-0.003874138131146676,-0.009951958357147017,-0.007755053984291438,0.11186033417953478,0.2485340285788039,0.1761626367508815,0.17280338592167344,-0.00019586456272802089,-0.005799313032680109,0.10196453946600958,0.17705217764109393
R2,m-5fc94eb7da8d,transformer,antisymmetric,32,2,0.1,gelu,3,complete,0.14529710684874508,-0.008641122737678808,0.9245014295020074,1.0043112678535868,-0.03695498759331861,0.08740417711405424,0.3539831330150436,0.1884584128856659,0.0,0.0,90.0,12.38151512807235,10,0.0022601101081818342,-0.006744690788774044,-0.01258416590850886,-0.001295771246208277,-0.013118178582054218,0.18366542459426283,0.2097295537185706,0.17204027354139317,0.16702116818372692,0.07246870361795221,-0.03695498759331861,0.08740417711405424,0.24343263418036287
R2,m-5fc94eb7da8d,transformer,antisymmetric,32,2,0.1,gelu,4,complete,0.14306005055374926,0.003352031368866415,0.9257105106059078,0.9983225774423484,0.06346714800223463,0.10338392497486959,0.36666056989963125,0.1797764003276825,0.0,0.0,90.0,13.352220132946968,10,0.0023361057974398136,0.002573883600457294,0.0010717573516605405,0.0051833127693495795,0.004955302805507156,0.20693595250653452,0.06346714800223463,0.09159269494855415,0.27354451361633947,0.07874679019229469,0.12075261747211308,0.10338392497486959,0.2097167160822634
R2,m-6d253ca36751,mlp,antisymmetric,32,1,0.0,gelu,0,complete,0.18862387053613228,0.0014936837778281031,0.9007641919303119,0.9992528790162036,-0.14255898822173596,0.13602481081501616,0.49907933293474516,0.18339484930038452,0.0,0.0,86.0,7.590460125356912,10,0.0023825402022339404,0.0011687844875885034,-0.0009883702234732006,-0.004391842917145672,-0.002765810802579649,0.22072685765384192,0.26477063778531074,0.08110129254861864,0.19371357243442278,0.2867398742866989,-0.14255898822173596,0.13602481081501616,0.25482704345971186
R2,m-6d253ca36751,mlp,antisymmetric,32,1,0.0,gelu,1,complete,0.15369199104706133,0.015494471111406782,0.9199500035072224,0.99222251984552,0.10419749030480374,0.123583190363868,0.39065608154942666,0.1838967651128769,0.0,0.0,86.0,4.724500130396335,10,0.0022758321138098836,0.012404104997985943,0.010669841461655283,0.01310675162839603,0.01087189978004599,0.2003842197467901,0.16159614727036264,0.10419749030480374,0.16604215185412208,0.17049166157634177,0.1328366315642452,0.123583190363868,0.2176514867395618
R2,m-6d253ca36751,mlp,antisymmetric,32,1,0.0,gelu,2,complete,0.14120605514729911,-0.0011138745775742809,0.9267113600537662,1.0005567822855304,0.02424132205197671,0.12035330566411795,0.3365796792391198,0.21025438606739044,0.0,0.0,86.0,8.56006998801604,10,0.0022628214210271835,-0.007290225120686555,-0.009611862240322955,-0.006445379947554564,-0.007820777827349357,0.12510376328047412,0.24286230284490906,0.16824046408652416,0.1745118257560383,0.02424132205197671,0.060219464979022974,0.12035330566411795,0.17346763613232252
R2,m-6d253ca36751,mlp,antisymmetric,32,1,0.0,gelu,3,complete,0.13985271522459564,-0.012321852007466827,0.9274412567787809,1.0061420635315208,-0.01951580148784382,0.07230312527072702,0.3557739739236008,0.22774022817611694,0.0,0.0,86.0,9.553539869375527,10,0.0022188532748259604,-0.010418678433975481,-0.0077568821256055465,-0.01561314416713544,-0.012381337337995735,0.18403793407342528,0.19162578313266687,0.17374156530150708,0.1546770611625713,0.06090105014554226,-0.01951580148784382,0.07230312527072702,0.2543574511489409
R2,m-6d253ca36751,mlp,antisymmetric,32,1,0.0,gelu,4,complete,0.16073448456974548,-0.001867703641225571,0.9161143571794159,1.000933416187723,0.0768079023791558,0.13691082887821648,0.3592105818614728,0.17524439096450806,0.0,0.0,86.0,8.312300057150424,10,0.0022999068023636937,0.0015077654918771444,0.002772104632011496,-0.00015839703500453162,0.007347469500566861,0.24762117522446525,0.0768079023791558,0.1124754686788686,0.25931686379445096,0.0983583932029749,0.16000160858675694,0.13691082887821648,0.2007586912161231
R2,m-8702027339db,gru,antisymmetric,96,1,0.1,silu,0,complete,0.20409628127176105,0.003387615132401156,0.8921343613650574,0.9983047555068536,-0.13156851235844047,0.1230671511204624,0.6341530567639984,0.07437276095151901,0.0,0.0,90.0,7.947620085906236,10,0.00238422688562423,0.002747387775516308,-0.003918176444053456,-0.0033803168089905355,0.001163947652223607,0.24380483560577504,0.2948846312747232,0.08927105821296066,0.17542575418396755,0.3243577458457223,-0.13156851235844047,0.1230671511204624,0.3060826198811586
R2,m-8702027339db,gru,antisymmetric,96,1,0.1,silu,1,complete,0.1684413842098983,0.022173166172857806,0.9118983582560622,0.988851269821272,0.11897566164525153,0.13202348488451587,0.42758049229634554,0.07504379749298096,0.0,0.0,90.0,5.469484883360565,10,0.0022425756324082613,0.015433150314907551,0.017624547671337032,0.019929529383097,0.020911847637345438,0.21700414626921416,0.16014573364906182,0.11897566164525153,0.17169901282921718,0.16512895181504672,0.3362152806236429,0.13202348488451587,0.2458031662197646
R2,m-8702027339db,gru,antisymmetric,96,1,0.1,silu,2,complete,0.15771342253067377,0.007537289069227571,0.9177617215101784,0.9962242272354013,0.02836338389254711,0.14004912689700977,0.3824799169929378,0.06369319558143616,0.0,0.0,90.0,7.914034998975693,10,0.0022563562961295247,0.0055182745511089815,0.0031910397507080024,0.006269501443559977,-2.9574321141589976e-05,0.14910982844548948,0.25296026581443287,0.1676764982800497,0.18818846996967842,0.02836338389254711,0.1466542749660844,0.14004912689700977,0.1850421018776578
R2,m-8702027339db,gru,antisymmetric,96,1,0.1,silu,3,complete,0.1484347539764449,-0.018320187574802027,0.9228029291368528,1.0091185200831476,-0.01789909020198266,0.07315901932109359,0.4167363309253549,0.07606963068246841,0.0,0.0,90.0,10.605085000861436,10,0.0022136110928840935,-0.0119625475383216,-0.01222090085001204,-0.014667943986498955,-0.018277093067005534,0.1982495371810966,0.21409110968805556,0.1937705569412651,0.14809460563918841,0.0588362508452428,-0.01789909020198266,0.07315901932109359,0.27603624088567036
R2,m-8702027339db,gru,antisymmetric,96,1,0.1,silu,4,complete,0.16142028135472408,0.003526586863383918,0.915739984190532,0.9982351492191688,0.08514320725336888,0.12555411712657505,0.4071452897310539,0.08590229600667953,0.0,0.0,90.0,11.61633002338931,10,0.0022892416454851627,0.0028820482493530086,0.007741183386683059,0.008094043025906328,0.005908287950143309,0.23903696967717414,0.08514320725336888,0.12339098683421257,0.26144182411773,0.09473088485121783,0.14121656792207282,0.12555411712657505,0.22167613743607295
R2,m-9a27c224c2fa,gru,antisymmetric,32,2,0.0,silu,0,complete,0.18608637520589255,0.003331732627845474,0.9021716160432601,0.998332743814483,-0.1512138059616437,0.13411852923960688,0.48162420087409674,0.18025369942188263,0.0,0.0,88.0,13.450830010697238,10,0.002431142551358789,0.002132801150543151,-0.0033851754648457355,-0.0007019165548725059,-0.001073461118356267,0.2066240844808921,0.26197745567107855,0.0876932750155075,0.19299718967479695,0.2938928927870216,-0.1512138059616437,0.13411852923960688,0.25149507854038955
R2,m-9a27c224c2fa,gru,antisymmetric,32,2,0.0,silu,1,complete,0.13741157273845972,0.008555805908257885,0.9287563874674242,0.9957129074646679,0.09483555463770565,0.107626213583501,0.3339785407167055,0.16029943525791168,0.0,0.0,88.0,6.693154899403453,10,0.002302960376255214,0.00867149374673104,0.0077036410837065805,0.010255829922401372,0.009000416068942085,0.158126919937307,0.1475945904794861,0.09483555463770565,0.13913065737787367,0.16061914979917657,0.18122407446916577,0.107626213583501,0.20068398835594914
R2,m-9a27c224c2fa,gru,antisymmetric,32,2,0.0,silu,2,complete,0.1250653650725465,-0.005328129443092244,0.9353794069400146,1.0026605255235155,-0.0026688693267766794,0.09761570221166183,0.2861832597657403,0.23949721455574036,0.0,0.0,88.0,12.140885053668164,10,0.0023229116341099143,-0.0025570207157341596,-0.003803818349036092,-0.005678761810231858,-0.007750227105600693,0.08030796532103579,0.23051008792490135,0.17561856973599066,0.17525867212028012,0.023922402282671285,-0.0026688693267766794,0.09761570221166183,0.16753312320258495
R2,m-9a27c224c2fa,gru,antisymmetric,32,2,0.0,silu,3,complete,0.12349857730243019,-0.009178839944129935,0.9362165469043847,1.0045789366416806,-0.046058788193945155,0.06790916286206039,0.30425370278418695,0.22484628856182098,0.0,0.0,88.0,10.533020086586474,10,0.002283975889440626,-0.01146735394585141,-0.008191554515988075,-0.009160828104564978,-0.009603755666294234,0.15175679338915382,0.1869051456763916,0.13915777920432748,0.14150230525778484,0.0742549751143734,-0.046058788193945155,0.06790916286206039,0.21772936723069658
R2,m-9a27c224c2fa,gru,antisymmetric,32,2,0.0,silu,4,complete,0.12631903343907025,0.0037626097406342485,0.9347090277519147,0.9981169221385668,0.03395769290067485,0.08481881293115401,0.3179816151237258,0.20750457048416138,0.0,0.0,88.0,11.04154015192762,10,0.0023672134848311543,0.0045518642019261035,0.004113517512652987,0.006413039989272007,0.005431660979193675,0.18489036661355862,0.057555098883720235,0.06663687104632754,0.2597197309461272,0.08790793484161818,0.03395769290067485,0.08481881293115401,0.1960402140582861
R2,m-aba04b6fcb8d,transformer,antisymmetric,64,1,0.1,silu,0,complete,0.21407149827129734,0.013150263961908992,0.8865260863216055,0.9934031085305154,-0.11480283257376045,0.14317981525539702,0.5762428491359963,0.09590677917003632,0.0,0.0,92.0,10.606159979943186,10,0.002367920009419322,0.0158475010518202,0.011967545903034837,0.006339019640482113,0.01006539936629891,0.2603446063061716,0.2787365805521176,0.10761322304609433,0.1883913779417391,0.3477856809327011,-0.11480283257376045,0.14317981525539702,0.30329846115674064
R2,m-aba04b6fcb8d,transformer,antisymmetric,64,1,0.1,silu,1,complete,0.15970311442988827,0.010446088511975815,0.9166770890395983,0.9947632439369803,0.0966419786880196,0.12104726613717975,0.4297367784779389,0.07789558917284012,0.0,0.0,92.0,10.843450063839553,10,0.0022570324363186955,0.009318130640092792,0.009507933318649742,0.011889644532841914,0.008131451327361705,0.19204816985166173,0.16390777091745,0.0966419786880196,0.15707548008119898,0.17225893564325967,0.3778057208794061,0.12104726613717975,0.24181892463376453
R2,m-aba04b6fcb8d,transformer,antisymmetric,64,1,0.1,silu,2,complete,0.14470579083997448,0.0002908631237429349,0.9248211768553019,0.9998545578614206,-0.005464833177979855,0.12271873442310288,0.3697643023840267,0.0771208330988884,0.0,0.0,92.0,11.764234898146242,10,0.002259648870676756,0.00020157441557044908,0.0019916562540325256,0.0017011686779198065,-0.0031321182097971967,0.13612962586041166,0.25645937157336796,0.16922906867839027,0.18348812584699192,-0.005464833177979855,0.08356551313386262,0.12271873442310288,0.17872227397987395
R2,m-aba04b6fcb8d,transformer,antisymmetric,64,1,0.1,silu,3,complete,0.1468642523651893,-0.013498486508930263,0.9236534781154732,1.0067266195491853,-0.019610445037372193,0.07215868766881817,0.403458272001469,0.10565920174121857,0.0,0.0,92.0,11.996439995709807,10,0.0022142583038657904,-0.009185757508459513,-0.010581873131458419,-0.014034720282399826,-0.013231251663221366,0.19708551515544515,0.21705481992565112,0.1902810652723117,0.15548711638482082,0.043798100960498854,-0.019610445037372193,0.07215868766881817,0.2734992321404762
R2,m-aba04b6fcb8d,transformer,antisymmetric,64,1,0.1,silu,4,complete,0.15818245491699234,-0.00491741547580693,0.9175061553379397,1.0024556925250148,0.070499065302011,0.11824838736110332,0.4365591096610808,0.1279214322566986,0.0,0.0,92.0,12.036875076591967,10,0.0022976865293458104,-0.008103287622515776,-0.008333153771851176,-0.0004517557384347004,0.0005597461131923165,0.23637576300514151,0.070499065302011,0.10157661409617125,0.28288545290009726,0.09349215105115605,0.15001600312864927,0.11824838736110332,0.22527246800241663
R2,m-ada97bb3738a,gru,antisymmetric,32,2,0.0,gelu,0,complete,0.18782151567301164,0.0039335294824075495,0.9012094564123194,0.9980312973637613,-0.1512335042355375,0.13800669004044774,0.4902459436538176,0.189521923661232,0.0,0.0,88.0,6.842815084382892,10,0.00242751557379961,0.0024447810118805036,-0.004063919254088333,-0.002261912547312228,-0.0038911742337366384,0.20857612896201938,0.26365938840865855,0.09009632461880401,0.19439263836705944,0.29600149210589055,-0.1512335042355375,0.13800669004044774,0.2505203458991849
R2,m-ada97bb3738a,gru,antisymmetric,32,2,0.0,gelu,1,complete,0.13998409051113958,0.008623703764929824,0.9273704273314199,0.995678811783735,0.09400388048049158,0.10807084266220046,0.3405230105521362,0.155265673995018,0.0,0.0,88.0,10.66039998549968,10,0.0022972237784415483,0.008421179154321612,0.0063153313940530476,0.012538015618794307,0.009597699909245194,0.16755236364409576,0.14811008847847595,0.09400388048049158,0.14241245238726608,0.15762277889343512,0.20859591463213534,0.10807084266220046,0.20777673558541787
R2,m-ada97bb3738a,gru,antisymmetric,32,2,0.0,gelu,2,complete,0.127701867783935,-0.009114107608856115,0.933969021015186,1.0045467174844862,0.010187854126894935,0.10208145302936211,0.2909853496375885,0.24743995070457458,0.0,0.0,88.0,6.101280078291893,10,0.002315546909812838,-0.0032468022997877988,-0.004092007862564362,-0.008655867958332841,-0.011045904865806921,0.08638979914902278,0.2324415407553443,0.1731424384863779,0.17696901567081635,0.02392826419193883,0.010187854126894935,0.10208145302936211,0.1673395705310572
R2,m-ada97bb3738a,gru,antisymmetric,32,2,0.0,gelu,3,complete,0.125966938378423,-0.009973149207177734,0.9348973535215388,1.0049742032545799,-0.03877511093577923,0.07061129816857714,0.30825361363566683,0.24404636025428772,0.0,0.0,88.0,8.364870003424585,10,0.002277882711496204,-0.012193277203711439,-0.00876170759481587,-0.009998547733805374,-0.010183567319815845,0.15365301903035067,0.18632338354234113,0.14236774124768348,0.14610016149131577,0.07461246813401512,-0.03877511093577923,0.07061129816857714,0.2198014526734795
R2,m-ada97bb3738a,gru,antisymmetric,32,2,0.0,gelu,4,complete,0.12764354747478612,0.0027037992167535663,0.9340002422511537,0.9986471853378681,0.03668963837615957,0.08497836849030571,0.32304701697181515,0.21578574180603027,0.0,0.0,88.0,10.236624919343738,10,0.0023618769482709467,0.004880806684659178,0.0036856809401758506,0.0080524668541615,0.006682911056621443,0.1876283258464988,0.057621471052593076,0.07200057955285544,0.25757110252561155,0.08781012826331436,0.03668963837615957,0.08497836849030571,0.19932188107691018
R2,m-b3a8b1c508b4,tcn,antisymmetric,64,1,0.0,silu,0,complete,0.20234931741712847,-0.009508520410243415,0.8931129170395373,1.0047430121231216,-0.1502150111611522,0.1483178737374512,0.6227461795592937,0.12988390028476715,0.0,0.0,88.0,8.948744973167774,10,0.0023332968121394515,-0.004419277711992908,0.006195128511436665,-0.018574958317632007,-0.021416464191659212,0.24346265045851878,0.3036093686092135,0.10358475339272,0.18271539245022606,0.28348095770821313,-0.1502150111611522,0.1483178737374512,0.27035534315603194
R2,m-b3a8b1c508b4,tcn,antisymmetric,64,1,0.0,silu,1,complete,0.18110809773058345,0.0241252488632393,0.9049264623544924,0.9878637310564453,0.1316829790531746,0.14528165109869462,0.46278223673406127,0.09885133057832718,0.0,0.0,88.0,8.712684968486428,10,0.0022276126546785235,0.01970085366639185,0.01916225315834663,0.019850346012635578,0.01222292554201454,0.2201816038164558,0.16674246926929615,0.1316829790531746,0.18075196750787859,0.19971863411766322,0.3375755649275921,0.14528165109869462,0.257213469151404
R2,m-b3a8b1c508b4,tcn,antisymmetric,64,1,0.0,silu,2,complete,0.16475451333513613,0.002768616763408782,0.9139176585802815,0.9986147321347664,0.03648892410893079,0.14974829025516623,0.39993990206989727,0.1259937286376953,0.0,0.0,88.0,8.291644963901488,10,0.0022297893883660436,-0.0010617977122526767,0.0070973908447925504,0.0052320653333388645,-0.004630622016247976,0.1503902625694611,0.26166851327001717,0.1727861270224098,0.2037907323654674,0.03648892410893079,0.14718031636297335,0.14974829025516623,0.18797085138035408
R2,m-b3a8b1c508b4,tcn,antisymmetric,64,1,0.0,silu,3,complete,0.14504602693996904,-0.01354946379425237,0.9246372115916767,1.006751937566674,-0.0009303994148586181,0.07959312121505513,0.4033651011455861,0.14164480566978455,0.0,0.0,88.0,11.216485151089726,10,0.0021714091417379677,-0.013488484604938566,-0.020793128782228054,-0.00899965737759989,-0.019863918693703297,0.20174162571365784,0.19619892186462995,0.19533271350880033,0.15306079149870366,0.034999337838642286,-0.0009303994148586181,0.07959312121505513,0.25599662916613575
R2,m-b3a8b1c508b4,tcn,antisymmetric,64,1,0.0,silu,4,complete,0.16937342657939136,0.0038931553246361883,0.9113871698793047,0.9980515240584344,0.09097735231303905,0.13684722983406727,0.40473488890655784,0.1467134654521942,0.0,0.0,88.0,13.36176499025896,10,0.0022659662645310163,0.0035866410807420257,0.005319089813041855,0.012537400051936376,0.005594580894589085,0.25234564332348597,0.09097735231303905,0.1179195399060331,0.2691181745784931,0.09686737848703764,0.1963711958031572,0.13684722983406727,0.22401807208686053
R2,m-bab63fe33ce4,transformer,antisymmetric,64,1,0.0,silu,0,complete,0.21933700118699628,0.01729962334992785,0.8835513560699252,0.9913124515762284,-0.10010491014500289,0.15347958112129678,0.573839723972194,0.09642401337623596,0.0,0.0,90.0,9.297260036692022,10,0.0023389283451251686,0.013943595541029419,0.01734232516105816,0.0061597093280959525,0.01601112944080285,0.2644253730074748,0.27778990920565394,0.11819181953470659,0.19677159968253033,0.35001796141811803,-0.10010491014500289,0.15347958112129678,0.30222764965157334
R2,m-bab63fe33ce4,transformer,antisymmetric,64,1,0.0,silu,1,complete,0.1663430479563185,0.010963043895300784,0.9130481652375637,0.9945033715904131,0.1037474936126701,0.12807252019176962,0.46516533610265776,0.08512818068265915,0.0,0.0,90.0,12.15335007291287,10,0.002241669804789126,0.007295303999241942,0.008134361383675737,0.01144501645376128,0.007000839723722674,0.19663357435658357,0.16223964265411606,0.1037474936126701,0.16483395268719037,0.18080300681029027,0.4094561285789069,0.12807252019176962,0.2476403298195815
R2,m-bab63fe33ce4,transformer,antisymmetric,64,1,0.0,silu,2,complete,0.15062470899140146,-0.0008050317888073089,0.9216155874379506,1.0004024349174723,-0.01206175759784367,0.132796570952191,0.3903305426001604,0.07936790585517883,0.0,0.0,90.0,10.21717998664826,10,0.002235934487544,-0.0031542590392370506,0.0032012204744018558,0.0040087316653327765,-0.005599950620777561,0.15100130719958704,0.2647691571667794,0.1637568344638486,0.18787905830987828,-0.01206175759784367,0.1120354070459384,0.132796570952191,0.17820687122032297
R2,m-bab63fe33ce4,transformer,antisymmetric,64,1,0.0,silu,3,complete,0.1481682390588075,-0.01620944089696641,0.9229473229503365,1.0080721407205768,-0.02102819691476543,0.07273279848236036,0.4214382693967491,0.11065701395273209,0.0,0.0,90.0,7.092804950661954,10,0.002187067177146673,-0.008616201439506588,-0.010921740704910476,-0.013311454734065142,-0.01336158111686081,0.20486024130322078,0.21364830407868396,0.1948991574859933,0.1607206643072817,0.03446504843211595,-0.02102819691476543,0.07273279848236036,0.27604044684632545
R2,m-bab63fe33ce4,transformer,antisymmetric,64,1,0.0,silu,4,complete,0.16440644742183974,-0.007360822402198153,0.9141080639498594,1.0036736633000778,0.0799988543481599,0.12576044880509363,0.43994707331354266,0.12953831255435944,0.0,0.0,90.0,10.297280049417168,10,0.002264496491989121,-0.008792399864129496,-0.007265053069650751,-0.00384708712691606,0.0017326495169083245,0.2475251119825218,0.0799988543481599,0.10624750237113545,0.2846941856198002,0.09455168044078566,0.16114581779567205,0.12576044880509363,0.2293324795438655
R2,m-c138d9a31cfd,tcn,shared_branch,32,2,0.0,silu,0,complete,0.1830926410814001,-0.016457484051871196,0.9038292753161958,1.0081951616883862,-0.18693998363300213,0.12322928864933147,0.5211875827965606,0.24653057754039764,0.0,0.0,88.0,10.339780058711767,10,0.0023889075382612646,-0.0065654470573370816,-0.005672478089263411,-0.0056072919055594195,-0.004385980686298252,0.19537525636632302,0.28759151125659055,0.08092624247926539,0.18466676263815696,0.287454861163839,-0.18693998363300213,0.12322928864933147,0.258438928521866
R2,m-c138d9a31cfd,tcn,shared_branch,32,2,0.0,silu,1,complete,0.1540374206886489,0.014065807425197696,0.9197622406423037,0.9929421899460221,0.09368082430444591,0.12108585185095533,0.40468044025585526,0.20469927787780762,0.0,0.0,88.0,11.191950005013494,10,0.0022667988087050617,0.013311689262292092,0.013252765680335399,0.013007705603510722,0.009165621432422832,0.16896166635504684,0.17531290102379904,0.09368082430444591,0.15150376078785077,0.17048542088757868,0.32556331600420185,0.12108585185095533,0.2240357493272267
R2,m-c138d9a31cfd,tcn,shared_branch,32,2,0.0,silu,2,complete,0.13580891410946316,-0.014748749119858351,0.9296187852504578,1.0073473825447994,0.014226085605667627,0.11401932968313844,0.323511503452393,0.23763388395309448,0.0,0.0,88.0,11.976049980148673,10,0.0022665709257125854,-0.011633137013874029,-0.01426601460892818,-0.022665425808357398,-0.015332089433361284,0.12091051538682163,0.2552010721639568,0.17531434594314144,0.14433947425319804,0.014226085605667627,0.05592595073235185,0.11401932968313844,0.16951988556513908
R2,m-c138d9a31cfd,tcn,shared_branch,32,2,0.0,silu,3,complete,0.1332249823854439,-0.01711003542177081,0.9310075282265746,1.008518733302347,-0.029122292529309313,0.07033457250740749,0.3706374692807344,0.2715446650981903,0.0,0.0,88.0,15.996885055210441,10,0.002215799759142101,-0.009248646526148763,-0.012815842367163377,-0.012107105773176086,-0.018563558216259324,0.18150575559200155,0.19642359525509878,0.1813916817865412,0.1409965011906209,0.03326892046446861,-0.029122292529309313,0.07033457250740749,0.23983184380645794
R2,m-c138d9a31cfd,tcn,shared_branch,32,2,0.0,silu,4,complete,0.15648841541347414,-0.0039794433394968465,0.9184288674614522,1.0019877461024644,0.06296787958630745,0.12007985100836416,0.3952961762899567,0.2869495451450348,0.0,0.0,88.0,9.77063006721437,10,0.0022813284886069596,-0.008950651935253129,-0.0027091082173265058,0.0020803002805943605,-0.009037879555814143,0.24196398764543636,0.08652629881744722,0.10914968611601805,0.2797611809980307,0.06296787958630745,0.1170568980377048,0.12007985100836416,0.21765551438083486
R2,m-ca64ae709933,gru,antisymmetric,64,2,0.0,silu,0,complete,0.21244168297017407,0.005819888365653392,0.8874448247805752,0.9970858095642253,-0.1294276114228965,0.13863588896871515,0.5595158535341573,0.11460598558187485,0.0,0.0,88.0,11.948395008221265,10,0.0023787656682543457,0.005858756166566392,-0.010527434288872373,-0.0022667980570625357,-0.005887022934713881,0.2595575675113583,0.28006661083529494,0.12353123244009101,0.1803904613811047,0.3373263983481286,-0.1294276114228965,0.13863588896871515,0.30533645654497854
R2,m-ca64ae709933,gru,antisymmetric,64,2,0.0,silu,1,complete,0.1556772405331739,0.021536369817913736,0.9188703714163527,0.9891732053498449,0.10510448511552573,0.12188128389642316,0.4094236230245347,0.10652504116296768,0.0,0.0,88.0,10.039000003598629,10,0.002256713225506246,0.016696574258173613,0.013605066627490836,0.01735068167641729,0.018936761860012696,0.2068684828742713,0.15569832226563074,0.10510448511552573,0.17927244617297722,0.13680828935328226,0.24003260841635643,0.12188128389642316,0.22746928451647264
R2,m-ca64ae709933,gru,antisymmetric,64,2,0.0,silu,2,complete,0.13763856501881233,0.0006911217305726192,0.9286341771554544,0.9996543794079168,0.004166164236364955,0.11030840586000445,0.3722099945153394,0.10177593678236008,0.0,0.0,88.0,12.445724860299373,10,0.002272623998578638,-0.0008725353806267044,-0.003968723539000019,-0.003453461768937016,0.0011575930932203882,0.12603640329793198,0.25392580193343395,0.16741069759750804,0.1665690825456424,0.004166164236364955,0.04772388753118617,0.11030840586000445,0.1799214372964758
R2,m-ca64ae709933,gru,antisymmetric,64,2,0.0,silu,3,complete,0.15158799527418887,-0.017967444347363637,0.9210928317633414,1.0089437270469368,0.011111275673397536,0.08286160182017577,0.38190371080547036,0.13440406322479248,0.0,0.0,88.0,10.694715171121059,10,0.0022247324232012033,-0.019928277541314987,-0.009742427858487668,-0.018129779455468453,-0.018548808011702445,0.18317696688330132,0.21757679750759096,0.18682214532257724,0.16224035338981702,0.06948418409039492,0.011111275673397536,0.08286160182017577,0.2680875556543292
R2,m-ca64ae709933,gru,antisymmetric,64,2,0.0,silu,4,complete,0.14807864503746893,0.0064237066984274005,0.9229958585836293,0.9967829720162622,0.06612333190488762,0.10382609464413828,0.3793058809090062,0.11068268865346909,0.0,0.0,88.0,12.091275025159119,10,0.002300016989465803,0.00982732948952636,0.0029076895626518606,0.005641013546174634,0.0034129377302049013,0.21997869084676092,0.06612333190488762,0.09965722193404969,0.26975656967823747,0.09465894464297364,0.09599809555097572,0.10382609464413828,0.2224237935950727
R2,m-e27868141735,gru,shared_branch,64,1,0.0,gelu,0,complete,0.21224142646477562,-0.0035664638287289385,0.8875576451900036,1.0017816447852939,-0.12912862618686138,0.14047953688361037,0.6279087187012755,0.14243029057979584,0.0,0.0,88.0,9.115999983623624,10,0.0023607529583387077,-0.007288972409456029,-0.005855350572566476,-0.0036295661476957175,-0.008126535671973967,0.26831782214051303,0.29648709458623024,0.12117926206287244,0.168356352343783,0.3159493732776304,-0.12912862618686138,0.14047953688361037,0.3025636643613112
R2,m-e27868141735,gru,shared_branch,64,1,0.0,gelu,1,complete,0.17167201994452208,0.014742875724387261,0.9101252551464979,0.9926011909501282,0.12946627583622528,0.14004581888915657,0.4153682112320827,0.11130794882774353,0.0,0.0,88.0,8.418579935096204,10,0.0022094633895903826,0.020980493802903455,0.01709974870738451,0.024230781550998892,0.012408548112459505,0.23366364708767773,0.1689594552373963,0.12946627583622528,0.18698546087122336,0.14475664769096108,0.25827085963000285,0.14004581888915657,0.2388548975175876
R2,m-e27868141735,gru,shared_branch,64,1,0.0,gelu,2,complete,0.1779390540464415,-0.003424184769832861,0.9066757667179368,1.0017106292586861,0.0457274214188087,0.1708350992430382,0.4466906503618293,0.1029016301035881,0.0,0.0,88.0,10.031069931574164,10,0.0022291693603619933,0.008233847259092708,-0.005597813038651367,0.0025232079560923992,-0.010122206846365556,0.19390651738893083,0.26193754120918267,0.14455317102389031,0.21896256782749257,0.0457274214188087,0.18062304139072582,0.18253080018324674,0.1708350992430382
R2,m-e27868141735,gru,shared_branch,64,1,0.0,gelu,3,complete,0.15107207406078516,-0.01053488536881897,0.9213728484925172,1.0052536423056715,0.049802315427654564,0.09587999927215018,0.4041180859960105,0.14252962172031403,0.0,0.0,88.0,5.677275080233812,10,0.00219627475598827,-0.013670766603087081,-0.005448815215266745,-0.0073548692875651245,-0.003576942433320518,0.19065733094996573,0.17686310004133454,0.17832940580559298,0.1855766042896363,0.05688493799589789,0.049802315427654564,0.09587999927215018,0.2446293251574283
R2,m-e27868141735,gru,shared_branch,64,1,0.0,gelu,4,complete,0.1717757527684789,0.005458828594832155,0.9100682651491157,0.997266850649899,0.08298305701807673,0.13491651730261278,0.44194114708548016,0.12332825362682343,0.0,0.0,88.0,8.260124910157172,10,0.00226566637866199,0.003990573161238853,0.008418503860658788,0.0038382801952262513,0.009278623188135882,0.2511707434201491,0.09073593287625747,0.14291391578173218,0.26984675074742714,0.08298305701807673,0.19726164618724884,0.13491651730261278,0.23369998791589564
R2,m-e8303caeab0f,tcn,antisymmetric,64,1,0.1,gelu,0,complete,0.2067851144221513,-0.0030736943483116175,0.8906261199728249,1.0015356680359975,-0.1698287268246237,0.14676462323809547,0.6384241530893691,0.1301220953464508,0.0,0.0,88.0,9.93834501132369,10,0.0023593915975652635,-0.0031421330950001103,0.0026348082670845097,-0.019417562027498336,-0.025071579000549793,0.25624484934282077,0.30527223015619376,0.10291464939003236,0.18730834968767807,0.29572534628328995,-0.1698287268246237,0.14676462323809547,0.28232918265995377
R2,m-e8303caeab0f,tcn,antisymmetric,64,1,0.1,gelu,1,complete,0.1775379505506024,0.025238599928613104,0.9068969343036714,0.9873000557436361,0.13153714117253656,0.1413979765217429,0.4552855427430802,0.10425007343292236,0.0,0.0,88.0,9.902009845245628,10,0.002248817414510995,0.019944752151835998,0.018279582999789712,0.020353066335250913,0.014308077340152603,0.214564992401728,0.16375253076438334,0.13153714117253656,0.17517021193454874,0.19942149307832324,0.3156294517352164,0.1413979765217429,0.25430934166470276
R2,m-e8303caeab0f,tcn,antisymmetric,64,1,0.1,gelu,2,complete,0.16810171867185386,0.006383663546172702,0.9120845801394443,0.9968030580078631,0.03931026691282835,0.1575814129491796,0.41487685735823576,0.12958475947380066,0.0,0.0,88.0,10.630420001689345,10,0.002237160981167108,0.006255834345689548,0.011706816535466347,0.0069133404587676806,-0.0025949996509226914,0.1656702074338129,0.2565287515988254,0.1652389613764057,0.2065712756788176,0.03931026691282835,0.157288113391148,0.1575814129491796,0.1843778311016805
R2,m-e8303caeab0f,tcn,antisymmetric,64,1,0.1,gelu,3,complete,0.14946754411577912,-0.016559759148013553,0.9222431652683695,1.008245882286664,0.033731716672518286,0.08862412366528094,0.40683137721508356,0.15377935767173767,0.0,0.0,88.0,12.652049923781306,10,0.002182380761951208,-0.020243572884256045,-0.023968065754653045,-0.016371970205461217,-0.02226969509323795,0.20024586519478105,0.1964172584065057,0.18762190431982528,0.16673632563596252,0.03741832188125449,0.033731716672518286,0.08862412366528094,0.2526045105455691
R2,m-e8303caeab0f,tcn,antisymmetric,64,1,0.1,gelu,4,complete,0.16887404818118057,0.0025373322865889225,0.9116610948257139,0.9987305280772242,0.08574676758312716,0.13475779554301148,0.4177838580142683,0.15110735595226288,0.0,0.0,88.0,11.607929936144497,10,0.002279967477079481,0.0005957267039171654,0.0033233102362845157,0.012744669290887134,-0.00023428974651218404,0.24977208663543027,0.09090022210607818,0.11653119362566156,0.27327104362796595,0.08574676758312716,0.21774402083096822,0.13475779554301148,0.2261900186296475
R2,m-ede5f80a9065,gru,shared_branch,32,2,0.1,silu,0,complete,0.18276451605628996,0.0027289075481924385,0.9040107764533064,0.9986346140865573,-0.18001632375279608,0.12008929676896762,0.5373242422468312,0.210298553109169,0.0,0.0,88.0,10.20282502286136,10,0.0024245886597782373,0.00044313467120249417,-0.004808979022347337,0.002388589253919271,-0.001399279668917952,0.1985061327937675,0.27457341427981297,0.06556696202602441,0.18949043239065444,0.30591380452834194,-0.18001632375279608,0.12008929676896762,0.2616499258431144
R2,m-ede5f80a9065,gru,shared_branch,32,2,0.1,silu,1,complete,0.13721619649429595,0.011425745826109002,0.9288615631544369,0.9942707147321052,0.08954878313589132,0.1070112749475447,0.35579200139900546,0.14923322200775146,0.0,0.0,88.0,4.392659978475421,10,0.0023056966019794345,0.011644394584077067,0.009924773131674391,0.013493658588121127,0.010700350217880183,0.15797015842924444,0.14839213034337695,0.08954878313589132,0.14512845624886195,0.15718137451949532,0.18694311188306245,0.1070112749475447,0.2013798797272891
R2,m-ede5f80a9065,gru,shared_branch,32,2,0.1,silu,2,complete,0.11951935314433682,-0.004207711918132517,0.9383393026276067,1.0021016474979634,-0.029963876121840816,0.0887478790770202,0.2960579186887813,0.19205419719219208,0.0,0.0,88.0,5.329839966725557,10,0.0023299577296711504,-0.00346521678746603,-0.006130356296585315,-0.005806693688467535,-0.0049174703665928465,0.07757791972577743,0.22772389944656446,0.17384546855862648,0.16860771230301907,0.017507703191108837,-0.029963876121840816,0.0887478790770202,0.1671263319483539
R2,m-ede5f80a9065,gru,shared_branch,32,2,0.1,silu,3,complete,0.13280931548426966,-0.013157125974974537,0.9312307364535014,1.0065570654339349,-0.036212163655518825,0.07509040694007119,0.328877758107466,0.21642208099365234,0.0,0.0,88.0,7.7807201188988975,10,0.002273425634484738,-0.013537126099235852,-0.011305523430803932,-0.012759066707575872,-0.012367489688341449,0.16021723449298897,0.19375793745468917,0.15667895916063068,0.15527083977784195,0.07282723004312452,-0.036212163655518825,0.07509040694007119,0.23064985582224096
R2,m-ede5f80a9065,gru,shared_branch,32,2,0.1,silu,4,complete,0.1416999839343689,0.006446128830735143,0.9264448262393347,0.9967717247039389,0.0491414461372055,0.0972713856812748,0.37620481654241145,0.22232340276241302,0.0,0.0,88.0,10.966499859932808,10,0.0023479615338146687,0.0045431459939574426,0.007879915762193157,0.010032344398549609,0.007120601437666796,0.20697779064197375,0.0491414461372055,0.09594670960236751,0.27827433540261093,0.09639171652348766,0.07095834084708152,0.0972713856812748,0.2163408963331761
R2,m-f6e372083c76,transformer,shared_branch,32,2,0.1,silu,0,complete,0.16883471398400618,-0.0062293171794232105,0.9116826673881618,1.0031098230898865,-0.25934251484000215,0.11322953114895029,0.5283574491976961,0.21243780851364136,0.0,0.0,90.0,12.291914992965753,10,0.0024456228711642325,-0.005765427140739465,-0.0011338034679080344,-0.00528383057920756,-0.008396981496148204,0.18896696438439187,0.28993670420939743,0.05755293610800427,0.17901067497993595,0.26120246706901884,-0.25934251484000215,0.11322953114895029,0.23882150755398002
R2,m-f6e372083c76,transformer,shared_branch,32,2,0.1,silu,1,complete,0.15766141553526525,0.015141823231742402,0.9177900546773944,0.9924002099799545,0.10272371725638796,0.12241887329477519,0.4357777849835831,0.12960049510002136,0.0,0.0,90.0,8.598500036168842,10,0.002280379179865122,0.012794404841610652,0.01143409767391923,0.013966072738344382,0.01363243054649299,0.1793214122439456,0.1663294396366385,0.10272371725638796,0.16558958440902938,0.1747523133195551,0.2694290180538892,0.12241887329477519,0.23252641106733996
R2,m-f6e372083c76,transformer,shared_branch,32,2,0.1,silu,2,complete,0.13042216313874222,-0.013603207526287964,0.9325115746526998,1.006778628858543,-0.007180738982358381,0.10214674007185409,0.337270176179032,0.10359280556440353,0.0,0.0,90.0,11.669264954980463,10,0.002287311537656933,-0.014471376522890322,-0.009863131388628155,-0.012639028612463354,-0.011833056393179886,0.10485530836346457,0.24367050706319848,0.18440107733072875,0.17664944741660682,-0.007180738982358381,0.007542752568116873,0.10214674007185409,0.17416746645684666
R2,m-f6e372083c76,transformer,shared_branch,32,2,0.1,silu,3,complete,0.1470755386075806,-0.01128287506237613,0.9235390957574127,1.0056256137660655,0.0027855695073955022,0.08572850984058655,0.36354600414575167,0.2008502036333084,0.0,0.0,90.0,13.290135143324731,10,0.002255539468023926,-0.010319755169043932,-0.015907215108106998,-0.004222739685731058,-0.0138936795732445,0.17890277581263025,0.19790739143431135,0.1724612830726876,0.17111836288201188,0.07514758516501796,0.0027855695073955022,0.08572850984058655,0.2510661821259961
R2,m-f6e372083c76,transformer,shared_branch,32,2,0.1,silu,4,complete,0.1440924746677601,0.008692012269071014,0.9251527037912388,0.9956445087132901,0.05220862026298101,0.10346711895822014,0.4099213906722041,0.18034017086029053,0.0,0.0,90.0,12.65595498261973,10,0.002320768835488707,0.0071951146888526996,0.0028800008519884734,0.007823810574975276,0.00755277623284778,0.22282358473914432,0.05220862026298101,0.10287072872651926,0.2748315293510164,0.07688381807819833,0.08816694726258312,0.10346711895822014,0.21234386534662253
