network,condition,method,n,mean_waiting_time_s_mean,mean_waiting_time_s_ci_low,mean_waiting_time_s_ci_high,mean_stopped_vehicles_mean,mean_stopped_vehicles_ci_low,mean_stopped_vehicles_ci_high,mean_speed_m_s_mean,mean_speed_m_s_ci_low,mean_speed_m_s_ci_high,mean_travel_time_s_mean,mean_travel_time_s_ci_low,mean_travel_time_s_ci_high,p95_vehicle_waiting_time_s_mean,p95_vehicle_waiting_time_s_ci_low,p95_vehicle_waiting_time_s_ci_high,max_vehicle_waiting_time_s_mean,max_vehicle_waiting_time_s_ci_low,max_vehicle_waiting_time_s_ci_high,p95_network_queue_mean,p95_network_queue_ci_low,p95_network_queue_ci_high,max_network_queue_mean,max_network_queue_ci_low,max_network_queue_ci_high,throughput_vehicles_mean,throughput_vehicles_ci_low,throughput_vehicles_ci_high,departed_vehicles_mean,departed_vehicles_ci_low,departed_vehicles_ci_high,stops_per_departed_vehicle_mean,stops_per_departed_vehicle_ci_low,stops_per_departed_vehicle_ci_high,co2_g_mean,co2_g_ci_low,co2_g_ci_high,nox_g_mean,nox_g_ci_low,nox_g_ci_high,fuel_g_mean,fuel_g_ci_low,fuel_g_ci_high,signal_queue_jain_fairness_mean,signal_queue_jain_fairness_ci_low,signal_queue_jain_fairness_ci_high,worst_signal_mean_queue_mean,worst_signal_mean_queue_ci_low,worst_signal_mean_queue_ci_high,emergency_waiting_time_s_mean,emergency_waiting_time_s_ci_low,emergency_waiting_time_s_ci_high,mean_emergency_travel_time_s_mean,mean_emergency_travel_time_s_ci_low,mean_emergency_travel_time_s_ci_high,teleports_mean,teleports_ci_low,teleports_ci_high,emergency_stops_mean,emergency_stops_ci_low,emergency_stops_ci_high,collisions_mean,collisions_ci_low,collisions_ci_high,hard_braking_vehicle_steps_mean,hard_braking_vehicle_steps_ci_low,hard_braking_vehicle_steps_ci_high,ttc_below_1_5_vehicle_samples_mean,ttc_below_1_5_vehicle_samples_ci_low,ttc_below_1_5_vehicle_samples_ci_high,ttc_valid_samples_mean,ttc_valid_samples_ci_low,ttc_valid_samples_ci_high,minimum_green_violations_mean,minimum_green_violations_ci_low,minimum_green_violations_ci_high,unsafe_transition_violations_mean,unsafe_transition_violations_ci_low,unsafe_transition_violations_ci_high,switches_per_signal_hour_mean,switches_per_signal_hour_ci_low,switches_per_signal_hour_ci_high,llm_call_rate_mean,llm_call_rate_ci_low,llm_call_rate_ci_high,proposal_disagreement_rate_mean,proposal_disagreement_rate_ci_low,proposal_disagreement_rate_ci_high,override_accept_rate_mean,override_accept_rate_ci_low,override_accept_rate_ci_high,fallback_rate_mean,fallback_rate_ci_low,fallback_rate_ci_high,controller_latency_p50_s_mean,controller_latency_p50_s_ci_low,controller_latency_p50_s_ci_high,controller_latency_p95_s_mean,controller_latency_p95_s_ci_low,controller_latency_p95_s_ci_high,controller_latency_p99_s_mean,controller_latency_p99_s_ci_low,controller_latency_p99_s_ci_high,llm_lookup_latency_p50_s_mean,llm_lookup_latency_p50_s_ci_low,llm_lookup_latency_p50_s_ci_high,llm_lookup_latency_p95_s_mean,llm_lookup_latency_p95_s_ci_low,llm_lookup_latency_p95_s_ci_high,llm_lookup_latency_p99_s_mean,llm_lookup_latency_p99_s_ci_low,llm_lookup_latency_p99_s_ci_high,estimated_controller_energy_wh_mean,estimated_controller_energy_wh_ci_low,estimated_controller_energy_wh_ci_high,peak_process_rss_mb_mean,peak_process_rss_mb_ci_low,peak_process_rss_mb_ci_high,wall_time_s_mean,wall_time_s_ci_low,wall_time_s_ci_high,ttc_below_1_5_pooled_rate,co2_g_per_departed_vehicle,nox_g_per_departed_vehicle,fuel_g_per_departed_vehicle
cologne8,demand_shock,ergs_no_calibration,20,3.4071906666950325,3.3574900908996783,3.458781287348084,19.208958333333335,18.86145833333334,19.545416666666668,6.741573341438378,6.70013961277512,6.783866203512263,115.98174602159459,115.08297098218873,116.83226550476833,64.03249999999998,63.11999999999998,64.88249999999998,96.0,95.2,96.65,41.807499999999976,40.76499999999997,42.87006249999997,62.95,59.8,66.2,2534.0,2528.5,2539.45,2572.8,2568.1,2577.55,1.1062899429321924,1.090773319440713,1.1213936171648602,519078.03336928133,515390.6245574839,522443.31046739547,182.32421214791273,181.01363178578362,183.52210012538757,168278.92275905304,167100.97980030536,169368.96967670665,0.5344553814857788,0.5201222934150469,0.5484926767171516,7.103541666666667,6.781458333333333,7.430416666666666,0.0,0.0,0.0,0.0,0.0,0.0,0.0,0.0,0.0,0.0,0.0,0.0,77.4,70.59750000000004,84.1,0.0,0.0,0.0,819.55,803.85,834.95,5379.65,5339.3,5419.05,0.0,0.0,0.0,0.0,0.0,0.0,63.24375,63.025,63.45625,0.10000000000000002,0.10000000000000002,0.10000000000000002,0.271875,0.26145833333333335,0.28203125,0.0,0.0,0.0,1.0,1.0,1.0,0.0013253300101496279,0.0012604072607064153,0.0014037762011867017,0.06072828100266627,0.0556917222735646,0.06730317726849162,0.11646635825297542,0.09888902365857778,0.13849342496838177,3.0777498614043e-05,2.8332426518318245e-05,3.3327509299851954e-05,0.03459320250112795,0.029305229943020095,0.040640525435723204,0.05651567464554683,0.04362423702753734,0.07180842855622901,0.035398806175411066,0.0316901388414426,0.039827879961009886,480.827734375,477.863251953125,483.62093261718746,35.16082217999501,33.583754432614654,36.963192608610555,0.15234262452018255,201.75607640286123,0.07086606504505315,65.40691960473144
cologne8,demand_shock,ergs_no_hysteresis,20,3.4071906666950325,3.358566979804642,3.457792697005653,19.208958333333335,18.855208333333337,19.54208854166667,6.741573341438378,6.700555003650844,6.784826486955503,115.98174602159459,115.10231925115352,116.83587579899913,64.03249999999998,63.129999999999974,64.8975,96.0,95.2,96.65,41.807499999999976,40.75993749999997,42.88756249999998,62.95,59.7,66.2,2534.0,2528.45,2539.45,2572.8,2568.0,2577.65,1.1062899429321924,1.0907725078874748,1.1210015075342068,519078.03336928133,515375.5902938337,522440.9566754355,182.32421214791273,181.02108965593598,183.507355569094,168278.92275905304,167101.90439192575,169365.31887561185,0.5344553814857788,0.5199480184951281,0.5484602157379641,7.103541666666667,6.777708333333332,7.427708333333333,0.0,0.0,0.0,0.0,0.0,0.0,0.0,0.0,0.0,0.0,0.0,0.0,77.4,70.5,84.2,0.0,0.0,0.0,819.55,804.05,835.15,5379.65,5339.148749999999,5418.75125,0.0,0.0,0.0,0.0,0.0,0.0,63.24375,63.025,63.4625,0.10000000000000002,0.10000000000000002,0.10000000000000002,0.2716145833333333,0.2606770833333334,0.28203125,0.0,0.0,0.0,1.0,1.0,1.0,0.0012625799950910731,0.0012420518595172324,0.0012840629390848334,0.05535175099212207,0.05386123044931442,0.05703941626225419,0.09838305109646159,0.09350821889145872,0.10375457864237529,2.8217496583238245e-05,2.6799920669873247e-05,2.9467497442965394e-05,0.029946437489415983,0.02867274545180407,0.03203336111469979,0.04313706329325216,0.03759099073219841,0.04943806715013488,0.031309137974935265,0.030205676859291795,0.03241646447284276,481.7958984375,478.8222265625,484.652421875,33.2651246650028,32.09217535574032,34.31682748537744,0.15234262452018255,201.75607640286123,0.07086606504505315,65.40691960473144
cologne8,demand_shock,ergs_no_shield,20,3.4071906666950325,3.3583842548671026,3.4581523076305936,19.208958333333335,18.854375,19.542927083333332,6.741573341438378,6.6997921827508025,6.784920761732041,115.98174602159459,115.07989389234947,116.83931405004617,64.03249999999998,63.11999999999998,64.88006249999997,96.0,95.2,96.65,41.807499999999976,40.76743749999997,42.864999999999974,62.95,59.8,66.2,2534.0,2528.35,2539.55,2572.8,2567.95,2577.65,1.1062899429321924,1.0909408099251219,1.1212278285214206,519078.03336928133,515433.56649863295,522419.84182917373,182.32421214791273,181.06059982830595,183.5303443613039,168278.92275905304,167084.40412340208,169372.27193611366,0.5344553814857788,0.5203591632475811,0.5485335706673294,7.103541666666667,6.780828125,7.43,0.0,0.0,0.0,0.0,0.0,0.0,0.0,0.0,0.0,0.0,0.0,0.0,77.4,70.5,84.1,0.0,0.0,0.0,819.55,803.9,835.3,5379.65,5339.15,5418.75,0.0,0.0,0.0,0.0,0.0,0.0,63.24375,63.025,63.45625,0.10000000000000002,0.10000000000000002,0.10000000000000002,0.271875,0.2611979166666667,0.28203125000000007,0.0,0.0,0.0,1.0,1.0,1.0,0.001268022516160272,0.0012397899511415744,0.0012989606441260548,0.05418508649949212,0.05219546845686994,0.05633122773415374,0.09743554474873221,0.09166604262388708,0.10347280060005702,2.7597500593401492e-05,2.614250399346929e-05,2.8787495102733375e-05,0.02850054325303062,0.027976633171689167,0.029035553265159247,0.0401027175554773,0.035957842742446525,0.04459135729136179,0.03063038351658583,0.02941766664265258,0.03189392420391475,481.449609375,478.45115234375,484.3193505859375,32.968172294995746,31.665103622617025,34.18139173823423,0.15234262452018255,201.75607640286123,0.07086606504505315,65.40691960473144
cologne8,demand_shock,ergs_no_uncertainty,20,3.4071906666950325,3.358724338653222,3.4579562871024687,19.208958333333335,18.8601875,19.547302083333335,6.741573341438378,6.700612527890742,6.784524689567341,115.98174602159459,115.09677499900992,116.8375145986426,64.03249999999998,63.13249999999998,64.88249999999998,96.0,95.2,96.65,41.807499999999976,40.75499999999998,42.862499999999976,62.95,59.75,66.2,2534.0,2528.5,2539.45,2572.8,2568.0,2577.7,1.1062899429321924,1.0909847878688521,1.1214430763063101,519078.03336928133,515449.3373145754,522365.6392340454,182.32421214791273,181.02603080218194,183.51452361672239,168278.92275905304,167087.86743193847,169368.76850369794,0.5344553814857788,0.5201154473801193,0.5486068782903328,7.103541666666667,6.778958333333333,7.428124999999999,0.0,0.0,0.0,0.0,0.0,0.0,0.0,0.0,0.0,0.0,0.0,0.0,77.4,70.6,84.1,0.0,0.0,0.0,819.55,803.9,834.9,5379.65,5338.55,5418.3,0.0,0.0,0.0,0.0,0.0,0.0,63.24375,63.025,63.4625,0.10000000000000002,0.10000000000000002,0.10000000000000002,0.271875,0.26145833333333335,0.28203125,0.0,0.0,0.0,1.0,1.0,1.0,0.0012849874852690845,0.0012394672322261612,0.0013423251418134895,0.05596097100380572,0.05340391775788884,0.05908016604347354,0.10734371775010357,0.0985991719234428,0.11889168804398635,2.95000005280599e-05,2.7827513767988422e-05,3.103248331171926e-05,0.030940359501983032,0.02861639874244429,0.034495642888628934,0.04520142230286729,0.03896180407872309,0.05226857779914571,0.03209991091296412,0.030451165774274456,0.03427889537797292,481.2373046875,478.29412109375,484.110400390625,33.17141364500858,31.77844756638064,34.71930105851235,0.15234262452018255,201.75607640286123,0.07086606504505315,65.40691960473144
cologne8,demand_shock,ergs_v3,20,3.4071906666950325,3.357805665408947,3.4585627139675275,19.208958333333335,18.86519791666667,19.543963541666667,6.741573341438378,6.700046580888721,6.784278399654074,115.98174602159459,115.10103847336245,116.84166587602331,64.03249999999998,63.11499999999997,64.88249999999998,96.0,95.2,96.65,41.807499999999976,40.754999999999974,42.89499999999998,62.95,59.7,66.1,2534.0,2528.45,2539.4512499999996,2572.8,2568.0,2577.65,1.1062899429321924,1.0908548454130145,1.1215335522610734,519078.03336928133,515413.5854222298,522403.89641835657,182.32421214791273,181.03389785756994,183.50562452473827,168278.92275905304,167092.64472022036,169374.48416431135,0.5344553814857788,0.5200937611938423,0.5484961651649571,7.103541666666667,6.778328125,7.432921874999999,0.0,0.0,0.0,0.0,0.0,0.0,0.0,0.0,0.0,0.0,0.0,0.0,77.4,70.7,84.1,0.0,0.0,0.0,819.55,804.1,834.9,5379.65,5340.2,5418.45125,0.0,0.0,0.0,0.0,0.0,0.0,63.24375,63.031093750000004,63.45625,0.10000000000000002,0.10000000000000002,0.10000000000000002,0.271875,0.26145833333333335,0.28177083333333336,0.0,0.0,0.0,1.0,1.0,1.0,0.0012494499969761819,0.0012325498031714234,0.0012674725565739208,0.05479906973661848,0.05307346030430193,0.0565973225215929,0.09769501529942487,0.09138955510459919,0.10497329549960545,2.870250027626753e-05,2.7190003311261535e-05,3.0079999196459538e-05,0.029364125753054388,0.028350922112251275,0.030785307097416056,0.04013070626661649,0.0352464444770798,0.04584446573177849,0.030865025841533982,0.029712061468322035,0.03209089248075421,482.2869140625,479.4734228515625,485.0087939453125,38.05070836499799,36.42568886849272,39.768161347256395,0.15234262452018255,201.75607640286123,0.07086606504505315,65.40691960473144
cologne8,demand_shock,fixed,20,6.352952617401267,6.260709165363428,6.445815876360447,30.917916666666674,30.20895833333334,31.634380208333333,5.993898402125847,5.937384863656319,6.049610791097156,130.80831849564737,129.29489224322657,132.35121907201548,74.9,73.9,75.85,94.45,93.35,95.5,63.97999999999998,62.59749999999998,65.42749999999998,95.3,92.25,98.45,2528.5,2523.45,2533.6,2572.8,2568.1,2577.55,1.2873968718848245,1.2667832489216173,1.3081349033258065,579139.7017071698,572363.5047440154,586091.426389409,209.223250884123,206.77262537581862,211.8046573701062,187750.92043438132,185582.56964141797,189989.07095892823,0.521439253449139,0.5124293634608912,0.5295899915229926,10.910416666666666,10.523953125,11.323963541666666,0.0,0.0,0.0,0.0,0.0,0.0,0.05,0.0,0.15,0.0,0.0,0.0,96.1,89.0,103.5,0.0,0.0,0.0,965.0,941.95,988.6,5628.15,5572.55,5682.6,0.0,0.0,0.0,0.0,0.0,0.0,144.0,144.0,144.0,0.0,0.0,0.0,0.0,0.0,0.0,0.0,0.0,0.0,0.0,0.0,0.0,6.36375101748854e-05,6.156251183710992e-05,6.558750756084919e-05,0.00011633223941316822,0.00010964801633235762,0.00012368951689131788,0.00016441950929583967,0.0001520885596721199,0.00017601423040032368,0.0,0.0,0.0,0.0,0.0,0.0,0.0,0.0,0.0,0.0002984288131038839,0.0002884657119421819,0.00030824011863539154,477.578515625,473.6593505859375,481.2074658203125,33.250454639986856,32.11989729234308,34.3305526144999,0.17145953821415563,225.1009412729982,0.08132122624538363,72.97532666137334
cologne8,demand_shock,idqn,20,3.0796283026909537,3.0180417252285445,3.140273706793203,20.432291666666664,20.027697916666668,20.836276041666665,6.627750931099802,6.582346809706352,6.673115470967048,119.12731890691093,118.28644351740854,119.96226889737169,63.95,63.1,64.75,91.85,90.45,93.1,44.73999999999999,43.48999999999999,46.004999999999974,65.8,62.7,68.95,2534.95,2530.05,2540.0,2572.75,2567.95,2577.6,1.1870063071036632,1.1683396132590562,1.2064921287878894,530799.4266513947,527251.105916588,534269.8734199725,186.4359737276407,185.15799750648657,187.6704648751006,172078.86402861934,170946.5184450935,173195.08502421688,0.5303135460022823,0.5203146223281702,0.5397348009409445,7.383749999999999,7.1535416666666665,7.624374999999999,0.0,0.0,0.0,0.0,0.0,0.0,0.0,0.0,0.0,0.0,0.0,0.0,86.7,80.3,93.2,0.05,0.0,0.15,879.4,862.9,897.0012499999999,5456.0,5414.2,5494.55125,0.0,0.0,0.0,0.0,0.0,0.0,92.2125,92.03734374999999,92.39375,0.0,0.0,0.0,0.0,0.0,0.0,0.0,0.0,0.0,0.0,0.0,0.0,0.001188262496725656,0.0011379698615928647,0.0012441929321357747,0.0019030772519181478,0.0017560276559961487,0.002065145114422193,0.0024582228024955825,0.002218681869687861,0.002699126891403282,0.0,0.0,0.0,0.0,0.0,0.0,0.0,0.0,0.0,0.005346310486485082,0.0050894902465327815,0.005632069774262871,478.4826171875,474.9152294921875,481.9521826171875,33.35889559999923,31.694356169513483,35.02716751362255,0.16118035190615837,206.31597576577389,0.07246563938495411,66.88518667908633
cologne8,demand_shock,illm_style_review,20,3.6552079736428538,3.585453042552978,3.7305966497024055,19.813750000000002,19.450625000000002,20.195416666666663,6.699874273929879,6.660272938944547,6.740180492878828,116.6326500023662,115.8188347168596,117.50863652701075,66.49749999999999,65.43249999999998,67.65756249999998,95.8,94.9,96.55,41.94499999999998,40.95249999999998,42.949999999999974,64.4,60.95,67.9,2533.85,2528.7,2538.85,2572.8,2568.0,2577.6,1.096497321809263,1.0812476232029793,1.1121603499056854,521351.7434343345,518165.99003556056,524695.0679766936,183.405903657,182.25938475641325,184.6063169550389,169016.06710335857,168005.0689904551,170099.05970500846,0.5537029498289495,0.5432204668907114,0.5642813945332297,6.957499999999999,6.707083333333332,7.210208333333334,0.0,0.0,0.0,0.0,0.0,0.0,0.0,0.0,0.0,0.0,0.0,0.0,86.6,78.4,95.5,0.0,0.0,0.0,816.95,801.0,834.25,5383.4,5347.75,5420.9,0.0,0.0,0.0,0.0,0.0,0.0,61.3125,60.98125,61.63125,0.10000000000000002,0.10000000000000002,0.10000000000000002,0.25468750000000007,0.2458333333333333,0.2630273437499995,0.025468750000000002,0.024583333333333336,0.026328125,0.9745312499999998,0.9736979166666666,0.9754166666666668,0.0013107975071761757,0.0012281094526406377,0.001413143636964378,0.0021914292455767277,0.0020372906520860845,0.002377072772062092,0.003010485251259522,0.0028515155090150044,0.0031796033916049035,1.5447501209564506e-05,1.4194997420418077e-05,1.6867503436515108e-05,5.329574574716388e-05,4.999299041082849e-05,5.732824419828829e-05,7.373501756228509e-05,6.840160079154886e-05,7.998528262978656e-05,0.00608531562319614,0.005723197934126599,0.006523394229645417,480.4109375,477.49177734374996,483.179912109375,33.53589823000366,31.885248381383715,35.55713669311283,0.15175353865586805,202.63982565078302,0.07128649862290112,65.69343404203924
cologne8,demand_shock,lightgpt_direct,20,4.145055045789123,4.084817318875657,4.205211275261669,31.52520833333333,30.788541666666667,32.282296875,5.684899597577074,5.634404453304873,5.737770817953586,142.36284167572785,140.78839938390618,143.97307461572427,72.7,72.3,73.1,94.95,93.3,96.6,61.13249999999998,59.827499999999986,62.419999999999995,84.15,80.45,88.15,2534.0,2528.4,2539.55,2572.8,2568.05,2577.65,1.6420921053283528,1.6107254406358236,1.6742515568580465,622459.5408807425,616169.1847638757,629155.4548096933,220.4935909752121,218.15096500280657,223.0661273584316,201794.26022959047,199755.92873043875,203966.0986416491,0.4659621789054086,0.46203162458871944,0.4696743596598015,11.060833333333333,10.793744791666667,11.324583333333333,0.0,0.0,0.0,0.0,0.0,0.0,0.0,0.0,0.0,0.0,0.0,0.0,104.5,97.3,112.1,0.0,0.0,0.0,1235.7,1209.3,1261.45,6041.15,5987.35,6098.20125,0.0,0.0,0.0,0.0,0.0,0.0,105.0,105.0,105.0,1.0,1.0,1.0,0.7475781250000001,0.7450520833333334,0.7501302083333333,0.32375000000000004,0.3223958333333333,0.325078125,0.5,0.5,0.5,0.002619997496367432,0.0024385034401348095,0.0028180149370018626,0.004308259507524777,0.0038994706525263584,0.004729567836802742,0.005331384647404773,0.004918634496863522,0.005731998347560873,1.557999930810183e-05,1.4754995936527848e-05,1.6460003098472954e-05,3.1039009045343846e-05,2.858900783758144e-05,3.365328491054243e-05,4.339924507075918e-05,4.0802073829399876e-05,4.607518098782746e-05,0.012072738886191576,0.011208526663118794,0.012980395099687991,479.213671875,475.9378857421875,482.39807617187495,37.74373386998195,35.42720762936312,40.1108284622358,0.2045471474801983,241.9385653298906,0.08570179997481814,78.43371433053112
cologne8,demand_shock,llm_no_semantic,20,3.4071906666950325,3.3584425812855008,3.4573705823472816,19.208958333333335,18.860406250000004,19.54396354166667,6.741573341438378,6.70078997723067,6.784332033384573,115.98174602159459,115.08598933220864,116.83138368829286,64.03249999999998,63.1,64.89499999999998,96.0,95.2,96.65,41.807499999999976,40.75999999999998,42.862499999999976,62.95,59.75,66.2,2534.0,2528.45,2539.5,2572.8,2568.1,2577.6,1.1062899429321924,1.0909489207585816,1.121277200890371,519078.03336928133,515423.6284042336,522452.78957913356,182.32421214791273,181.01553856674744,183.52890362368152,168278.92275905304,167103.90732021828,169383.4010200272,0.5344553814857788,0.5201092592618914,0.5482858312264243,7.103541666666667,6.779166666666667,7.4320885416666655,0.0,0.0,0.0,0.0,0.0,0.0,0.0,0.0,0.0,0.0,0.0,0.0,77.4,70.4,84.3,0.0,0.0,0.0,819.55,804.3,835.05,5379.65,5339.44875,5418.1,0.0,0.0,0.0,0.0,0.0,0.0,63.24375,63.03125,63.45625,0.10000000000000002,0.10000000000000002,0.10000000000000002,0.0,0.0,0.0,0.0,0.0,0.0,1.0,1.0,1.0,0.00136703749303706,0.0012626999303756747,0.0014914386821328661,0.0023192234770976925,0.002130249654997896,0.0025472792240252592,0.003131581692781763,0.0028333102503631364,0.0034697272429359133,2.6967487065121533e-05,2.4994992199935953e-05,2.915747485531028e-05,0.00023702274891547847,0.000210018653589941,0.0002690825552417664,0.0003204222602071242,0.00028698772588250004,0.0003576647919966491,0.006378535134386361,0.005910535146576878,0.006938073320650397,480.001953125,477.00545898437497,482.9105810546875,33.20109823001549,31.722379268414077,34.78022721062705,0.15234262452018255,201.75607640286123,0.07086606504505315,65.40691960473144
cologne8,demand_shock,max_pressure,20,4.633793998907015,4.564623670434496,4.707234810135496,20.2625,19.94853645833333,20.594166666666666,6.650272083841243,6.616028579514485,6.685116431074715,116.68332803369124,115.8994197880518,117.45123196048004,72.11249999999998,71.67249999999999,72.60749999999996,96.9,96.5,97.25,41.24499999999998,40.09999999999998,42.384999999999984,59.7,56.65,62.9,2530.75,2526.2,2535.3,2572.8,2567.95,2577.55,1.0437005991474249,1.030490586727304,1.05703078040557,523723.3179402483,520069.02982019837,527333.2832758002,184.55977808571012,183.2957764985665,185.86001411599372,169784.93009567523,168570.84654468013,170964.85980172787,0.6027809786224744,0.5913432061759328,0.6142982974640173,6.651458333333333,6.42375,6.878125,0.0,0.0,0.0,0.0,0.0,0.0,0.0,0.0,0.0,0.0,0.0,0.0,89.8,81.29750000000004,98.3,0.1,0.0,0.25,785.65,768.85,802.55,5398.55,5360.6,5436.75125,0.0,0.0,0.0,0.0,0.0,0.0,52.1125,51.8,52.45,0.0,0.0,0.0,0.0,0.0,0.0,0.0,0.0,0.0,0.0,0.0,0.0,6.716499920003116e-05,6.412000198906754e-05,7.032762507151345e-05,0.00011976323061389843,0.00011039283098216399,0.00012970713154209073,0.00016365634510293593,0.00014829745057359092,0.00017843954447744164,0.0,0.0,0.0,0.0,0.0,0.0,0.0,0.0,0.0,0.00031294818778405893,0.0002972377161307425,0.00032954942605768636,477.9203125,474.054248046875,481.5039306640625,31.74066488502431,30.111278394261028,33.477758750668144,0.1455298181919219,203.56161300538255,0.07173498837286618,65.99227693395338
cologne8,demand_shock,ppo_ensemble,20,3.4071906666950325,3.358341600521715,3.4585562367455798,19.208958333333335,18.86144791666667,19.542713541666668,6.741573341438378,6.699851968645945,6.78466081981008,115.98174602159459,115.08194026918851,116.84965652599288,64.03249999999998,63.104999999999976,64.88006249999997,96.0,95.2,96.65,41.807499999999976,40.754999999999974,42.864999999999974,62.95,59.75,66.15,2534.0,2528.45,2539.55,2572.8,2568.05,2577.6,1.1062899429321924,1.0908100164544818,1.1212972601436482,519078.03336928133,515444.0924388685,522394.756299186,182.32421214791273,181.00561251285814,183.51331690261372,168278.92275905304,167101.70130386134,169356.68439851448,0.5344553814857788,0.5201736751666057,0.5487099306278634,7.103541666666667,6.78375,7.433333333333333,0.0,0.0,0.0,0.0,0.0,0.0,0.0,0.0,0.0,0.0,0.0,0.0,77.4,70.5,84.1,0.0,0.0,0.0,819.55,803.7,834.95,5379.65,5339.59875,5418.90125,0.0,0.0,0.0,0.0,0.0,0.0,63.24375,63.03125,63.45625,0.0,0.0,0.0,0.0,0.0,0.0,0.0,0.0,0.0,0.0,0.0,0.0,0.0012802450015442445,0.0011773468787578169,0.001393338688649237,0.0020730232622008763,0.00189571311110194,0.0022594955893146095,0.002656217490381094,0.0023885976897901847,0.002928354048477192,0.0,0.0,0.0,0.0,0.0,0.0,0.0,0.0,0.0,0.005851033774799565,0.005412789418270525,0.006334523657697597,478.8189453125,475.4144384765625,482.13088867187497,34.74268972999998,33.0417034015061,36.479542759993635,0.15234262452018255,201.75607640286123,0.07086606504505315,65.40691960473144
cologne8,demand_shock,ppo_event_rule,20,3.4202733240735474,3.3603713174626972,3.482079887767337,19.295416666666668,18.933953125,19.644166666666667,6.734631790427014,6.689442021304487,6.779462983932917,116.09753072300126,115.19365709971117,116.9985124169343,64.03249999999998,63.08249999999998,64.9,95.6,94.6,96.45,41.90249999999998,41.054999999999986,42.73999999999999,63.0,59.75,66.2,2533.6,2528.2,2538.7,2572.8,2568.0,2577.65,1.1094012493417573,1.0935687148151632,1.1247399289990383,519287.90085771587,515980.57887196995,522271.13041507336,182.46002120522974,181.29393246485907,183.5347601555092,168346.96662049324,167294.30247436164,169315.15862600366,0.5362373519384918,0.5222901742851015,0.5504390933342899,7.095833333333333,6.776661458333333,7.411671875,0.0,0.0,0.0,0.0,0.0,0.0,0.0,0.0,0.0,0.0,0.0,0.0,76.8,69.9,83.6,0.0,0.0,0.0,821.35,805.2,837.6,5377.7,5336.09875,5418.1,0.0,0.0,0.0,0.0,0.0,0.0,63.21875,62.9375,63.4875,0.0,0.0,0.0,0.00019054878048780488,7.621951219512195e-05,0.00034298780487804876,0.00013020833333333333,5.208333333333333e-05,0.000234375,0.0,0.0,0.0,0.0016418050130596385,0.0015031597694178346,0.0017896329499490092,0.002648964498948771,0.002388588855566922,0.0029339186026045355,0.003421014058694706,0.0030653217364364515,0.0037926906454318634,0.0,0.0,0.0,0.0,0.0,0.0,0.0,0.0,0.0,0.0074599657676784155,0.006827335609010737,0.008127906183503002,479.5001953125,476.3382666015625,482.5283251953125,35.35352364999708,33.03620207926695,37.77300998950828,0.15273258084311137,201.83764803238336,0.07091885152566454,65.43336700112455
cologne8,emergency_vehicle,ergs_no_calibration,20,3.109019370951781,3.0383841842991868,3.1715782081098594,12.145208333333333,11.897083333333331,12.392708333333331,7.2016689500438655,7.158041226099583,7.244607275758795,104.9302158714011,104.24826275501495,105.63193239664619,59.91249999999999,58.8,60.93249999999999,95.05,93.85,96.05,26.834999999999987,25.932499999999987,27.742499999999986,38.1,36.35,39.85,2010.35,2009.2,2011.4,2049.05,2048.65,2049.4,0.9044197600347446,0.8891490350606275,0.9204876140145267,373715.917606889,371312.56417254335,376018.9742030858,132.85180323296512,131.91423955934113,133.7708596197038,121150.98619375296,120377.4548716467,121900.82941552285,0.5343261382235817,0.5201785881264277,0.5486822462497268,4.709375,4.489166666666668,4.931046875,70.5,59.25,81.75,106.9875,96.75,117.5125,0.0,0.0,0.0,0.0,0.0,0.0,48.0,44.4,51.7,0.05,0.0,0.15,481.6,468.55,493.8,3672.65,3652.5487500000004,3694.7,0.0,0.0,0.0,0.0,0.0,0.0,60.4875,60.20625,60.7625,0.02390625,0.023307291666666664,0.02453125,0.09102919003195958,0.0766866876264171,0.10652961161127474,0.0005729166666666667,0.00036458333333333335,0.0008072916666666668,0.9994270833333335,0.9991927083333334,0.9996354166666667,0.0012020800088066608,0.0011898599462438141,0.0012136775098042563,0.0020156607453827736,0.0019131145449937316,0.0021514037004890254,0.010396068708214374,0.00618211238348007,0.014908381723856896,3.31749819451943e-05,3.072992709348909e-05,3.593747700506356e-05,0.008585063269129015,0.004038226338234374,0.013507172541118044,0.026316041064157608,0.021471232103471963,0.031121482050951454,0.006855059524128186,0.006469661799329615,0.0072856265423415605,476.6814453125,474.6673193359375,478.6656298828125,29.494530544988812,28.70688354287384,30.342446228095795,0.1311314718255211,182.3849674760933,0.06483580353479179,59.12544164063979
cologne8,emergency_vehicle,ergs_no_hysteresis,20,3.1252970913538647,3.054583793388389,3.1845549315109065,12.160416666666666,11.920411458333335,12.390213541666665,7.197552833471931,7.157783181610353,7.238165456478851,105.03903645861942,104.3629675719558,105.72616015720097,59.834999999999994,58.802437499999996,60.75256249999999,95.95,95.15,96.6,27.024999999999988,26.027499999999986,28.064999999999998,38.1,36.35,39.85,2011.4,2010.35,2012.5,2049.05,2048.65,2049.4,0.9042004857233611,0.8904139773642981,0.9183282324598527,373640.70101783413,371322.65784305835,375820.2539168947,132.88843907030338,131.94206650754768,133.80309142518652,121126.50507227049,120376.94842012838,121825.51306050608,0.5338993731171342,0.5200314382257628,0.5479802141662281,4.718541666666666,4.505828125,4.932708333333332,72.75,58.5,87.0,107.0875,96.575,117.4875,0.0,0.0,0.0,0.0,0.0,0.0,47.8,44.1,51.4,0.05,0.0,0.15,482.4,469.59875000000005,495.0,3675.15,3654.65,3696.9,0.0,0.0,0.0,0.0,0.0,0.0,60.25,60.0125,60.48125,0.023776041666666668,0.023203124999999998,0.024401041666666668,0.0831615716860308,0.07113789846969275,0.09561851761348233,0.0003385416666666667,0.00018229166666666665,0.0005208333333333334,0.9996614583333333,0.9994791666666668,0.9998177083333335,0.0013475799933075905,0.0012499123009911274,0.0014632087587960997,0.002290965511929243,0.0020930896576319357,0.0025147107905067957,0.011771321314561527,0.007537980515975481,0.016270274728335567,3.941500908695161e-05,3.539251018082723e-05,4.380751342978328e-05,0.010482212498609438,0.005533010656065022,0.015623717063608633,0.03366845070855923,0.025464467836781107,0.043192607615045564,0.0077901200885228,0.007097724103238862,0.008566061239608947,476.83984375,474.8064404296875,478.79141601562503,30.827331655001036,29.372912130513868,32.482081010149706,0.1312599485735276,182.34825944600382,0.06485368296054433,59.11349409349235
cologne8,emergency_vehicle,ergs_no_shield,20,3.1252970913538647,3.054928171285495,3.1845581672606116,12.160416666666666,11.919375,12.386046875000002,7.197552833471931,7.158127724784593,7.238166112465456,105.03903645861942,104.37205186570957,105.73426692306846,59.834999999999994,58.8,60.73999999999999,95.95,95.15,96.6,27.024999999999988,26.029999999999983,28.067499999999995,38.1,36.35,39.85,2011.4,2010.3,2012.5,2049.05,2048.65,2049.4,0.9042004857233611,0.8905140053735183,0.9183452704072828,373640.70101783413,371301.50204531325,375818.062499722,132.88843907030338,131.91232988995407,133.78445153555376,121126.50507227049,120370.13431896827,121829.47089999795,0.5338993731171342,0.5200963840151973,0.5483165600242379,4.718541666666666,4.504166666666668,4.930833333333333,72.75,59.25,87.0,107.0875,96.6875,117.4,0.0,0.0,0.0,0.0,0.0,0.0,47.8,44.1,51.5,0.05,0.0,0.15,482.4,469.4,495.15,3675.15,3654.74875,3697.3512499999997,0.0,0.0,0.0,0.0,0.0,0.0,60.25,60.0125,60.48125,0.023776041666666668,0.023203124999999998,0.024401041666666668,0.08420323835269747,0.07245343194036923,0.09632739624174456,0.0003385416666666667,0.00018229166666666665,0.0005208333333333334,0.9996614583333333,0.9994791666666668,0.9998177083333335,0.0012975550023838877,0.001244147065517609,0.0013668077442707727,0.0021833649964537465,0.0020735589584510304,0.0023137203540172764,0.010754498010675788,0.006939923272935198,0.014828710527434152,3.451500670053065e-05,3.212243187590502e-05,3.733758167072664e-05,0.00930009476229315,0.0049557308961302666,0.014014229811378754,0.02482754094712435,0.0206639925749783,0.028627878965807013,0.007167291360383387,0.006835877850577364,0.00753050215240748,476.808203125,474.8349609375,478.75862304687496,30.769839250011138,29.617099048977252,31.91097207963961,0.1312599485735276,182.34825944600382,0.06485368296054433,59.11349409349235
cologne8,emergency_vehicle,ergs_no_uncertainty,20,3.12723186204689,3.0558512698243026,3.1896056151242216,12.157083333333333,11.915416666666667,12.397088541666665,7.2003415061397815,7.160213337804124,7.239872658034121,105.00100773450784,104.31982448802663,105.69554919520756,59.78499999999999,58.75749999999999,60.68249999999999,96.2,95.4,96.8,27.02249999999999,26.029999999999983,28.057562499999992,38.1,36.4,39.85,2011.15,2009.85,2012.4,2049.05,2048.65,2049.4,0.9039073025013626,0.8898378896987184,0.9185212381439994,373506.5324464037,371127.4727234301,375794.51907342736,132.81977959235724,131.8605258761491,133.74047327142324,121083.04355494457,120305.41769279665,121820.65724388196,0.5325793769265608,0.5175159404452343,0.5478604687469221,4.730416666666666,4.505416666666667,4.961041666666667,72.75,59.25,87.0,106.75,96.4375,117.05,0.0,0.0,0.0,0.0,0.0,0.0,47.1,43.4,50.8,0.05,0.0,0.15,482.1,468.7,495.35,3674.55,3654.49875,3696.4,0.0,0.0,0.0,0.0,0.0,0.0,60.25,60.025,60.46875,0.023828125,0.02322916666666667,0.024453125000000003,0.08501749213006411,0.07248483227955714,0.09796719900418743,0.0004687500000000001,0.0002604166666666667,0.000703125,0.9995312500000001,0.9993229166666667,0.9997395833333333,0.001226555005996488,0.0012132498819846659,0.001239613012439804,0.00202438276464818,0.0019774007479136345,0.002071711527409206,0.010853123983193564,0.006856603332476446,0.01502754746702548,3.39774793246761e-05,3.155248676193878e-05,3.674003659398294e-05,0.009656899252440778,0.005000377859352738,0.014501271612745763,0.024587396203074593,0.020616311346870458,0.028199557740273305,0.006867907941737536,0.006530189437684586,0.007216915177924117,476.7552734375,474.7519287109375,478.73205078125,29.85727300500148,28.485620789623354,31.161236282626778,0.13119973874351962,182.2827810187178,0.06482017500420059,59.09228352404508
cologne8,emergency_vehicle,ergs_v3,20,3.1252970913538647,3.0558714207991944,3.1840736201053077,12.160416666666666,11.919791666666667,12.390208333333334,7.197552833471931,7.157626712333362,7.2378545853619585,105.03903645861942,104.34928482030952,105.72364733619712,59.834999999999994,58.8,60.754999999999995,95.95,95.15,96.6,27.024999999999988,26.027499999999986,28.06499999999999,38.1,36.35,39.85,2011.4,2010.35,2012.5,2049.05,2048.65,2049.4,0.9042004857233611,0.8904150469067939,0.9184466744566573,373640.70101783413,371324.02992872446,375826.54325841164,132.88843907030338,131.94449464737934,133.79025289890777,121126.50507227049,120376.41786970197,121843.27134057788,0.5338993731171342,0.5200832751754343,0.5482720907784541,4.718541666666666,4.503750000000001,4.93,72.75,59.25,87.0,107.0875,96.675,117.48812499999994,0.0,0.0,0.0,0.0,0.0,0.0,47.8,44.2,51.5,0.05,0.0,0.15,482.4,469.35,495.05,3675.15,3654.35,3697.3,0.0,0.0,0.0,0.0,0.0,0.0,60.25,60.0125,60.475,0.023776041666666668,0.023203124999999998,0.024401041666666668,0.08420323835269747,0.07247604738610115,0.09635057988035296,0.0003385416666666667,0.00018229166666666665,0.0005208333333333334,0.9996614583333333,0.9994791666666668,0.9998177083333335,0.0014163749990984797,0.0013075173802644712,0.0015462786892021538,0.0023838599785813122,0.002206789735770144,0.002587921954982448,0.011487772455962726,0.0075372227900108125,0.015633182429693856,4.0570003329776226e-05,3.692242513352539e-05,4.46575733803911e-05,0.009905446250049858,0.0051898887537608915,0.014833103537086572,0.029256410598463834,0.023784369676883174,0.03479016219580225,0.007871118033225582,0.007260293961610134,0.008549422526413357,476.89140625,474.8780712890625,478.81548828125,37.03538813999039,35.07467739811982,39.34830618549502,0.1312599485735276,182.34825944600382,0.06485368296054433,59.11349409349235
cologne8,emergency_vehicle,fixed,20,5.600597951899109,5.545040208677231,5.664723771676792,18.971875,18.672078125,19.28646354166667,6.609437136865623,6.574053914067477,6.643414780709492,113.43052261845901,112.55667810343392,114.35360471855533,67.02749999999999,65.92249999999999,68.0925,89.2,87.4,90.85,41.28749999999998,40.344999999999985,42.23749999999998,55.75,53.9,57.6,2004.85,2003.65,2006.15,2049.05,2048.65,2049.4,1.0388949584172376,1.0273280411598018,1.0510650902481187,403903.179030313,400625.41780843877,407306.11271747726,147.84605904523124,146.59215495500678,149.19546263281532,130937.40870407825,129887.36050166833,132036.41270509892,0.5319398684285507,0.5218131837227763,0.5411956734148781,7.000624999999999,6.728536458333333,7.294583333333334,126.0,99.75,154.5,117.6625,106.45,128.9375,0.0,0.0,0.0,0.0,0.0,0.0,51.4,47.3,55.3,0.05,0.0,0.15,549.35,535.9,563.25,3803.7,3777.55,3828.3,0.0,0.0,0.0,0.0,0.0,0.0,144.0,144.0,144.0,0.0,0.0,0.0,0.0,0.0,0.0,0.0,0.0,0.0,0.0,0.0,0.0,6.63400103803724e-05,6.333751953206957e-05,6.969000394747126e-05,0.00012223849829751994,0.0001115349157626042,0.000133938635859522,0.00016172574786469326,0.0001482251527369952,0.0001760912519690463,0.0,0.0,0.0,0.0,0.0,0.0,0.0,0.0,0.0,0.00031371852762175775,0.00029619040933175707,0.00033365322881925537,473.389453125,470.517568359375,476.0979296875,32.36343512500171,30.826680884882084,34.019617451880904,0.14442516497094934,197.1172880263112,0.07215346577449609,63.90151958423574
cologne8,emergency_vehicle,idqn,20,2.5070476482950204,2.4556292987091877,2.5592166043526685,11.927083333333332,11.666041666666668,12.197083333333332,7.175205293029921,7.135472140806402,7.2145630453762175,105.50266739632661,104.85512150153119,106.13984478941612,55.41749999999998,54.302499999999995,56.50506249999999,82.4,79.95,84.9,27.219999999999988,26.362499999999994,28.164999999999992,38.3,36.45,40.5,2010.75,2009.2,2012.4,2049.05,2048.65,2049.4,0.9379212577933304,0.9229169443078363,0.952925530163737,376441.06058896077,374187.2132658393,378697.59761269845,133.53001186565763,132.5384695024678,134.5159868684586,122034.0234931582,121299.89764544895,122759.39260082105,0.5213903085067207,0.5075673071034524,0.5346433938724695,4.684374999999999,4.471869791666665,4.902296874999999,85.5,72.75,98.25,114.2125,104.2996875,124.48781249999998,0.0,0.0,0.0,0.0,0.0,0.0,52.5,47.0,58.0,0.0,0.0,0.0,498.4,488.45,509.05,3684.45,3661.1,3708.6012499999997,0.0,0.0,0.0,0.0,0.0,0.0,92.08125,91.89375,92.28125,0.0,0.0,0.0,0.0,0.0,0.0,0.0,0.0,0.0,0.0,0.0,0.0,0.0012000449933111668,0.0011413340114813763,0.0012678276163933333,0.001922928754065651,0.0017628562105528544,0.0020993896610598307,0.002493569100974126,0.0022742982796815324,0.0027007340607568017,0.0,0.0,0.0,0.0,0.0,0.0,0.0,0.0,0.0,0.005432177111611558,0.005140178082343886,0.005758344057301252,474.1033203125,471.6274755859375,476.48986328125,31.51983316001133,29.807530809748567,33.19504791275889,0.13527120737152085,183.71492183644165,0.06516679039831026,59.55639125114477
cologne8,emergency_vehicle,illm_style_review,20,3.1157159183986014,3.0540519740003056,3.1756235512871633,12.099791666666667,11.85875,12.338541666666666,7.21145849991135,7.169805897181348,7.253639991132154,104.85658210626472,104.13783474765641,105.56080877716711,59.832499999999996,58.764624999999995,60.85,95.9,94.8,96.7,26.93999999999998,25.84499999999998,28.02249999999999,37.85,36.05,39.65,2010.5,2009.4,2011.55,2049.05,2048.65,2049.4,0.8993445532256154,0.8854078332786914,0.9138407092297546,373579.73566756205,371140.2750956695,375850.2609926098,132.85497030637927,131.8358810252198,133.80454921146242,121106.79490658967,120311.251616112,121837.34516384228,0.5371382906750382,0.5219609200432962,0.5519454084984821,4.669166666666667,4.437291666666667,4.892083333333333,83.25,68.25,97.5,110.2125,99.27468750000001,120.55,0.0,0.0,0.0,0.0,0.0,0.0,47.0,43.3,50.7,0.05,0.0,0.15,474.9,461.85,487.3,3675.25,3655.5,3696.30125,0.0,0.0,0.0,0.0,0.0,0.0,60.2,59.99375,60.4,0.02385416666666667,0.023203125,0.024505208333333337,0.0,0.0,0.0,0.0,0.0,0.0,1.0,1.0,1.0,0.0012293700041482226,0.0012143622389703523,0.0012440175763185834,0.0019813562583294695,0.00194069977140316,0.0020196874746616234,0.0025657362884376183,0.0023858003968067337,0.002752790675265712,3.144499787595123e-05,2.969749904877972e-05,3.336498921271414e-05,0.0002129102632170543,0.00020104725261626297,0.0002287390046403743,0.0003186467007617467,0.00024071136775310152,0.0004538676917596604,0.005681180915255229,0.005608685507823489,0.005752615283713668,476.3375,474.3103125,478.3105859375,28.78374083500239,27.90705462761296,29.60937098225069,0.12921569961227128,182.31850646278133,0.06483734916491998,59.103874920860726
cologne8,emergency_vehicle,lightgpt_direct,20,2.9924058448794066,2.951298938969603,3.0323764756985816,15.182083333333333,14.854369791666667,15.50375,6.671114004692025,6.640306450833973,6.702843139393246,114.70156130988528,113.73013166567421,115.6753047791597,64.18499999999997,63.38499999999999,64.89999999999998,88.25,86.5,89.8,36.27499999999999,34.97249999999999,37.68249999999998,46.5,44.8,48.2,2009.95,2008.9,2011.1,2049.05,2048.65,2049.4,1.0898714380270271,1.0722372680499899,1.1078536806465973,404333.6041722973,401529.56331523537,407073.65190137277,143.40439918754709,142.34562735158673,144.43053342226887,131076.9030604058,130162.71043691148,131938.0331349007,0.4209682970487451,0.4119477912118151,0.43007954736619275,7.127916666666667,6.891656250000001,7.369791666666666,93.75,82.5,105.0,116.7125,106.6746875,126.66281249999997,0.0,0.0,0.0,0.0,0.0,0.0,52.3,46.9,57.9,0.0,0.0,0.0,637.5,623.45,652.2,3874.0,3843.05,3907.8512499999997,0.0,0.0,0.0,0.0,0.0,0.0,105.0,105.0,105.0,1.0,1.0,1.0,0.7977083333333334,0.7954687500000001,0.8002604166666668,0.34270833333333334,0.34101562499999993,0.3444270833333333,0.5,0.5,0.5,0.0024190949945477767,0.0023325909338018395,0.002534107934334315,0.003916449502285103,0.0036030058772812475,0.004235209848287922,0.004771813335188196,0.004308799234734032,0.005214719580455854,1.4714995631948114e-05,1.4389993157237769e-05,1.5189999248832465e-05,2.7893491496797643e-05,2.640299135964596e-05,2.958324895735131e-05,3.9288740663323534e-05,3.687298753211505e-05,4.178847567382034e-05,0.011081947049929618,0.010655417114096663,0.01162759609563404,474.8884765625,472.6690576171875,477.02482421875004,31.46933584001381,30.131749920483852,32.94245960741434,0.16455859576664947,197.32734885546827,0.06998579790026943,63.96959715985741
cologne8,emergency_vehicle,llm_no_semantic,20,3.1157159183986014,3.0529367613653404,3.176041705896932,12.099791666666667,11.857703125,12.333963541666666,7.21145849991135,7.169549321425536,7.2548245373269955,104.85658210626472,104.12809921248976,105.579350666285,59.832499999999996,58.78249999999999,60.85,95.9,94.8,96.7,26.93999999999998,25.84749999999998,28.02999999999999,37.85,36.05,39.65,2010.5,2009.45,2011.5,2049.05,2048.65,2049.4,0.8993445532256154,0.8856801177692719,0.9138166786767083,373579.73566756205,371103.89402644325,375834.42328784097,132.85497030637927,131.82440429285936,133.81773012618274,121106.79490658967,120306.22333765223,121831.36075436795,0.5371382906750382,0.5219145314687335,0.5525348060102102,4.669166666666667,4.440208333333333,4.900005208333333,83.25,68.25,97.5,110.2125,99.5125,120.51281249999998,0.0,0.0,0.0,0.0,0.0,0.0,47.0,43.3,50.7,0.05,0.0,0.15,474.9,462.05,487.3,3675.25,3655.69875,3696.15125,0.0,0.0,0.0,0.0,0.0,0.0,60.2,59.99375,60.4,0.02385416666666667,0.023203124999999998,0.024505859374999946,0.0,0.0,0.0,0.0,0.0,0.0,1.0,1.0,1.0,0.0012228024861542508,0.0012082173751696247,0.0012382600527780596,0.0020331577316392213,0.0019971772174903887,0.0020740315962684682,0.002708913905662482,0.0025719862857338715,0.002849959534025398,2.8624990954995154e-05,2.6759988104458897e-05,3.061249743041116e-05,0.00021102599595906201,0.0001951073276213719,0.00023001574864611027,0.00038201144593767825,0.00024577697027707474,0.0006341350986927864,0.0057463321323545325,0.005683417740714908,0.0058140702799460596,475.8927734375,473.76773925781254,477.9714892578125,29.678842195007018,28.804984892244395,30.581812049134896,0.12921569961227128,182.31850646278133,0.06483734916491998,59.103874920860726
cologne8,emergency_vehicle,max_pressure,20,4.55997098646711,4.485741042887954,4.637232391437311,13.625,13.39729166666667,13.848755208333333,7.028900541067424,7.002213111795066,7.0575327502488925,107.18062296613229,106.64188135786226,107.69465927493866,71.51749999999997,70.71499999999996,72.30749999999996,97.0,96.85,97.15,27.967499999999994,27.21999999999999,28.71749999999999,41.4,39.7,43.15,2006.9,2005.2,2008.5,2049.05,2048.65,2049.4,0.8800664125583207,0.868071873173787,0.890645931186705,383044.744583658,379914.59180219274,385785.8617155979,136.78491395560746,135.66137349930378,137.82850499611746,124175.19136083231,123170.6626789108,125056.95756075939,0.6190304239889801,0.609244004471221,0.6284153584046971,4.463958333333334,4.309583333333333,4.608343749999999,105.75,84.0,129.0,118.075,106.25,129.125,0.0,0.0,0.0,0.0,0.0,0.0,56.3,51.0,61.9,0.0,0.0,0.0,482.2,473.45,491.45,3730.8,3712.5,3747.95,0.0,0.0,0.0,0.0,0.0,0.0,48.975,48.73125,49.21875,0.0,0.0,0.0,0.0,0.0,0.0,0.0,0.0,0.0,0.0,0.0,0.0,7.093749300111086e-05,6.717486561683473e-05,7.476249622413887e-05,0.00012837074842536817,0.00011810145794879641,0.00013923078369407449,0.0001686373039265162,0.00015551805008144574,0.0001819749023095936,0.0,0.0,0.0,0.0,0.0,0.0,0.0,0.0,0.0,0.0003374767515601383,0.0003178495937283717,0.0003578164582268073,473.63046875,470.884951171875,476.20254882812503,31.485588990000544,29.70567900289199,33.30629625849542,0.12924841856974376,186.9377245961094,0.06675528364637634,60.60134762979542
cologne8,emergency_vehicle,ppo_ensemble,20,3.1157159183986014,3.05268176217459,3.176395839493728,12.099791666666667,11.854791666666667,12.338130208333334,7.21145849991135,7.169495399576728,7.254396747175377,104.85658210626472,104.12857559120894,105.576478796318,59.832499999999996,58.78249999999999,60.88249999999999,95.9,94.8,96.7,26.93999999999998,25.84499999999998,28.03999999999998,37.85,36.05,39.65,2010.5,2009.45,2011.55,2049.05,2048.65,2049.4,0.8993445532256154,0.8851476802466341,0.9141788717136876,373579.73566756205,371126.1755056106,375844.4839093178,132.85497030637927,131.8474923459968,133.83485303285573,121106.79490658967,120301.77908979292,121836.60801244107,0.5371382906750382,0.5220283878882558,0.5521650002407649,4.669166666666667,4.439166666666667,4.8993802083333335,83.25,68.25,97.5,110.2125,99.49968750000001,120.35,0.0,0.0,0.0,0.0,0.0,0.0,47.0,43.3,50.8,0.05,0.0,0.15,474.9,461.85,487.45,3675.25,3655.55,3696.4,0.0,0.0,0.0,0.0,0.0,0.0,60.2,59.99375,60.39375,0.0,0.0,0.0,0.0,0.0,0.0,0.0,0.0,0.0,0.0,0.0,0.0,0.0012621774920262396,0.0011622604964941273,0.0013798371757002314,0.002052423752029426,0.0018748234707454685,0.002261264783235673,0.002568707148951942,0.002340349817855165,0.0028061433518800165,0.0,0.0,0.0,0.0,0.0,0.0,0.0,0.0,0.0,0.005774273650386022,0.00535509503049434,0.006272718228345588,474.541796875,472.19685058593745,476.8060986328125,30.291764915001114,28.19538305001828,32.56860945588938,0.12921569961227128,182.31850646278133,0.06483734916491998,59.103874920860726
cologne8,emergency_vehicle,ppo_event_rule,20,3.111840158886203,3.048499382530045,3.1740850638557134,12.072916666666668,11.842083333333335,12.307083333333333,7.213348764039561,7.169738735863564,7.2544071646052135,104.6096835812056,103.96640157921458,105.26185189632221,60.07249999999999,58.975,61.205,96.65,95.95,97.05,26.46749999999999,25.5574375,27.412499999999994,39.35,37.65,40.95,2009.25,2007.95,2010.55,2049.05,2048.65,2049.4,0.8988581903558069,0.8862552789645792,0.9125126398692985,372672.70803543204,370450.3233259098,374900.90526326996,132.37145024921648,131.4826460643612,133.26769345578353,120813.0478929015,120080.47816731216,121518.3660413986,0.5426762367334352,0.5292113267836008,0.5562227263656793,4.590416666666667,4.388958333333334,4.7914635416666655,51.0,39.75,63.0,101.8,91.6,111.85,0.0,0.0,0.0,0.0,0.0,0.0,47.4,43.9,50.9,0.05,0.0,0.15,477.3,463.2,491.4,3670.5,3649.9,3690.65,0.0,0.0,0.0,0.0,0.0,0.0,60.2875,59.98125,60.5625,0.0,0.0,0.0,0.200777872401,0.16338760601929034,0.2346322137520694,0.00265625,0.00203125,0.0032812500000000003,0.0,0.0,0.0,0.0013763525057584047,0.0013603299459646224,0.0013922401208401425,0.0022126474947435776,0.0021401054842863226,0.0022844981612215633,0.002857228953682349,0.0026713516506715654,0.0030412843012629287,0.0,0.0,0.0,0.0,0.0,0.0,0.0,0.0,0.0,0.00632759553278447,0.006227078309137747,0.006423233158755668,475.3771484375,473.214248046875,477.50159179687495,28.804004225012612,27.946942417125538,29.683744596029136,0.13003677973028197,181.8758488252761,0.06460137636915472,58.9605172606337
cologne8,lane_closure,ergs_no_calibration,20,22.326736173056783,21.218047609617127,23.646073404844877,22.99604166666667,22.323333333333338,23.766875,6.015619808054764,5.954513851881192,6.069069540170458,121.31970963483897,120.18026244238308,122.53770340267526,78.28749999999998,76.39999999999998,80.18999999999997,100.0,100.0,100.0,43.17249999999999,40.96999999999999,45.624999999999986,55.35,53.15,57.65,1992.8,1990.45,1995.25,2045.05,2044.65,2045.4,1.0062586309145676,0.9913910967681615,1.0218368933916349,435783.1105942541,431877.5900259945,439903.00179866794,155.9456580544606,154.4245715616669,157.5646376888365,141276.04792270565,139998.28268114215,142586.2593209862,0.334917233754683,0.3243121354438519,0.3457791539671453,12.732291666666667,12.044791666666667,13.437083333333334,0.0,0.0,0.0,0.0,0.0,0.0,5.1,4.9,5.3,0.0,0.0,0.0,55.6,51.4,60.0,0.0,0.0,0.0,541.45,531.95,552.1512499999999,3730.85,3709.35,3754.1,0.0,0.0,0.0,0.0,0.0,0.0,59.725,59.44375,60.00625,0.03072916666666667,0.03072916666666667,0.03072916666666667,0.10508474576271187,0.09661016949152541,0.11440677966101695,0.00013020833333333336,0.0,0.00028645833333333333,0.9998697916666668,0.9997135416666667,1.0,0.0012640300003113226,0.001177535428214469,0.0013607070794387252,0.0019853759999386962,0.0018790340766281586,0.0021080753088244817,0.022445225594157712,0.018484861084747388,0.026073096882346665,4.072000156156719e-05,3.835501236608252e-05,4.327999224187806e-05,0.016915402009617494,0.011805732628708883,0.021752035369936466,0.03076201599359047,0.028649776069950905,0.03301519992741525,0.007818902449459224,0.007347953015907479,0.008339345859427742,477.595703125,475.3193310546875,479.77815429687496,28.574450110003816,27.064087760631374,30.05480744149332,0.14512778589329509,213.09166553104035,0.07625518107354863,69.08195297068808
cologne8,lane_closure,ergs_no_hysteresis,20,22.365266434218533,21.258508641814586,23.68178538808163,22.990208333333335,22.304583333333337,23.757302083333332,6.014812732211437,5.954861533345741,6.068573417608804,121.43156159738183,120.33879620108554,122.62200517508803,78.18999999999997,76.28493749999998,80.09749999999995,100.0,100.0,100.0,43.11749999999999,40.97243749999999,45.57249999999999,55.45,53.25,57.75,1992.85,1990.45,1995.45,2045.05,2044.65,2045.4,1.0057696333595554,0.9905603708133758,1.0216819828012496,435816.68850518094,431891.1584668493,439944.47517621005,155.94233511115934,154.40600649322766,157.5708472031132,141286.93239668602,140036.79857860002,142597.2182748907,0.3357922066812382,0.32532547395366884,0.34609560117107113,12.693541666666668,12.005203125,13.413124999999999,0.0,0.0,0.0,0.0,0.0,0.0,5.1,4.9,5.3,0.0,0.0,0.0,55.1,51.1,59.1,0.0,0.0,0.0,542.4,532.65,553.3,3735.1,3716.1,3756.55,0.0,0.0,0.0,0.0,0.0,0.0,59.65625,59.36875,59.95,0.03072916666666667,0.03072916666666667,0.03072916666666667,0.10423728813559321,0.09491525423728814,0.11440677966101695,0.0,0.0,0.0,1.0,1.0,1.0,0.001255402498645708,0.0011824128711305094,0.0013347119375248437,0.001925853997818194,0.0018469059304698021,0.0020152984682717933,0.021932003192137835,0.017944354438780237,0.025719559744965148,4.007500829175115e-05,3.735499340109527e-05,4.328501527197659e-05,0.01731362049700689,0.012349415242657369,0.02192135383620915,0.030972008619457498,0.029220856343116615,0.03279707893273445,0.00767850949262437,0.00731120865179441,0.00812447856780414,477.7126953125,475.4587841796875,479.86173828125004,28.0332750550122,26.068894451765374,29.98334300564122,0.1452169955289015,213.10808464594064,0.07625355620212676,69.08727532172125
cologne8,lane_closure,ergs_no_shield,20,22.365266434218533,21.278358658516918,23.680866858025865,22.990208333333335,22.30852604166667,23.754583333333333,6.014812732211437,5.954778606281851,6.069142985702391,121.43156159738183,120.33546856834178,122.5934540039435,78.18999999999997,76.2875,80.06249999999999,100.0,100.0,100.0,43.11749999999999,41.007437499999995,45.522499999999994,55.45,53.25,57.8,1992.85,1990.45,1995.4,2045.05,2044.65,2045.4,1.0057696333595554,0.9902203804076428,1.0216105560226576,435816.68850518094,431891.8222314463,439903.07257740246,155.94233511115934,154.38792777607952,157.57115190785896,141286.93239668602,140034.47833498335,142613.2020415367,0.3357922066812382,0.3254253420758502,0.34638103170460577,12.693541666666668,12.001875,13.407098958333334,0.0,0.0,0.0,0.0,0.0,0.0,5.1,4.9,5.3,0.0,0.0,0.0,55.1,51.2,58.9,0.0,0.0,0.0,542.4,532.5,553.5,3735.1,3716.0487500000004,3756.4,0.0,0.0,0.0,0.0,0.0,0.0,59.65625,59.375,59.94375,0.03072916666666667,0.03072916666666667,0.03072916666666667,0.10423728813559321,0.09491525423728814,0.11358050847457445,0.0,0.0,0.0,1.0,1.0,1.0,0.0012797325121937319,0.0011980248281906825,0.0013730250778462504,0.0019421004859032109,0.0018387433783282174,0.0020610005820781217,0.02239204209815935,0.018355958920151065,0.026228121344077166,4.159999662078917e-05,3.847498985123821e-05,4.573500496917404e-05,0.0178812870016554,0.01280958666154762,0.02284469726817039,0.03063967200450135,0.028664881773205714,0.03272463212908188,0.007750881670597461,0.007325566799133107,0.008237563798091083,477.6505859375,475.4328076171875,479.784423828125,28.112177979998524,26.127409307880445,29.944337519501424,0.1452169955289015,213.10808464594064,0.07625355620212676,69.08727532172125
cologne8,lane_closure,ergs_no_uncertainty,20,22.365266434218533,21.257851177399097,23.687116006745317,22.990208333333335,22.315411458333337,23.766260416666668,6.014812732211437,5.955355990460921,6.068731035615332,121.43156159738183,120.31737249642092,122.62126225797678,78.18999999999997,76.32999999999998,80.10249999999999,100.0,100.0,100.0,43.11749999999999,40.96249999999999,45.58074999999992,55.45,53.25,57.75,1992.85,1990.45,1995.4,2045.05,2044.65,2045.4,1.0057696333595554,0.9900986288487831,1.0218361370613394,435816.68850518094,431894.2746037435,439919.90353982046,155.94233511115934,154.40264943891944,157.59468177683345,141286.93239668602,140015.05725107863,142594.61797290968,0.3357922066812382,0.3254027049858046,0.34621366384848873,12.693541666666668,12.008942708333334,13.416458333333333,0.0,0.0,0.0,0.0,0.0,0.0,5.1,4.9,5.3,0.0,0.0,0.0,55.1,51.2,59.0,0.0,0.0,0.0,542.4,532.55,553.4,3735.1,3716.2987500000004,3757.0,0.0,0.0,0.0,0.0,0.0,0.0,59.65625,59.375,59.95,0.03072916666666667,0.03072916666666667,0.03072916666666667,0.10423728813559321,0.09491525423728814,0.11440677966101691,0.0,0.0,0.0,1.0,1.0,1.0,0.0012505925085861235,0.0011616846288234227,0.0013496954440779516,0.0019352157271350728,0.0018357479381811569,0.0020460670756219765,0.023341410191089283,0.019218597414353198,0.027003137632057667,4.104000399820507e-05,3.8089993176981805e-05,4.440000047907233e-05,0.01844877500960134,0.013346286548665317,0.02325658179741001,0.03124391478742473,0.02901099454032665,0.03351581636638148,0.007747940058317099,0.007289537239095605,0.008235807066457304,477.6115234375,475.31619140624997,479.7722705078125,28.226461040019057,26.45835394788839,29.898611152890663,0.1452169955289015,213.10808464594064,0.07625355620212676,69.08727532172125
cologne8,lane_closure,ergs_v3,20,22.365266434218533,21.269377040886095,23.687798481080005,22.990208333333335,22.3033125,23.761677083333332,6.014812732211437,5.954478969517495,6.0692229341475405,121.43156159738183,120.30530722609606,122.59582527624292,78.18999999999997,76.2825,80.05999999999997,100.0,100.0,100.0,43.11749999999999,40.96493749999999,45.55512499999998,55.45,53.25,57.8,1992.85,1990.4,1995.4,2045.05,2044.65,2045.4,1.0057696333595554,0.9906584531927444,1.0219064712986252,435816.68850518094,431949.7988554689,439912.74479854124,155.94233511115934,154.42627451989136,157.56030712437442,141286.93239668602,140040.54472087725,142597.27807816787,0.3357922066812382,0.32517698135358786,0.34626917465639956,12.693541666666668,12.021666666666668,13.423567708333334,0.0,0.0,0.0,0.0,0.0,0.0,5.1,4.9,5.3,0.0,0.0,0.0,55.1,51.2,59.0,0.0,0.0,0.0,542.4,532.5,553.45,3735.1,3716.3,3756.8,0.0,0.0,0.0,0.0,0.0,0.0,59.65625,59.375,59.95,0.03072916666666667,0.03072916666666667,0.03072916666666667,0.10423728813559321,0.09491525423728814,0.11355932203389833,0.0,0.0,0.0,1.0,1.0,1.0,0.0012167450040578842,0.001166134940358461,0.0012663675717340082,0.0018859247423824853,0.0018348393641426809,0.0019424368410909658,0.020906948448566158,0.017474472598898814,0.02388816696151035,4.033999284729362e-05,3.867485604132526e-05,4.208499463857151e-05,0.016010881479014603,0.011654981086146968,0.020008987198612854,0.027942389292991726,0.026411901794557345,0.02947402369345073,0.007357331488423774,0.007109349068094162,0.00759583884280639,478.02265625,475.7662060546875,480.21251953125,31.59137695999234,29.661874074241204,33.38254940374391,0.1452169955289015,213.10808464594064,0.07625355620212676,69.08727532172125
cologne8,lane_closure,fixed,20,22.321702940100266,21.361534143007304,23.284032073048483,29.448124999999997,28.67479166666667,30.26271354166667,5.562459159117682,5.504126856187936,5.621131486246188,128.5037141252506,127.01963670631469,130.04283409862495,76.46,75.05999999999999,77.82999999999997,100.0,100.0,100.0,51.929999999999986,50.227437499999986,53.81999999999999,75.5,73.85,77.1,1986.8,1984.8,1988.85,2045.05,2044.65,2045.4,1.1341284433828784,1.1207600295164815,1.1475454202501807,463749.6993087054,459002.61031641415,468525.81511838094,169.78137306360557,167.90596183602062,171.69856167132482,150342.97131661884,148818.21046529696,151918.7231746712,0.3922072559237605,0.3824277548812428,0.4018214264406903,14.092916666666667,13.383109375000002,14.821291666666664,0.0,0.0,0.0,0.0,0.0,0.0,4.65,4.35,5.0,0.0,0.0,0.0,62.5,56.7,68.1,0.25,0.05,0.5,613.65,598.25,629.05,3858.45,3836.7987500000004,3879.80125,0.0,0.0,0.0,0.0,0.0,0.0,144.0,144.0,144.0,0.0,0.0,0.0,0.0,0.0,0.0,0.0,0.0,0.0,0.0,0.0,0.0,5.919250252190977e-05,5.648250204103533e-05,6.188748542626853e-05,9.050351829500869e-05,8.559074749791761e-05,9.594435178587444e-05,0.00010708339209668332,9.927075395098651e-05,0.0001156587982855853,0.0,0.0,0.0,0.0,0.0,0.0,0.0,0.0,0.0,0.00026478761104549957,0.00025238674425317087,0.00027711109448480575,474.5251953125,471.372919921875,477.481689453125,27.940967910003383,26.8210130932559,29.07946188288348,0.15904054737005793,226.76692467602524,0.08302064647006457,73.51554794093975
cologne8,lane_closure,idqn,20,21.76029433736906,20.977023630230033,22.594109025114623,22.557916666666664,21.91999479166666,23.27292708333333,5.997692083463926,5.943698124618687,6.047113260646141,121.16365044653665,120.0003020664399,122.4211435021474,69.68249999999999,67.6,72.0,100.0,100.0,100.0,41.97249999999999,40.06999999999999,44.1125,55.9,53.0,59.3,1993.8,1991.85,1995.8,2045.05,2044.65,2045.4,1.0363787926983208,1.0242500940421495,1.0492567676247588,435817.9550762484,432255.8690449616,439655.3753283646,155.51619992552946,154.07626867717008,157.06521966305155,141287.29565884202,140134.74831158278,142553.0417348939,0.3348843549367361,0.32476119124709224,0.34500547591123826,12.501458333333336,11.855401041666669,13.19125,0.0,0.0,0.0,0.0,0.0,0.0,4.8,4.55,5.05,0.0,0.0,0.0,58.8,54.1,63.5,0.05,0.0,0.15,560.9,550.7,570.65,3733.7,3714.7,3752.35,0.0,0.0,0.0,0.0,0.0,0.0,91.45,91.29375,91.6,0.0,0.0,0.0,0.0,0.0,0.0,0.0,0.0,0.0,0.0,0.0,0.0,0.0010316875152057037,0.001001192322582938,0.0010614406429522204,0.001447856757440604,0.0014106041993654794,0.0014854642949358092,0.0016056970977806478,0.0015575524581960048,0.0016547292847317293,0.0,0.0,0.0,0.0,0.0,0.0,0.0,0.0,0.0,0.004533868533310144,0.004399364671133096,0.004662242816268191,475.723046875,472.7958837890625,478.449609375,27.107760269992287,25.917115946244742,28.246398640637487,0.15022631705814607,213.1087039809532,0.07604518223296715,69.08745295168433
cologne8,lane_closure,illm_style_review,20,22.365266434218533,21.27008180584017,23.66106959872184,22.990208333333335,22.306442708333336,23.743333333333336,6.014812732211437,5.954840520746285,6.069289918968673,121.43156159738183,120.33375535091568,122.59413893799963,78.18999999999997,76.29993749999998,80.06499999999996,100.0,100.0,100.0,43.11749999999999,40.964999999999996,45.52749999999999,55.45,53.3,57.75,1992.85,1990.45,1995.45,2045.05,2044.65,2045.4,1.0057696333595554,0.9902872916474688,1.0217787744794,435816.68850518094,431936.5356456894,439916.00511302374,155.94233511115934,154.4294598818417,157.58586500008346,141286.93239668602,140023.38772250924,142625.18441690685,0.3357922066812382,0.325589664210127,0.34630834266645244,12.693541666666668,12.000177083333332,13.41459375,0.0,0.0,0.0,0.0,0.0,0.0,5.1,4.9,5.3,0.0,0.0,0.0,55.1,51.2,59.1,0.0,0.0,0.0,542.4,532.55,553.4,3735.1,3716.2,3756.2,0.0,0.0,0.0,0.0,0.0,0.0,59.65625,59.38125,59.94375,0.03072916666666667,0.03072916666666667,0.03072916666666667,0.0,0.0,0.0,0.0,0.0,0.0,1.0,1.0,1.0,0.0012598500063177199,0.0011746167564706412,0.001357160183833912,0.0018825107373413627,0.001794547096636961,0.0019871893550080125,0.002138864557433407,0.001998972793716529,0.0022963117912906442,3.9614993147552015e-05,3.75099944358226e-05,4.2144971957895904e-05,0.00022728251060470935,0.00021097687457222484,0.0002455705312313512,0.0002684478028677405,0.0002429798397846753,0.0002983908742753557,0.005706543466763429,0.005394237990048876,0.006069844407909639,477.5521484375,475.246279296875,479.7623193359375,28.597541815013393,27.046191724649397,30.1385510846338,0.1452169955289015,213.10808464594064,0.07625355620212676,69.08727532172125
cologne8,lane_closure,lightgpt_direct,20,21.220470789641418,20.358253317480575,22.081092162176425,25.834791666666668,24.972078125000003,26.719375000000003,5.53640481350907,5.466671828497632,5.6060867131365715,128.62997770443152,126.7800532835235,130.5581173511272,74.2225,72.34499999999998,76.29499999999999,100.0,100.0,100.0,43.959999999999994,41.90743749999999,46.26,57.1,55.3,59.05,1988.45,1986.2,1990.55,2045.05,2044.65,2045.4,1.2006814688554848,1.176042056349952,1.22386053499261,463908.9760022817,458126.7154695706,469850.73051953886,165.65153933078304,163.43921949123273,167.96308033364406,150394.1227370997,148538.30539506453,152307.3650474319,0.36735426750750416,0.3584857471147875,0.376075684703032,12.591666666666669,11.914375000000001,13.317552083333329,0.0,0.0,0.0,0.0,0.0,0.0,4.2,4.05,4.4,0.0,0.0,0.0,61.1,56.2,66.2,0.0,0.0,0.0,700.35,680.85,719.05,3920.5,3891.25,3951.25,0.0,0.0,0.0,0.0,0.0,0.0,105.0,105.0,105.0,1.0,1.0,1.0,0.781171875,0.7786979166666667,0.7836458333333333,0.34031249999999996,0.3386458333333333,0.34195312499999997,0.5,0.5,0.5,0.0022221450082724912,0.0021459896353917427,0.0023004327551461754,0.0028151377322501504,0.002751689220756816,0.002885201385157415,0.0030312198057072222,0.0029429842064826513,0.0031227877796205557,1.3927495456300675e-05,1.3659993419423699e-05,1.4182491722749547e-05,2.2221250692382454e-05,2.1951253751467443e-05,2.250125254795421e-05,2.8404402022715642e-05,2.7756993526418217e-05,2.9075409739743896e-05,0.00976250175654261,0.009449114710504443,0.010083626356446175,476.8615234375,474.1949169921875,479.38068359375,27.884165574988582,26.511116085252,29.35758353110912,0.1786379288356077,226.84480868549997,0.08100121724690498,73.54056024894243
cologne8,lane_closure,llm_no_semantic,20,22.365266434218533,21.276222399410393,23.696146144366118,22.990208333333335,22.310619791666667,23.742723958333336,6.014812732211437,5.954280551095807,6.068944713883191,121.43156159738183,120.32653083522025,122.59595108003442,78.18999999999997,76.31999999999998,80.05756249999997,100.0,100.0,100.0,43.11749999999999,40.96249999999999,45.62249999999999,55.45,53.25,57.8,1992.85,1990.45,1995.4,2045.05,2044.65,2045.4,1.0057696333595554,0.9904637654934715,1.0218288667816757,435816.68850518094,431887.23751171696,439940.6058232215,155.94233511115934,154.3935087762009,157.5859371772413,141286.93239668602,140008.5616051585,142618.74271759944,0.3357922066812382,0.3253885153521276,0.34627308802736356,12.693541666666668,12.013317708333332,13.408963541666667,0.0,0.0,0.0,0.0,0.0,0.0,5.1,4.9,5.3,0.0,0.0,0.0,55.1,51.1,59.1,0.0,0.0,0.0,542.4,532.6,553.5,3735.1,3716.5,3757.05125,0.0,0.0,0.0,0.0,0.0,0.0,59.65625,59.36875,59.95,0.03072916666666667,0.03072916666666667,0.03072916666666667,0.0,0.0,0.0,0.0,0.0,0.0,1.0,1.0,1.0,0.0012588350131409244,0.0011829211393342121,0.0013459577634057495,0.0018794720055302604,0.0018047026959102364,0.0019637383584195046,0.0022373422867967736,0.0020554555318682104,0.0024434797555950337,3.732499317266047e-05,3.514998810715042e-05,3.988511409261263e-05,0.0002219319867435842,0.00020485093267052427,0.00024074905946326903,0.0002731865969253705,0.00023846351396059623,0.0003134555538737914,0.005680722400284139,0.00541777235542981,0.005982350089759267,477.404296875,474.9757763671875,479.6746337890625,28.16787508500274,26.558506082133537,29.717612343368238,0.1452169955289015,213.10808464594064,0.07625355620212676,69.08727532172125
cologne8,lane_closure,max_pressure,20,22.507618545201055,21.63361309998914,23.418864740284892,24.469166666666663,23.6825,25.31208854166667,5.8956120586712775,5.830574681553607,5.960805674364958,123.68881475286935,122.2971204712385,125.22206995864487,86.16499999999996,84.80749999999996,87.73012499999996,100.0,100.0,100.0,45.82249999999999,43.38749999999999,48.46249999999999,58.3,55.7,61.1,1989.15,1986.7,1991.6,2045.05,2044.65,2045.4,0.9778495305925825,0.9623220002743232,0.992886885908636,445764.98028916604,441403.3107271302,450493.63301686797,160.01376714388573,158.27014328983213,161.86049067358897,144512.11319981265,143106.52622441508,146064.74493002146,0.36648103126445997,0.35416555261445604,0.37868196490926176,12.969791666666666,12.259786458333334,13.728130208333333,0.0,0.0,0.0,0.0,0.0,0.0,4.9,4.65,5.15,0.0,0.0,0.0,56.2,51.5,60.9,0.0,0.0,0.0,550.45,536.9,564.25,3797.9,3781.2,3816.0,0.0,0.0,0.0,0.0,0.0,0.0,48.7125,48.49375,48.9375,0.0,0.0,0.0,0.0,0.0,0.0,0.0,0.0,0.0,0.0,0.0,0.0,6.309999444056302e-05,6.001000852847937e-05,6.61799916997552e-05,9.446449781535191e-05,8.884470570046687e-05,0.00010040785987803245,0.00011253166227834294,0.0001042107453933567,0.00012149425298703127,0.0,0.0,0.0,0.0,0.0,0.0,0.0,0.0,0.0,0.0002855392172690093,0.00027230239495515385,0.0002983285850401039,475.1283203125,471.9505810546875,478.0535205078125,27.441601425001863,26.132993403750444,28.733825527127046,0.14493535901419205,217.97265606668103,0.07824442783496038,70.66434228982794
cologne8,lane_closure,ppo_ensemble,20,22.365266434218533,21.26727976023366,23.66262220130543,22.990208333333335,22.311234375000005,23.777088541666668,6.014812732211437,5.954841081087295,6.069037199216834,121.43156159738183,120.32432291878989,122.59691975035184,78.18999999999997,76.28743749999995,80.05749999999998,100.0,100.0,100.0,43.11749999999999,40.9625,45.55756249999998,55.45,53.3,57.75,1992.85,1990.4,1995.35,2045.05,2044.65,2045.4,1.0057696333595554,0.990488463166578,1.021829956284967,435816.68850518094,431920.74118740845,439858.6494039698,155.94233511115934,154.38863245742036,157.57783494830562,141286.93239668602,140027.9599180379,142622.22863526788,0.3357922066812382,0.32552088882153196,0.3463781436884538,12.693541666666668,12.00728125,13.420427083333333,0.0,0.0,0.0,0.0,0.0,0.0,5.1,4.9,5.3,0.0,0.0,0.0,55.1,51.2,59.0,0.0,0.0,0.0,542.4,532.55,553.5,3735.1,3716.25,3756.45,0.0,0.0,0.0,0.0,0.0,0.0,59.65625,59.375,59.95,0.0,0.0,0.0,0.0,0.0,0.0,0.0,0.0,0.0,0.0,0.0,0.0,0.00107980000320822,0.0010382820754603018,0.0011223601829988183,0.001620501493744086,0.0015828214108259996,0.001660686179049662,0.001919057554739993,0.0017624594056134806,0.0021113426323383457,0.0,0.0,0.0,0.0,0.0,0.0,0.0,0.0,0.0,0.0049237403406489945,0.004784620154868712,0.005065247774511388,476.38046875,473.575576171875,478.9871142578125,27.574166970001535,26.117799068255554,29.03643864289086,0.1452169955289015,213.10808464594064,0.07625355620212676,69.08727532172125
cologne8,lane_closure,ppo_event_rule,20,19.331402101326262,18.656454734564555,19.986510522053255,24.338541666666664,23.79,24.912734375,5.881689016533295,5.8368553499010245,5.9299053347076445,121.01614230619737,120.09002368220337,121.88993917551662,90.17999999999998,88.52499999999995,91.69499999999998,100.0,100.0,100.0,45.209999999999994,43.6025,46.864999999999995,60.15,58.55,61.95,1985.25,1982.35,1988.3,2044.9,2044.3,2045.35,1.0176553275040578,0.999776572494433,1.0349184899964214,440844.9213669997,437324.3141603186,444316.9328418499,158.218906273349,156.86784870994626,159.55685028467298,142917.08994147374,141758.11272359846,144031.36048998515,0.304597620611987,0.2958971013302001,0.3133002282645171,14.483541666666667,13.90873958333333,15.093541666666667,0.0,0.0,0.0,0.0,0.0,0.0,3.1,3.0,3.25,0.0,0.0,0.0,61.2,54.7,67.8,0.0,0.0,0.0,552.6,539.95,565.1,3716.5,3694.05,3740.15,0.0,0.0,0.0,0.0,0.0,0.0,57.825,57.51875,58.15625,0.0,0.0,0.0,0.7435975609756097,0.7368902439024391,0.7509146341463415,0.06351562499999999,0.06294270833333333,0.064140625,0.0,0.0,0.0,0.0013543600041884929,0.0013104497518361313,0.001397295312199276,0.0019551685143960637,0.001890018569974927,0.002037253743066685,0.0022242969060316674,0.0021128769431845275,0.002369039514433824,0.0,0.0,0.0,0.0,0.0,0.0,0.0,0.0,0.0,0.006006214231464482,0.005823192800874797,0.006192922740479237,477.164453125,474.6437451171875,479.57109375,26.766775080014487,25.501397600153723,28.12598344025653,0.14868828198573927,215.58263062594733,0.07737244181786347,69.88952513153393
cologne8,normal,ergs_no_calibration,20,3.086492327873821,3.0185261318581675,3.1526215020762187,12.093750000000002,11.804369791666666,12.388546875,7.212629012338438,7.158974214233302,7.264192041770683,104.72177743362724,103.8930219277127,105.5642421617621,59.82249999999998,58.62249999999998,61.02249999999998,96.05,95.0,96.8,26.982499999999987,25.979999999999983,27.982499999999987,38.9,37.05,40.7,2006.05,2004.95,2007.25,2045.05,2044.65,2045.4,0.9020327393095464,0.8842521295153175,0.9208979547165028,371653.2414618596,368814.3033258201,374427.20477919286,130.60878769902698,129.6430957717027,131.56353823057907,120485.54182322165,119577.29927725076,121385.03274930983,0.5259024969618438,0.5096069092591117,0.5417549761319169,4.763541666666667,4.510208333333333,5.025630208333332,0.0,0.0,0.0,0.0,0.0,0.0,0.0,0.0,0.0,0.0,0.0,0.0,44.2,40.1,48.3,0.0,0.0,0.0,475.3,461.5,489.35,3654.3,3634.0,3677.95,0.0,0.0,0.0,0.0,0.0,0.0,60.1875,59.89375,60.46875,0.02083333333333333,0.02083333333333333,0.02083333333333333,0.0,0.0,0.0,0.0,0.0,0.0,1.0,1.0,1.0,0.0013741799979470671,0.0013037196761433736,0.0014528580002661328,0.002130258255638182,0.0019316102929296905,0.002366230738160084,0.002545836000470443,0.0022111467831608016,0.002940657396735329,2.702249912545085e-05,2.508243087504525e-05,2.9237495618872343e-05,0.00021075300144730126,0.00019738974305801092,0.00022571553949092036,0.000258846404904034,0.00022734421548666433,0.00029490629647916647,0.006199217644922707,0.005856621723923632,0.006609350014940194,476.417578125,474.4482421875,478.2882861328125,30.770289050001885,28.991127646756794,32.67029585476499,0.13006594970308952,181.73308303555393,0.06386581633653307,58.91569488434104
cologne8,normal,ergs_no_hysteresis,20,3.086492327873821,3.0179420736462452,3.153744907026574,12.093750000000002,11.804583333333335,12.389375,7.212629012338438,7.159958989622631,7.265369329124867,104.72177743362724,103.89536565945433,105.56135008641805,59.82249999999998,58.64993749999998,61.037499999999966,96.05,95.0,96.8,26.982499999999987,25.979999999999983,27.989999999999988,38.9,37.05,40.7,2006.05,2004.95,2007.25,2045.05,2044.65,2045.4,0.9020327393095464,0.8846151595182667,0.9205680982318842,371653.2414618596,368827.10413302935,374361.44687763054,130.60878769902698,129.61566832458334,131.55728678655925,120485.54182322165,119562.18673449158,121382.5885234497,0.5259024969618438,0.5098072990132383,0.541648136670336,4.763541666666667,4.507703125,5.023130208333333,0.0,0.0,0.0,0.0,0.0,0.0,0.0,0.0,0.0,0.0,0.0,0.0,44.2,40.2,48.3,0.0,0.0,0.0,475.3,461.3,489.4,3654.3,3633.85,3677.95,0.0,0.0,0.0,0.0,0.0,0.0,60.1875,59.89375,60.4625,0.02083333333333333,0.02083333333333333,0.02083333333333333,0.0,0.0,0.0,0.0,0.0,0.0,1.0,1.0,1.0,0.0014138074999209493,0.0013483837468811545,0.0014872534519236068,0.002134415507607627,0.001995636696257861,0.002298075561418954,0.0027590777081786646,0.0024747961501794626,0.0030652928930285247,2.7057502302341162e-05,2.466750447638333e-05,2.9817630711477236e-05,0.0002329892473062499,0.00021185809165763194,0.00025647805231710646,0.00030114554706960913,0.0002562019390621571,0.00035467984947754294,0.006279765638496934,0.005979406282185664,0.0066246990539362335,476.5939453125,474.6554443359375,478.4677880859375,32.113617944996804,30.41001258049175,34.03650623773559,0.13006594970308952,181.73308303555393,0.06386581633653307,58.91569488434104
cologne8,normal,ergs_no_shield,20,3.086492327873821,3.0179616953449626,3.1538602558375053,12.093750000000002,11.809161458333335,12.392093749999999,7.212629012338438,7.159766189689845,7.265364085395099,104.72177743362724,103.91155506356041,105.54380178247865,59.82249999999998,58.604937499999984,61.02749999999996,96.05,95.0,96.8,26.982499999999987,25.97249999999999,28.019999999999992,38.9,37.05,40.7,2006.05,2005.0,2007.25,2045.05,2044.65,2045.4,0.9020327393095464,0.8843677072502549,0.9208828371243993,371653.2414618596,368886.7655182327,374420.0217746845,130.60878769902698,129.63083442609775,131.579352189089,120485.54182322165,119597.1381630607,121373.98393271636,0.5259024969618438,0.5098448524206226,0.5420740587229016,4.763541666666667,4.504989583333333,5.028125,0.0,0.0,0.0,0.0,0.0,0.0,0.0,0.0,0.0,0.0,0.0,0.0,44.2,40.2,48.3,0.0,0.0,0.0,475.3,461.6,489.45,3654.3,3633.9,3677.80125,0.0,0.0,0.0,0.0,0.0,0.0,60.1875,59.89375,60.4625,0.02083333333333333,0.02083333333333333,0.02083333333333333,0.0,0.0,0.0,0.0,0.0,0.0,1.0,1.0,1.0,0.001443682494573295,0.0013640398653660668,0.001526485306021641,0.0020971130035468367,0.0019610765949619226,0.002244751784979597,0.0026395150373573397,0.002344839457808119,0.0029481749778846257,2.6695002452470364e-05,2.5149934372166173e-05,2.828500291798264e-05,0.00022796173521783192,0.00020740616030525408,0.00025189226417569427,0.00028211593389278276,0.0002501696072737104,0.00031838610447885,0.0064119885565014564,0.006050065402826576,0.0067881348045753425,476.56875,474.5435546875,478.4421923828125,32.40055908501381,30.864538190388412,33.97275880401721,0.13006594970308952,181.73308303555393,0.06386581633653307,58.91569488434104
cologne8,normal,ergs_no_uncertainty,20,3.086492327873821,3.018557190312466,3.154115676593918,12.093750000000002,11.803328125000002,12.383338541666665,7.212629012338438,7.160211126193263,7.264082440993741,104.72177743362724,103.90048637448974,105.55463689452364,59.82249999999998,58.61749999999999,61.012499999999974,96.05,95.0,96.8,26.982499999999987,25.944999999999983,27.982499999999987,38.9,37.05,40.701249999999895,2006.05,2004.95,2007.25,2045.05,2044.65,2045.4,0.9020327393095464,0.8846854472300518,0.9203747816263095,371653.2414618596,368856.1174431531,374410.29256348894,130.60878769902698,129.63290845833288,131.56608899867382,120485.54182322165,119563.25989950442,121372.45223919205,0.5259024969618438,0.5097554677071621,0.5418693372169663,4.763541666666667,4.510416666666666,5.026046874999999,0.0,0.0,0.0,0.0,0.0,0.0,0.0,0.0,0.0,0.0,0.0,0.0,44.2,40.1,48.3,0.0,0.0,0.0,475.3,461.3,489.35,3654.3,3634.05,3677.75,0.0,0.0,0.0,0.0,0.0,0.0,60.1875,59.89375,60.4625,0.02083333333333333,0.02083333333333333,0.02083333333333333,0.0,0.0,0.0,0.0,0.0,0.0,1.0,1.0,1.0,0.0014116424979874864,0.0013404119911865563,0.001487343308108393,0.002162747986731119,0.001977870071299548,0.002373650576992076,0.0025597384993452563,0.0022833179370805724,0.002862132595917499,2.6290013920515776e-05,2.475250221323222e-05,2.809750752930995e-05,0.0002179195088683627,0.0002025644830719101,0.00023506572862243033,0.00031331125227734445,0.0002471595408525899,0.0004217781103638115,0.006297193318484157,0.0059558804543466985,0.006650977568563676,476.53671875,474.57296875,478.42306640625003,31.295620139996753,29.740254470007496,32.96690144200721,0.13006594970308952,181.73308303555393,0.06386581633653307,58.91569488434104
cologne8,normal,ergs_v3,20,3.086492327873821,3.01663816744959,3.1532869277072617,12.093750000000002,11.809166666666666,12.3925,7.212629012338438,7.159272112088965,7.2644732263451415,104.72177743362724,103.89066110936889,105.55727605765664,59.82249999999998,58.624999999999986,60.99756249999998,96.05,95.0,96.75,26.982499999999987,25.97249999999999,27.990062499999983,38.9,37.05,40.75,2006.05,2005.0,2007.25,2045.05,2044.65,2045.4,0.9020327393095464,0.8846394440524821,0.9206962491767182,371653.2414618596,368835.7391068759,374435.60206806485,130.60878769902698,129.6280450097353,131.5740808669958,120485.54182322165,119575.74585379858,121380.08069096853,0.5259024969618438,0.5096748017687633,0.5421158927808138,4.763541666666667,4.508958333333333,5.027291666666665,0.0,0.0,0.0,0.0,0.0,0.0,0.0,0.0,0.0,0.0,0.0,0.0,44.2,40.1,48.2,0.0,0.0,0.0,475.3,461.45,489.35,3654.3,3634.1,3677.7,0.0,0.0,0.0,0.0,0.0,0.0,60.1875,59.8875,60.45625,0.02083333333333333,0.02083333333333333,0.02083333333333333,0.0,0.0,0.0,0.0,0.0,0.0,1.0,1.0,1.0,0.0014524475001962856,0.001387239617688465,0.0015214970618399092,0.0021724604966584593,0.0020296861382084895,0.0023403896801682997,0.0029507457856088864,0.0026842404267488733,0.003213318247177811,2.7264986420050265e-05,2.525249707105104e-05,2.9547483500209637e-05,0.00021251274447422471,0.0002010578959234407,0.00022473675977380467,0.0002893337087007239,0.00024958674045483345,0.0003397042065087589,0.006431244532634282,0.006120601626901488,0.0067893599994935765,476.63046875,474.6673681640625,478.534189453125,36.45263944999897,34.733835840002286,38.308716663345685,0.13006594970308952,181.73308303555393,0.06386581633653307,58.91569488434104
cologne8,normal,fixed,20,5.6278318259834155,5.561588682697644,5.705944648777411,19.080833333333338,18.753333333333337,19.422921875000004,6.599379661626879,6.557388746648005,6.637825382344283,113.73661076636543,112.82338315868228,114.6711651974661,67.48749999999998,66.29499999999999,68.67749999999998,89.9,88.3,91.35,41.88499999999998,40.97999999999998,42.84249999999999,55.6,53.85,57.3,2000.8,1999.6,2002.0,2045.05,2044.65,2045.4,1.0445192187158177,1.0316856720383183,1.0573663651265113,404049.5920699386,401009.1165900337,407326.45122099377,146.1291436061278,144.98647578559982,147.32943385401785,130988.55654920633,130008.69429805204,132027.39318389387,0.5288891468191037,0.5171979496560312,0.5388960602847007,7.0910416666666665,6.803953124999999,7.411885416666666,0.0,0.0,0.0,0.0,0.0,0.0,0.0,0.0,0.0,0.0,0.0,0.0,55.0,50.5,59.9,0.15,0.0,0.3,548.95,533.94875,563.5,3804.75,3781.2,3829.75125,0.0,0.0,0.0,0.0,0.0,0.0,144.0,144.0,144.0,0.0,0.0,0.0,0.0,0.0,0.0,0.0,0.0,0.0,0.0,0.0,0.0,6.559000175911933e-05,6.344493194774258e-05,6.78250721830409e-05,0.00010787473962409419,0.00010018884215969591,0.00011727561736915954,0.00013771455286769186,0.00012439930589171118,0.00015216148599720312,0.0,0.0,0.0,0.0,0.0,0.0,0.0,0.0,0.0,0.0003000539030391438,0.00028762723172925085,0.0003133445202173688,473.271875,470.3468310546875,475.99905273437497,31.002626554999733,29.679830497374496,32.489955888506515,0.1442801760956699,197.57443195517888,0.0714550468722661,64.05151783536165
cologne8,normal,idqn,20,2.5290438739353984,2.490297943193778,2.574120707312213,12.00375,11.803744791666668,12.226875,7.172444475366921,7.14180727918283,7.200464880426396,105.69569885252417,105.20434650564054,106.24009361286885,56.2625,55.35,57.1125,86.55,84.3,88.7,27.17499999999999,26.41749999999999,27.977499999999985,37.65,35.75,39.9,2007.5,2006.05,2008.9,2045.05,2044.65,2045.4,0.9392647214756259,0.9283534840733069,0.9504055894347256,375529.4420444738,373790.6192783287,377199.90143365745,131.5328562417087,130.91252414822702,132.1547959658296,121742.10962181231,121181.05964227565,122284.2074154178,0.5188806121312826,0.5067806430188622,0.53104831229576,4.710833333333333,4.544791666666667,4.876666666666667,0.0,0.0,0.0,0.0,0.0,0.0,0.0,0.0,0.0,0.0,0.0,0.0,52.0,47.1,56.5,0.05,0.0,0.15,497.85,485.8,510.5,3682.75,3663.45,3703.0,0.0,0.0,0.0,0.0,0.0,0.0,92.1625,91.93125,92.4,0.0,0.0,0.0,0.0,0.0,0.0,0.0,0.0,0.0,0.0,0.0,0.0,0.0011378300114301965,0.0011207548194943227,0.0011555475693603512,0.0016159424968645903,0.001574034999342984,0.0016631746371058396,0.0018673174021532752,0.0017534948538013848,0.0020226401350504596,0.0,0.0,0.0,0.0,0.0,0.0,0.0,0.0,0.0,0.005016884705603135,0.004943311424287457,0.0050886740496068035,473.92734375,471.453427734375,476.2793310546875,29.431888574996265,28.88095369549468,29.97941263424029,0.13518430520670693,183.62848930073775,0.06431767254673906,59.53013844248909
cologne8,normal,illm_style_review,20,3.086492327873821,3.0177637823885695,3.1527760916110124,12.093750000000002,11.809364583333332,12.390213541666668,7.212629012338438,7.160734271359878,7.264792418496456,104.72177743362724,103.88874615004238,105.56451622949827,59.82249999999998,58.63243749999998,61.01506249999998,96.05,95.0,96.8,26.982499999999987,25.982499999999987,27.992499999999986,38.9,37.1,40.7,2006.05,2005.0,2007.2,2045.05,2044.65,2045.4,0.9020327393095464,0.8846716330191816,0.920663858835506,371653.2414618596,368821.67178711615,374401.37796753185,130.60878769902698,129.63300914434078,131.55964438729276,120485.54182322165,119579.09731094904,121373.61632880662,0.5259024969618438,0.5098301151277125,0.5421172336059285,4.763541666666667,4.512911458333333,5.029583333333333,0.0,0.0,0.0,0.0,0.0,0.0,0.0,0.0,0.0,0.0,0.0,0.0,44.2,40.2,48.3,0.0,0.0,0.0,475.3,461.35,489.35124999999994,3654.3,3634.25,3677.35,0.0,0.0,0.0,0.0,0.0,0.0,60.1875,59.89375,60.4625,0.02083333333333333,0.02083333333333333,0.02083333333333333,0.0,0.0,0.0,0.0,0.0,0.0,1.0,1.0,1.0,0.0013786499999696388,0.0013166841986094369,0.0014449741857242768,0.0020587152455118474,0.001948956035012088,0.002179101954061478,0.002605614890984724,0.0023286885437730216,0.0028972262186609432,2.62824964011088e-05,2.4895006135920996e-05,2.775999018922448e-05,0.00022400849149562408,0.00020472047107614343,0.00024753462666558324,0.0003401346461614593,0.0002432318776714965,0.0004786185062606814,0.0061351762137443686,0.0058879443930988295,0.006420393212397054,475.9236328125,474.010859375,477.7728564453125,30.799952634994405,29.6990218769903,31.853688713354494,0.13006594970308952,181.73308303555393,0.06386581633653307,58.91569488434104
cologne8,normal,lightgpt_direct,20,3.013997598215432,2.9699333462783146,3.052786630456796,15.216875000000002,14.883744791666668,15.535838541666667,6.660797543094125,6.627459207222016,6.696545442482211,114.80998798111087,113.78873871340495,115.78109289102763,63.904999999999994,63.2,64.55,88.35,86.25,90.3,36.42499999999999,34.96999999999999,37.91749999999999,46.6,45.05,48.25,2005.5,2004.25,2006.7,2045.05,2044.65,2045.4,1.0902674742396672,1.0713469953843644,1.1078688909883834,403199.95706119214,400126.22328548855,406255.67388475523,141.50358403261248,140.34987366245184,142.6366029605727,130712.61624846075,129709.71749441985,131709.37309327006,0.42141363062434783,0.4138933951716801,0.42835141010421307,7.128125,6.928328124999999,7.319374999999999,0.0,0.0,0.0,0.0,0.0,0.0,0.0,0.0,0.0,0.0,0.0,0.0,54.3,48.8,59.8,0.0,0.0,0.0,632.9,616.64875,649.1512499999999,3862.3,3834.65,3891.15,0.0,0.0,0.0,0.0,0.0,0.0,105.0,105.0,105.0,1.0,1.0,1.0,0.7987500000000001,0.7969270833333333,0.8007552083333334,0.34273437500000004,0.34135416666666674,0.34411458333333333,0.5,0.5,0.5,0.0025234599917894228,0.0024264646178198744,0.002632538424368249,0.003278955735731869,0.003052305266115581,0.003546841711598969,0.0037904425003216597,0.003328343491874693,0.004356464123497426,1.1017502401955426e-05,1.0714979653130286e-05,1.1375022659194655e-05,1.9086261745542287e-05,1.796675803052494e-05,2.043176077859243e-05,2.5850395613815617e-05,2.411918639118083e-05,2.792047134134916e-05,0.011127429710322758,0.010647453064157972,0.011673531550504372,474.6,472.39041015624997,476.6829052734375,31.80567539501353,30.381074636369885,33.3850636537619,0.16386609015353545,197.15897267117776,0.06919321485177012,63.9165870020101
cologne8,normal,llm_no_semantic,20,3.086492327873821,3.01853063217206,3.1529595726093484,12.093750000000002,11.808744791666665,12.390421875,7.212629012338438,7.160086227449494,7.264323162848656,104.72177743362724,103.87417839440296,105.5605275569403,59.82249999999998,58.63249999999998,61.04499999999996,96.05,95.0,96.8,26.982499999999987,25.977499999999985,27.992499999999986,38.9,37.1,40.75,2006.05,2004.95,2007.2012499999998,2045.05,2044.65,2045.4,0.9020327393095464,0.8849141514823264,0.920603548762116,371653.2414618596,368831.5040826336,374362.92339785746,130.60878769902698,129.61257615870326,131.57102994252173,120485.54182322165,119571.88101875836,121389.47641436881,0.5259024969618438,0.5094939747994581,0.5417645077193723,4.763541666666667,4.503958333333333,5.031463541666667,0.0,0.0,0.0,0.0,0.0,0.0,0.0,0.0,0.0,0.0,0.0,0.0,44.2,40.2,48.3,0.0,0.0,0.0,475.3,461.44875,489.6,3654.3,3633.6,3677.7,0.0,0.0,0.0,0.0,0.0,0.0,60.1875,59.8875,60.46875,0.02083333333333333,0.02083333333333333,0.02083333333333333,0.0,0.0,0.0,0.0,0.0,0.0,1.0,1.0,1.0,0.0013881349907023833,0.0013296823690325255,0.0014531929344229865,0.0020449480030219997,0.001956851381066371,0.0021405190868099447,0.002622716556128578,0.0023725986846940927,0.0028914560090153793,2.5854996056295932e-05,2.4304995895363392e-05,2.7612494959612375e-05,0.00021816601743921633,0.00020595726210740392,0.00023202956716704643,0.0002693193535669706,0.00024334563849697584,0.00029794373824406647,0.006170470043402423,0.005931798369139061,0.006445281853681282,475.3447265625,473.3380810546875,477.2531884765625,30.990686509991065,29.908457812367416,32.07544694225158,0.13006594970308952,181.73308303555393,0.06386581633653307,58.91569488434104
cologne8,normal,max_pressure,20,4.52769270599441,4.475245905602959,4.584326527835467,13.596041666666665,13.424994791666668,13.779802083333333,7.011312923026354,6.980232374907366,7.040565077368826,107.16094456314984,106.6255147695283,107.73571160360696,70.60749999999999,70.0375,71.15262499999997,97.15,97.0,97.3,27.57999999999999,26.779999999999983,28.33249999999999,41.65,39.65,43.65,2002.55,2001.1,2004.0,2045.05,2044.65,2045.4,0.8839631760801521,0.8735423062478673,0.8941027994135845,381008.6674548994,378661.3777201598,383566.8889837099,134.39510701862065,133.5981369481448,135.27536051314092,123518.51865267109,122763.2364309632,124345.00096958451,0.6161687334674668,0.6063655491591206,0.6255547330178941,4.486458333333333,4.325833333333333,4.653130208333333,0.0,0.0,0.0,0.0,0.0,0.0,0.0,0.0,0.0,0.0,0.0,0.0,55.5,49.8,61.90249999999978,0.0,0.0,0.0,480.4,470.7,490.0,3729.65,3712.55,3746.5,0.0,0.0,0.0,0.0,0.0,0.0,49.1125,48.91875,49.3125,0.0,0.0,0.0,0.0,0.0,0.0,0.0,0.0,0.0,0.0,0.0,0.0,7.084000098984688e-05,6.906742288265377e-05,7.253499068610835e-05,0.00010733776260167356,0.00010201228935329706,0.00011323216473101632,0.00013712859811494115,0.00012500196103355836,0.00015085602118051605,0.0,0.0,0.0,0.0,0.0,0.0,0.0,0.0,0.0,0.00031822898446181273,0.0003089555893107495,0.0003274059230686058,473.552734375,470.74001464843747,476.113330078125,29.932106524991106,29.057854453368492,30.729861352497828,0.1288056520048798,186.30775162216054,0.06571727195844632,60.39877687717713
cologne8,normal,ppo_ensemble,20,3.086492327873821,3.0188253740783697,3.154040832450803,12.093750000000002,11.808541666666668,12.393958333333334,7.212629012338438,7.160051391816807,7.264913917431889,104.72177743362724,103.9008243937342,105.5582340816392,59.82249999999998,58.61499999999999,61.01999999999997,96.05,95.0,96.75,26.982499999999987,25.984999999999985,28.019999999999992,38.9,37.05,40.7,2006.05,2004.95,2007.2,2045.05,2044.65,2045.4,0.9020327393095464,0.884548730899326,0.9203147160940326,371653.2414618596,368895.88137632323,374430.1449196455,130.60878769902698,129.61584987657346,131.55168862263943,120485.54182322165,119564.29536458483,121369.41237298594,0.5259024969618438,0.5099457046980785,0.5420013477390153,4.763541666666667,4.507078125,5.028755208333332,0.0,0.0,0.0,0.0,0.0,0.0,0.0,0.0,0.0,0.0,0.0,0.0,44.2,40.1,48.3,0.0,0.0,0.0,475.3,461.45,489.35124999999994,3654.3,3634.34875,3677.9,0.0,0.0,0.0,0.0,0.0,0.0,60.1875,59.89375,60.4625,0.0,0.0,0.0,0.0,0.0,0.0,0.0,0.0,0.0,0.0,0.0,0.0,0.001276680000592023,0.0012187488287599992,0.0013396898240898734,0.0018596170100499874,0.001793758635321865,0.0019280137297973845,0.002475686700898222,0.002190206270162889,0.0028462466318334894,0.0,0.0,0.0,0.0,0.0,0.0,0.0,0.0,0.0,0.005681127375816384,0.005461389189411219,0.005934800504804015,474.25703125,471.95973632812496,476.43873046875,31.32341160501237,30.42903305626969,32.2082404080269,0.13006594970308952,181.73308303555393,0.06386581633653307,58.91569488434104
cologne8,normal,ppo_event_rule,20,3.086492327873821,3.017605311051108,3.1529207382330737,12.093750000000002,11.804161458333335,12.38875,7.212629012338438,7.160477809206333,7.264953801542502,104.72177743362724,103.89473682596105,105.55894574755017,59.82249999999998,58.61499999999999,61.012499999999974,96.05,95.0,96.8,26.982499999999987,25.982499999999987,28.02249999999999,38.9,37.05,40.7,2006.05,2005.0,2007.25,2045.05,2044.65,2045.4,0.9020327393095464,0.8845379797861131,0.9206765811945119,371653.2414618596,368843.6427722506,374412.8429297098,130.60878769902698,129.6204881429874,131.5735033311637,120485.54182322165,119565.78406990762,121386.85996828627,0.5259024969618438,0.5098550405123397,0.5418926549711083,4.763541666666667,4.509578124999999,5.028135416666666,0.0,0.0,0.0,0.0,0.0,0.0,0.0,0.0,0.0,0.0,0.0,0.0,44.2,40.2,48.3,0.0,0.0,0.0,475.3,461.7,489.35,3654.3,3634.15,3677.55,0.0,0.0,0.0,0.0,0.0,0.0,60.1875,59.8875,60.4625,0.0,0.0,0.0,0.0,0.0,0.0,0.0,0.0,0.0,0.0,0.0,0.0,0.0015529699885519221,0.0014921269792102976,0.001622437678233837,0.0023093845017137927,0.0021755275287650873,0.0024562095693981966,0.002970973558316471,0.0026303287956805426,0.0033466492881110738,0.0,0.0,0.0,0.0,0.0,0.0,0.0,0.0,0.0,0.006945730912735193,0.006633165304910613,0.007302351533702069,475.044140625,472.9306640625,477.0334326171875,31.21122783998144,30.18295652498986,32.38510217137649,0.13006594970308952,181.73308303555393,0.06386581633653307,58.91569488434104
cologne8,packet_loss,ergs_no_calibration,20,3.5509471250315245,3.48844888716029,3.6126999236388553,13.032499999999999,12.763333333333334,13.322088541666666,7.0899936654206925,7.053989721028911,7.126891735138843,106.6858523148323,105.92417056314277,107.48578377851037,63.664999999999985,62.504999999999995,64.85999999999999,96.5,96.0,96.9,28.82499999999999,27.66993749999999,30.172499999999992,41.0,38.74875000000002,43.45,2005.7,2004.65,2006.75,2045.05,2044.65,2045.4,0.9141346086498006,0.8989320382201007,0.9298589282123998,379319.60635959805,376700.52883902664,382053.13887338317,133.52038387110022,132.5985019618136,134.49451117226147,122970.90812292675,122116.99783348055,123850.99868662385,0.5318199290068243,0.5159516378116411,0.5475750077785966,5.093125,4.831041666666668,5.358338541666667,0.0,0.0,0.0,0.0,0.0,0.0,0.0,0.0,0.0,0.0,0.0,0.0,50.5,45.997500000000045,55.0,0.0,0.0,0.0,492.7,480.7,505.15,3693.6,3671.0,3716.65,0.0,0.0,0.0,0.0,0.0,0.0,58.49375,58.1375,58.85,0.07499999999999998,0.07499999999999998,0.07499999999999998,0.0,0.0,0.0,0.0,0.0,0.0,1.0,1.0,1.0,0.001412569999229163,0.0013553758725174704,0.001478792565249023,0.0021696854918263845,0.002012992099713301,0.002355106965878803,0.002768653010018168,0.002474512641987529,0.003095909966876203,2.5847507640719413e-05,2.4787511065369472e-05,2.712250578042585e-05,0.0002210627644672058,0.00020589018424652748,0.00023916231202747435,0.00029026133951265344,0.00025701385006250335,0.00032803775018401163,0.006252097493011711,0.0059541655243853416,0.006609081630518226,478.0943359375,475.51695312500004,480.6716845703125,31.153230645001166,29.607315057884698,32.745943085246395,0.1333928958197964,185.48182507009514,0.06528954493586965,60.131003214066524
cologne8,packet_loss,ergs_no_hysteresis,20,3.5509471250315245,3.4885833631074328,3.614292025994235,13.032499999999999,12.754166666666666,13.319374999999999,7.0899936654206925,7.0536213277134765,7.126495136986478,106.6858523148323,105.91787932446175,107.47491815665231,63.664999999999985,62.514999999999986,64.86499999999994,96.5,95.95,96.9,28.82499999999999,27.632499999999993,30.129999999999985,41.0,38.74875000000002,43.4,2005.7,2004.65,2006.75,2045.05,2044.65,2045.4,0.9141346086498006,0.8988827105393876,0.9295083545129192,379319.60635959805,376700.61628547177,382091.7932535922,133.52038387110022,132.59180804366164,134.50016997390645,122970.90812292675,122112.56678263829,123872.6570999445,0.5318199290068243,0.5162761050581188,0.5475940463397501,5.093125,4.83,5.359807291666667,0.0,0.0,0.0,0.0,0.0,0.0,0.0,0.0,0.0,0.0,0.0,0.0,50.5,45.9,55.0,0.0,0.0,0.0,492.7,480.69875,505.1,3693.6,3670.8,3716.85,0.0,0.0,0.0,0.0,0.0,0.0,58.49375,58.14375,58.85,0.07499999999999998,0.07499999999999998,0.07499999999999998,0.0,0.0,0.0,0.0,0.0,0.0,1.0,1.0,1.0,0.0014121975051239132,0.0013434546274947933,0.0014874776387296153,0.0022096102527575565,0.0020400965067092322,0.0024147804123203958,0.0027189063466503253,0.0024188168927677897,0.0030894364623381913,2.593250246718526e-05,2.4877503092284316e-05,2.71725031780079e-05,0.00022278674878180023,0.00021044023124704834,0.00023804262448538785,0.0002755642330739646,0.0002531854233006014,0.00030354272079275677,0.00633724370061019,0.005976701764772872,0.0067570445413235175,478.7939453125,476.237490234375,481.24454101562503,31.539807974995348,30.2509676500113,32.933189163121426,0.1333928958197964,185.48182507009514,0.06528954493586965,60.131003214066524
cologne8,packet_loss,ergs_no_shield,20,3.5509471250315245,3.4891970867231055,3.6143291319384736,13.032499999999999,12.753953125,13.3225,7.0899936654206925,7.0531541249790655,7.126814039513127,106.6858523148323,105.91311701058635,107.46237913654515,63.664999999999985,62.50999999999999,64.86999999999998,96.5,96.0,96.9,28.82499999999999,27.632499999999986,30.175062499999985,41.0,38.75,43.45,2005.7,2004.65,2006.75,2045.05,2044.65,2045.4,0.9141346086498006,0.8987890018788509,0.929759147118692,379319.60635959805,376693.63666172285,382017.5550294394,133.52038387110022,132.60301035353453,134.4846452797569,122970.90812292675,122119.05502122508,123856.5264044785,0.5318199290068243,0.5164013856573483,0.5475417326453619,5.093125,4.831244791666667,5.364375,0.0,0.0,0.0,0.0,0.0,0.0,0.0,0.0,0.0,0.0,0.0,0.0,50.5,45.9,55.0,0.0,0.0,0.0,492.7,480.95,505.35,3693.6,3670.85,3717.0,0.0,0.0,0.0,0.0,0.0,0.0,58.49375,58.1375,58.85,0.07499999999999998,0.07499999999999998,0.07499999999999998,0.0,0.0,0.0,0.0,0.0,0.0,1.0,1.0,1.0,0.0014071575016714633,0.001344077084067976,0.001478725368870073,0.0021708869974827382,0.002026226495203445,0.0023444193462637476,0.00280713929684134,0.0024975679487775765,0.0031499002628217537,2.6007505948655307e-05,2.482250267348718e-05,2.739999639743473e-05,0.00022917374066310005,0.00020862471930740864,0.00025620300148875686,0.00034365971008082786,0.00025806444025365635,0.00048468242891249087,0.006291092977262452,0.0059679847633855795,0.006671512548420246,478.59765625,475.96169921874997,481.12775390625,31.888240479992238,30.580286055740725,33.3822772652538,0.1333928958197964,185.48182507009514,0.06528954493586965,60.131003214066524
cologne8,packet_loss,ergs_no_uncertainty,20,3.5509471250315245,3.4902880156467724,3.6134782624280075,13.032499999999999,12.760833333333334,13.322916666666668,7.0899936654206925,7.053459898751698,7.127452616381727,106.6858523148323,105.92184572969346,107.47754914385757,63.664999999999985,62.50999999999999,64.86999999999998,96.5,96.0,96.9,28.82499999999999,27.639937499999988,30.137562499999984,41.0,38.75,43.4,2005.7,2004.65,2006.75,2045.05,2044.65,2045.4,0.9141346086498006,0.8988122920602324,0.9297906655416353,379319.60635959805,376712.1212169501,382093.7278414201,133.52038387110022,132.59855657391765,134.49134128354547,122970.90812292675,122106.86083943072,123857.21034939193,0.5318199290068243,0.5161314700891014,0.5474801281251118,5.093125,4.834583333333333,5.367505208333332,0.0,0.0,0.0,0.0,0.0,0.0,0.0,0.0,0.0,0.0,0.0,0.0,50.5,45.9,55.0,0.0,0.0,0.0,492.7,480.94875,505.1,3693.6,3671.15,3717.0,0.0,0.0,0.0,0.0,0.0,0.0,58.49375,58.1375,58.85625,0.07499999999999998,0.07499999999999998,0.07499999999999998,0.0,0.0,0.0,0.0,0.0,0.0,1.0,1.0,1.0,0.001382714998908341,0.0013104891865805257,0.0014642461192852351,0.002201903482200577,0.0020362486845042424,0.002398700415214988,0.0027137466060812576,0.0024847018785862014,0.0029654941529559426,2.636499120853841e-05,2.505749260308221e-05,2.7899988417630084e-05,0.00022542023070855067,0.0002128276069488493,0.0002410302250063978,0.0002868780443677678,0.00025668169251875944,0.000321213236832409,0.0062488526353667515,0.005925164472537493,0.006632093065698225,478.35703125,475.7558544921875,480.91876953125,32.006067115004406,30.863911501628753,33.20096084665056,0.1333928958197964,185.48182507009514,0.06528954493586965,60.131003214066524
cologne8,packet_loss,ergs_v3,20,3.5509471250315245,3.4888738507855774,3.6150745255074095,13.032499999999999,12.754583333333333,13.319374999999999,7.0899936654206925,7.053422417413117,7.126810161463257,106.6858523148323,105.91733203570564,107.4703570593087,63.664999999999985,62.514999999999986,64.86499999999998,96.5,96.0,96.9,28.82499999999999,27.62999999999999,30.132499999999986,41.0,38.75,43.4,2005.7,2004.65,2006.75,2045.05,2044.65,2045.4,0.9141346086498006,0.8988063255941506,0.9297882229649969,379319.60635959805,376740.4038043188,382081.2108777966,133.52038387110022,132.59119367579592,134.50245673900625,122970.90812292675,122116.14167429929,123858.72613635876,0.5318199290068243,0.5162893662038947,0.5472882230272128,5.093125,4.826666666666667,5.365213541666666,0.0,0.0,0.0,0.0,0.0,0.0,0.0,0.0,0.0,0.0,0.0,0.0,50.5,45.9,54.9,0.0,0.0,0.0,492.7,480.7,505.1,3693.6,3671.24875,3716.90125,0.0,0.0,0.0,0.0,0.0,0.0,58.49375,58.1375,58.85,0.07499999999999998,0.07499999999999998,0.07499999999999998,0.0,0.0,0.0,0.0,0.0,0.0,1.0,1.0,1.0,0.0014204325067112221,0.001354399760166416,0.0014899908249935833,0.002173811001412104,0.0020183589788794042,0.0023579102758885706,0.0026194457029341703,0.002397966548125259,0.0028724807592559938,2.5777495466172695e-05,2.4812485135043973e-05,2.6852497830986978e-05,0.00022783248976338653,0.0002150593094702344,0.0002430388544744346,0.00028335715172579494,0.0002595055913261603,0.0003113933799933873,0.00631309619729614,0.006018157644183803,0.0066613101136006455,479.224609375,476.730849609375,481.60329101562496,36.214385919994676,34.57334103311994,38.063872084233005,0.1333928958197964,185.48182507009514,0.06528954493586965,60.131003214066524
cologne8,packet_loss,fixed,20,5.6278318259834155,5.561138964893169,5.7060517465317435,19.080833333333338,18.755208333333336,19.42500520833334,6.599379661626879,6.557743331030607,6.6375349969234,113.73661076636543,112.82147833974392,114.68202146837521,67.48749999999998,66.28999999999999,68.66999999999999,89.9,88.25,91.4,41.88499999999998,40.97999999999998,42.84249999999999,55.6,53.9,57.3,2000.8,1999.6,2002.0,2045.05,2044.65,2045.4,1.0445192187158177,1.0318627852093785,1.0575966674537016,404049.5920699386,400981.31141341553,407265.97331395315,146.1291436061278,144.97051277218043,147.3447288643468,130988.55654920633,129978.3495231127,132016.79910089943,0.5288891468191037,0.5173273043035184,0.5390007486930233,7.0910416666666665,6.802708333333333,7.414166666666667,0.0,0.0,0.0,0.0,0.0,0.0,0.0,0.0,0.0,0.0,0.0,0.0,55.0,50.4,59.7,0.15,0.0,0.3,548.95,533.85,563.45,3804.75,3781.1,3829.30125,0.0,0.0,0.0,0.0,0.0,0.0,144.0,144.0,144.0,0.0,0.0,0.0,0.0,0.0,0.0,0.0,0.0,0.0,0.0,0.0,0.0,6.765000580344349e-05,6.544751224282663e-05,6.968000387132634e-05,0.00011893025250174101,0.0001094309668987989,0.00012899746857146957,0.00016317345888819536,0.00014551648768247095,0.00018094237010809577,0.0,0.0,0.0,0.0,0.0,0.0,0.0,0.0,0.0,0.00031461318363855954,0.0003024944385187054,0.00032661405694569916,475.05546875,471.726357421875,478.1534326171875,32.25480241501354,30.96278694438879,33.475573665639814,0.1442801760956699,197.57443195517888,0.0714550468722661,64.05151783536165
cologne8,packet_loss,idqn,20,2.8022732448516074,2.7552263879968657,2.8483459873590857,12.389791666666667,12.194375000000003,12.588963541666667,7.1187220333096946,7.088174867258019,7.149742141436773,106.3592609292574,105.95445556532528,106.76886284350866,58.56999999999999,57.73499999999999,59.4525,87.3,85.6,88.90124999999989,27.37249999999999,26.632499999999986,28.169999999999987,39.05,36.9,41.55,2008.35,2006.8,2009.8,2045.05,2044.65,2045.4,0.9359427299330172,0.9236043324504442,0.9486354143666152,377511.8177841342,375467.4900334056,379655.8503444092,132.36305010263672,131.62954821606024,133.13557928117638,122384.79280286605,121732.61035777854,123088.03536867458,0.532643490068927,0.5222930633549722,0.5426418135247789,4.752708333333333,4.6008281250000005,4.910208333333332,0.0,0.0,0.0,0.0,0.0,0.0,0.0,0.0,0.0,0.0,0.0,0.0,49.2,44.1,54.5,0.0,0.0,0.0,499.1,489.75,508.85,3682.9,3665.4,3699.7,0.0,0.0,0.0,0.0,0.0,0.0,88.01875,87.75,88.29375,0.0,0.0,0.0,0.0,0.0,0.0,0.0,0.0,0.0,0.0,0.0,0.0,0.0012500900076702238,0.0011987770155246834,0.0013030850804352666,0.0019508809963008384,0.0017820285969937684,0.002128008159379532,0.002571919365611391,0.0022636674420762563,0.002878551442631576,0.0,0.0,0.0,0.0,0.0,0.0,0.0,0.0,0.0,0.005634040117963903,0.005345750292189729,0.005922603399552827,476.025390625,473.0037060546875,478.89319335937495,32.65953009001678,30.89115218088613,34.4120284065351,0.13551820576176382,184.5978424899803,0.06472362538942164,59.844401262984306
cologne8,packet_loss,illm_style_review,20,3.5509471250315245,3.4882009054770347,3.613133685121903,13.032499999999999,12.757708333333332,13.321671875000002,7.0899936654206925,7.05286539212006,7.126981840669624,106.6858523148323,105.92171604873785,107.47718374085316,63.664999999999985,62.51999999999998,64.85999999999999,96.5,95.99875000000002,96.9,28.82499999999999,27.662000000000003,30.177499999999988,41.0,38.79875000000002,43.45,2005.7,2004.65,2006.75,2045.05,2044.65,2045.4,0.9141346086498006,0.8991893139069549,0.929772830380598,379319.60635959805,376695.10583553,382058.315854613,133.52038387110022,132.58773461277505,134.48000714352108,122970.90812292675,122123.85144330116,123866.7935648853,0.5318199290068243,0.516299105802299,0.5474458033610984,5.093125,4.8308333333333335,5.362916666666666,0.0,0.0,0.0,0.0,0.0,0.0,0.0,0.0,0.0,0.0,0.0,0.0,50.5,45.9,54.9,0.0,0.0,0.0,492.7,480.79875000000004,505.05,3693.6,3671.1,3716.75,0.0,0.0,0.0,0.0,0.0,0.0,58.49375,58.1375,58.85625,0.07499999999999998,0.07499999999999998,0.07499999999999998,0.0,0.0,0.0,0.0,0.0,0.0,1.0,1.0,1.0,0.0013847575115505605,0.0013353050278237788,0.001441790250610211,0.002109210499038454,0.0019856523028283844,0.002266471280563564,0.0026656521564000267,0.002438314975530372,0.0029159344410858443,2.5877522421069444e-05,2.489253238309175e-05,2.7017510874429717e-05,0.00022477723978227,0.00020870405637833753,0.0002461432417258038,0.0002728057578206061,0.0002485635926350368,0.00030136499434011045,0.006107258897488161,0.005874914137577031,0.006392333440377519,477.782421875,475.1856787109375,480.3828125,30.664646689995426,29.48338608510516,31.93181426862866,0.1333928958197964,185.48182507009514,0.06528954493586965,60.131003214066524
cologne8,packet_loss,lightgpt_direct,20,3.013997598215432,2.969859709831588,3.0523436770935732,15.216875000000002,14.883750000000001,15.534583333333336,6.660797543094125,6.627156752173469,6.697260839016518,114.80998798111087,113.80865357419604,115.78725950219182,63.904999999999994,63.2,64.55499999999999,88.35,86.3,90.3,36.42499999999999,35.022499999999994,37.92749999999999,46.6,45.0,48.25,2005.5,2004.25,2006.7,2045.05,2044.65,2045.4,1.0902674742396672,1.0715345734017412,1.1079607332249783,403199.95706119214,400160.5866046864,406276.3635427093,141.50358403261248,140.35138482268457,142.6328989584984,130712.61624846075,129722.41898775326,131710.49798923952,0.42141363062434783,0.4140266851633662,0.4286621176387518,7.128125,6.930822916666666,7.321463541666667,0.0,0.0,0.0,0.0,0.0,0.0,0.0,0.0,0.0,0.0,0.0,0.0,54.3,48.9,59.9,0.0,0.0,0.0,632.9,616.8,649.15,3862.3,3835.15,3891.75,0.0,0.0,0.0,0.0,0.0,0.0,105.0,105.0,105.0,1.0,1.0,1.0,0.7989583333333334,0.7963020833333332,0.8016145833333332,0.35630208333333335,0.35442708333333334,0.3580989583333334,0.5,0.5,0.5,0.0025407375040231274,0.0024505097593646497,0.0026446560009208042,0.003561300249712075,0.0032147553051690915,0.003958918934593382,0.004295146206801289,0.0036835466169446583,0.0049858282342116565,1.5462501323781908e-05,1.5074998373165727e-05,1.593250490259379e-05,2.665300038643181e-05,2.4836963733832813e-05,2.8749521159625135e-05,3.598540375242009e-05,3.308784528780959e-05,3.920182553119956e-05,0.011340574199340255,0.010847232373215672,0.011909702393940784,476.6814453125,473.9216162109375,479.36604980468746,31.900478599988855,30.489776834883376,33.49591813911582,0.16386609015353545,197.15897267117776,0.06919321485177012,63.9165870020101
cologne8,packet_loss,llm_no_semantic,20,3.5509471250315245,3.488454466402085,3.6139266168811917,13.032499999999999,12.753750000000002,13.319593749999997,7.0899936654206925,7.053138846604755,7.127289323427952,106.6858523148323,105.93619826254901,107.47478343629132,63.664999999999985,62.514999999999986,64.85499999999999,96.5,96.0,96.9,28.82499999999999,27.629999999999985,30.179999999999986,41.0,38.75,43.4,2005.7,2004.65,2006.75,2045.05,2044.65,2045.4,0.9141346086498006,0.8987321515004213,0.929772878221832,379319.60635959805,376675.79844017135,382121.51376004633,133.52038387110022,132.5997589465792,134.4843072478716,122970.90812292675,122125.03930095867,123854.69564667958,0.5318199290068243,0.5162100280063967,0.5474948131950189,5.093125,4.831666666666667,5.366046874999999,0.0,0.0,0.0,0.0,0.0,0.0,0.0,0.0,0.0,0.0,0.0,0.0,50.5,45.9,55.0,0.0,0.0,0.0,492.7,480.85,505.45,3693.6,3671.2,3717.05,0.0,0.0,0.0,0.0,0.0,0.0,58.49375,58.1375,58.85625,0.07499999999999998,0.07499999999999998,0.07499999999999998,0.0,0.0,0.0,0.0,0.0,0.0,1.0,1.0,1.0,0.0013936600123997777,0.001349654881414608,0.0014428825629147469,0.0021349025136441916,0.002023430350840499,0.002277871547812537,0.002704645703954155,0.002490995159598241,0.0029328841120295672,2.5027498486451806e-05,2.4329993102583103e-05,2.5790001382119952e-05,0.00021532052225666114,0.0002064138847053982,0.00022496278936159797,0.0002802651473903095,0.0002535407038027188,0.0003114365043511493,0.006154009152871571,0.005952533057151918,0.006401378751190149,477.34375,474.6960205078125,479.97756835937497,31.179997520003234,30.116605484003085,32.350502184373035,0.1333928958197964,185.48182507009514,0.06528954493586965,60.131003214066524
cologne8,packet_loss,max_pressure,20,4.873875398694331,4.800960976307684,4.946380452416333,14.444374999999999,14.219999999999999,14.676666666666666,6.908325179587554,6.869628868841066,6.945083733947659,108.76203519802485,108.17085780915566,109.36859146995688,72.31249999999999,71.65,72.9125,96.9,96.75,97.0,29.17499999999999,28.527499999999986,29.817499999999995,43.1,41.5,44.65,2002.9,2001.55,2004.3,2045.05,2044.65,2045.4,0.8912477359275984,0.881859658909236,0.9003886965400386,386102.17260106176,383957.3888711183,388257.4245682482,136.39424485113733,135.61481582115326,137.18137200294385,125169.79992661897,124475.20272377146,125878.43706635253,0.6207429117242832,0.6083376662260147,0.6332560975068864,4.713541666666666,4.512708333333333,4.919791666666666,0.0,0.0,0.0,0.0,0.0,0.0,0.0,0.0,0.0,0.0,0.0,0.0,54.0,50.1,57.8,0.0,0.0,0.0,491.3,480.6,501.9512499999999,3724.0,3701.25,3747.9,0.0,0.0,0.0,0.0,0.0,0.0,48.425,48.10625,48.775,0.0,0.0,0.0,0.0,0.0,0.0,0.0,0.0,0.0,0.0,0.0,0.0,7.556748751085252e-05,7.254241965711117e-05,7.838498866476585e-05,0.0001291470087016932,0.00011733614729746477,0.0001410653330094646,0.0001734010575455612,0.00015312500544969212,0.0001943686297483507,0.0,0.0,0.0,0.0,0.0,0.0,0.0,0.0,0.0,0.00035179796553469104,0.0003342205666162449,0.00036914006706501826,475.4587890625,472.2493994140625,478.5086767578125,33.028529219992926,31.25506753586786,34.789072235730266,0.13192803437164338,188.7984022889718,0.06669482156971093,61.20622964065376
cologne8,packet_loss,ppo_ensemble,20,3.5509471250315245,3.4892135130696667,3.6136673663582006,13.032499999999999,12.752703125,13.320416666666665,7.0899936654206925,7.053621891048073,7.127326891088907,106.6858523148323,105.92195761404187,107.46680631010393,63.664999999999985,62.50999999999999,64.905,96.5,95.95,96.9,28.82499999999999,27.632499999999986,30.12999999999999,41.0,38.8,43.45,2005.7,2004.65,2006.75,2045.05,2044.65,2045.4,0.9141346086498006,0.8989138700015094,0.9295443838226064,379319.60635959805,376693.6420072098,382015.0874654025,133.52038387110022,132.59257803986728,134.48354201777232,122970.90812292675,122107.4817546211,123848.04880067542,0.5318199290068243,0.5160902051668704,0.5473875900743217,5.093125,4.828125,5.363125,0.0,0.0,0.0,0.0,0.0,0.0,0.0,0.0,0.0,0.0,0.0,0.0,50.5,45.8,55.0,0.0,0.0,0.0,492.7,480.9,505.05,3693.6,3670.65,3716.9,0.0,0.0,0.0,0.0,0.0,0.0,58.49375,58.1375,58.8625,0.0,0.0,0.0,0.0,0.0,0.0,0.0,0.0,0.0,0.0,0.0,0.0,0.0013033200084464625,0.0012367748744873098,0.0013731937040574848,0.0019725037572788998,0.0018081583419188967,0.0021571986751005167,0.0024212553407414804,0.0021478980487358045,0.002708061734179499,0.0,0.0,0.0,0.0,0.0,0.0,0.0,0.0,0.0,0.005785314797378508,0.0054919628048264715,0.006109029269373018,476.32578125,473.46249023437497,479.063291015625,32.602990845014574,30.85635376512291,34.43784558250976,0.1333928958197964,185.48182507009514,0.06528954493586965,60.131003214066524
cologne8,packet_loss,ppo_event_rule,20,3.5509471250315245,3.490030818826324,3.6135405044239297,13.032499999999999,12.753541666666667,13.320624999999998,7.0899936654206925,7.05314832524275,7.126909368706922,106.6858523148323,105.93780068621145,107.49012213665783,63.664999999999985,62.51999999999998,64.86999999999998,96.5,95.95,96.9,28.82499999999999,27.659999999999997,30.134999999999984,41.0,38.75,43.4,2005.7,2004.65,2006.75,2045.05,2044.65,2045.4,0.9141346086498006,0.8987029262422952,0.9297090572692258,379319.60635959805,376721.17679146264,382068.87420242024,133.52038387110022,132.6064840596198,134.48654331238345,122970.90812292675,122121.02515289669,123873.16832291833,0.5318199290068243,0.5163192341836115,0.5474538877946519,5.093125,4.832916666666667,5.368130208333333,0.0,0.0,0.0,0.0,0.0,0.0,0.0,0.0,0.0,0.0,0.0,0.0,50.5,45.9,54.9,0.0,0.0,0.0,492.7,480.7,505.2,3693.6,3670.5,3717.30125,0.0,0.0,0.0,0.0,0.0,0.0,58.49375,58.1375,58.85,0.0,0.0,0.0,0.0,0.0,0.0,0.0,0.0,0.0,0.0,0.0,0.0,0.0015293700096663087,0.0014770395755476784,0.0015934501276205994,0.0022491594898747273,0.00211025062284898,0.002427819317228567,0.002708083652541972,0.0024017724257311772,0.0030812230805153363,0.0,0.0,0.0,0.0,0.0,0.0,0.0,0.0,0.0,0.006805483025301429,0.00651611409309266,0.007155734247724265,477.0798828125,474.30526367187497,479.85413085937495,30.346546344988745,29.380928610620323,31.539308573739547,0.1333928958197964,185.48182507009514,0.06528954493586965,60.131003214066524
cologne8,sensor_delay_noise,ergs_no_calibration,20,5.627837494548693,5.47293631832971,5.784351404075341,18.933749999999996,18.274989583333337,19.641880208333337,6.492636549682357,6.4261819548317884,6.555446170010859,119.38510702173933,117.82036963199143,121.10711401706673,81.2525,80.255,82.16,97.85,97.4,98.35,44.55249999999998,42.08749999999999,47.409999999999975,63.2,58.3,69.0,2007.3,2006.05,2008.5,2045.05,2044.65,2045.4,1.055826697483325,1.0308449558569117,1.082588588578633,419186.06862133543,414292.11141551926,424448.73688993126,148.88712015744244,147.0598217170897,150.86841177638317,135895.32894168183,134295.40286955496,137589.02175933836,0.5609986537140027,0.5432258428856459,0.5785213850100072,6.602291666666668,6.154786458333334,7.061671875,0.0,0.0,0.0,0.0,0.0,0.0,0.0,0.0,0.0,0.0,0.0,0.0,57.4,53.2,61.7,0.0,0.0,0.0,584.2,563.8,605.3,3847.1,3815.1487500000003,3884.2,0.0,0.0,0.0,0.0,0.0,0.0,59.1875,58.8125,59.575,0.07499999999999998,0.07499999999999998,0.07499999999999998,0.3,0.284375,0.315625,0.0,0.0,0.0,1.0,1.0,1.0,0.0012778324889950454,0.0012574173543544022,0.0013000253531208728,0.04377027000911752,0.0400032181447676,0.047476610183482794,0.09529012845340176,0.08986088341137212,0.10089419157101939,2.8077501337975263e-05,2.6912501198239625e-05,2.9210004213382488e-05,0.030948428497358682,0.03008625053317518,0.03186267722208868,0.03959460154495899,0.03575775775774817,0.044221064914224534,0.026121431096633185,0.024911449016559343,0.027454645074480335,477.9669921875,475.4011572265625,480.5060693359375,31.432283979997738,30.660942046364653,32.21002176750611,0.15185464375763563,204.97595101407566,0.0728036576892704,66.45085887468856
cologne8,sensor_delay_noise,ergs_no_hysteresis,20,5.627837494548693,5.476189526717168,5.78332700056931,18.933749999999996,18.266651041666666,19.638973958333327,6.492636549682357,6.427032178629861,6.555451236436615,119.38510702173933,117.80714393687511,121.14533256724125,81.2525,80.2525,82.1575,97.85,97.4,98.35,44.55249999999998,42.084999999999994,47.402499999999975,63.2,58.3,68.9,2007.3,2006.05,2008.5,2045.05,2044.65,2045.4,1.055826697483325,1.030764942636298,1.0829542383025974,419186.06862133543,414269.7854541188,424377.5341330019,148.88712015744244,147.02696624554312,150.92159236702852,135895.32894168183,134326.15662246017,137579.99744264034,0.5609986537140027,0.5432560893675258,0.5785231303914089,6.602291666666668,6.157911458333333,7.072927083333333,0.0,0.0,0.0,0.0,0.0,0.0,0.0,0.0,0.0,0.0,0.0,0.0,57.4,53.2,61.8,0.0,0.0,0.0,584.2,564.1,605.25,3847.1,3815.5,3883.65125,0.0,0.0,0.0,0.0,0.0,0.0,59.1875,58.8125,59.575,0.07499999999999998,0.07499999999999998,0.07499999999999998,0.29965277777777777,0.2840277777777778,0.3149305555555556,0.0,0.0,0.0,1.0,1.0,1.0,0.001286072499351576,0.0012465874954796165,0.0013287052421219413,0.044977489501179566,0.04047221206955135,0.049392160718743874,0.09187718074180877,0.08640149403238015,0.09751895721361932,2.828999422490597e-05,2.6987498858943582e-05,2.9435062315315002e-05,0.02990467550465837,0.029168339702533564,0.030664782971136444,0.03656565655989104,0.035018490221134534,0.03821682149590047,0.02544410347418711,0.02432290293781484,0.02655658743387761,478.9150390625,476.345263671875,481.41390136718746,30.885068840015446,29.885851768748253,31.846066753892373,0.15185464375763563,204.97595101407566,0.0728036576892704,66.45085887468856
cologne8,sensor_delay_noise,ergs_no_shield,20,5.627837494548693,5.474798430320289,5.784960779564275,18.933749999999996,18.27019270833333,19.637296874999997,6.492636549682357,6.425524208921717,6.554648417838589,119.38510702173933,117.79365617631771,121.08352782996714,81.2525,80.255,82.2,97.85,97.4,98.35,44.55249999999998,42.00993749999997,47.35999999999997,63.2,58.2,68.85,2007.3,2006.1,2008.5,2045.05,2044.65,2045.4,1.055826697483325,1.03075685633896,1.082635693355829,419186.06862133543,414241.13177360705,424317.6663245298,148.88712015744244,147.03349194886653,150.84943354156684,135895.32894168183,134322.01275787133,137588.9952267633,0.5609986537140027,0.5432976125414319,0.5783479135362789,6.602291666666668,6.159161458333334,7.063125000000001,0.0,0.0,0.0,0.0,0.0,0.0,0.0,0.0,0.0,0.0,0.0,0.0,57.4,53.1,61.8,0.0,0.0,0.0,584.2,563.9,605.5,3847.1,3815.09875,3883.90125,0.0,0.0,0.0,0.0,0.0,0.0,59.1875,58.8125,59.575,0.07499999999999998,0.07499999999999998,0.07499999999999998,0.3,0.28437500000000004,0.31562500000000004,0.0,0.0,0.0,1.0,1.0,1.0,0.0012952000077348202,0.0012681474517012247,0.0013231000644009327,0.04503378925583082,0.04095125110226205,0.0488053288790542,0.09330632989644064,0.08864414142147278,0.09821166035630734,2.8055001166649163e-05,2.645999484229833e-05,2.9499994707293808e-05,0.029445780495298095,0.02889768235559313,0.030030335347408257,0.03702347769879268,0.034380526806403924,0.04068236273918444,0.025471489872353332,0.024409531565878044,0.026557674719491237,478.5392578125,475.9415966796875,481.0539111328125,31.515293995005777,30.88242342125057,32.13648745876184,0.15185464375763563,204.97595101407566,0.0728036576892704,66.45085887468856
cologne8,sensor_delay_noise,ergs_no_uncertainty,20,5.627837494548693,5.474103887188736,5.784946431883468,18.933749999999996,18.27477083333333,19.63521354166667,6.492636549682357,6.4261499871296985,6.555122971103063,119.38510702173933,117.79961767459044,121.10562950163273,81.2525,80.2525,82.2,97.85,97.4,98.35,44.55249999999998,42.04249999999998,47.41249999999998,63.2,58.3,68.9,2007.3,2006.1,2008.55,2045.05,2044.65,2045.4,1.055826697483325,1.0308863244570707,1.0829948078651557,419186.06862133543,414156.8564900577,424329.50179701066,148.88712015744244,147.01667756932468,150.8584022362888,135895.32894168183,134314.88440338598,137592.07649719602,0.5609986537140027,0.543241902598602,0.578122993181406,6.602291666666668,6.157708333333334,7.073958333333333,0.0,0.0,0.0,0.0,0.0,0.0,0.0,0.0,0.0,0.0,0.0,0.0,57.4,53.2,61.8,0.0,0.0,0.0,584.2,563.8,605.45,3847.1,3815.55,3883.4,0.0,0.0,0.0,0.0,0.0,0.0,59.1875,58.81875,59.56875,0.07499999999999998,0.07499999999999998,0.07499999999999998,0.3,0.28437499999999993,0.315625,0.0,0.0,0.0,1.0,1.0,1.0,0.0012771699955919757,0.0012545872367627452,0.0013002403176506049,0.044056611748237516,0.03947753366277166,0.048587680617667404,0.09642056679731456,0.09204795627921256,0.1004399866602877,2.807000419124961e-05,2.6577504104352557e-05,2.941250568255782e-05,0.030023733988637103,0.02922217829267174,0.030983234760031328,0.03714829944126539,0.035085586546854744,0.03967790048788446,0.025605074358293983,0.02456733932687065,0.02662513014234961,478.2234375,475.61260253906255,480.653759765625,31.707472525001503,30.969488679999923,32.41592990286168,0.15185464375763563,204.97595101407566,0.0728036576892704,66.45085887468856
cologne8,sensor_delay_noise,ergs_v3,20,5.627837494548693,5.47692546001168,5.786345209196855,18.933749999999996,18.268333333333338,19.631458333333335,6.492636549682357,6.427586830248429,6.555700159442923,119.38510702173933,117.81046991819127,121.07769714166642,81.2525,80.255,82.2025,97.85,97.4,98.35,44.55249999999998,42.00243749999998,47.35249999999998,63.2,58.25,68.95,2007.3,2006.05,2008.5,2045.05,2044.65,2045.4,1.055826697483325,1.0308687580760698,1.0826105672157034,419186.06862133543,414299.7365977642,424417.4238794511,148.88712015744244,147.00911986918368,150.912858817738,135895.32894168183,134321.8424056754,137597.01180836043,0.5609986537140027,0.5428876290083211,0.5780525731097654,6.602291666666668,6.16,7.062921875000001,0.0,0.0,0.0,0.0,0.0,0.0,0.0,0.0,0.0,0.0,0.0,0.0,57.4,53.2,61.7,0.0,0.0,0.0,584.2,563.75,605.35,3847.1,3814.8,3883.35,0.0,0.0,0.0,0.0,0.0,0.0,59.1875,58.8125,59.56875,0.07499999999999998,0.07499999999999998,0.07499999999999998,0.3,0.2847222222222222,0.3152777777777778,0.0,0.0,0.0,1.0,1.0,1.0,0.0013202149944845586,0.0012926524318027078,0.0013507301187200937,0.04503766277135572,0.0405407439100526,0.04976278028875085,0.09400791644590203,0.08821427619083255,0.10029118572072322,2.864499983843416e-05,2.7357495855540038e-05,2.9845000317436642e-05,0.031864201006537765,0.029328192471744837,0.03539848246140899,0.038432656237797326,0.03500580206582088,0.04284304314298495,0.025820813324179553,0.024496784085269206,0.027232308856886652,479.4248046875,476.89859375000003,481.90791015624995,37.94400082998909,36.64150812361331,39.081350058849786,0.15185464375763563,204.97595101407566,0.0728036576892704,66.45085887468856
cologne8,sensor_delay_noise,fixed,20,5.6278318259834155,5.561329793299479,5.706346749413362,19.080833333333338,18.75104166666667,19.425421875,6.599379661626879,6.55754093753471,6.638129602277033,113.73661076636543,112.8271036469778,114.69469976836317,67.48749999999998,66.28999999999999,68.66999999999999,89.9,88.25,91.4,41.88499999999998,40.97999999999998,42.882499999999986,55.6,53.9,57.3,2000.8,1999.65,2002.0,2045.05,2044.65,2045.4,1.0445192187158177,1.0317548669480279,1.0572019673946018,404049.5920699386,400902.6202646844,407315.90430054034,146.1291436061278,144.9607785679255,147.33226184581122,130988.55654920633,129977.25102541839,132035.87964143578,0.5288891468191037,0.5172782264614878,0.5388888936559888,7.0910416666666665,6.802286458333333,7.407916666666667,0.0,0.0,0.0,0.0,0.0,0.0,0.0,0.0,0.0,0.0,0.0,0.0,55.0,50.4,59.7,0.15,0.0,0.3,548.95,533.85,563.9,3804.75,3780.65,3830.2,0.0,0.0,0.0,0.0,0.0,0.0,144.0,144.0,144.0,0.0,0.0,0.0,0.0,0.0,0.0,0.0,0.0,0.0,0.0,0.0,0.0,6.569750257767737e-05,6.376001103490125e-05,6.768748593458439e-05,9.689550381153821e-05,9.347775545757028e-05,0.00010037755236407972,0.00011947659205179654,0.00011107757206918898,0.0001288054890042985,0.0,0.0,0.0,0.0,0.0,0.0,0.0,0.0,0.0,0.00029270087170718605,0.00028359242755323066,0.0003020395709132168,475.253515625,471.86776367187497,478.38167968749997,30.093711430008987,29.01977558989689,31.2837637847272,0.1442801760956699,197.57443195517888,0.0714550468722661,64.05151783536165
cologne8,sensor_delay_noise,idqn,20,3.657395413171989,3.511073800002799,3.8024962576437615,15.149583333333334,14.679359374999999,15.595416666666669,6.816043981337759,6.766802678802941,6.867483014126941,112.46451005041237,111.425865589806,113.46291466545418,68.3025,66.55499999999999,70.05,94.45,92.7,96.0,36.49749999999998,34.42237499999999,38.67756249999998,53.45,49.45,57.50124999999989,2006.95,2005.45,2008.4,2045.05,2044.65,2045.4,1.0147950586879246,1.0006913543098477,1.0276259294383832,396470.54699113674,392754.6143966517,400032.7524470292,139.59963265018104,138.19140408881324,140.9331619366181,128531.06540975189,127318.44676291174,129682.37034752613,0.5142156868063534,0.5009176392887194,0.5277181480557588,5.791666666666666,5.516869791666666,6.073749999999999,0.0,0.0,0.0,0.0,0.0,0.0,0.0,0.0,0.0,0.0,0.0,0.0,57.5,51.1,63.7,0.0,0.0,0.0,558.3,547.1,569.35,3779.55,3759.45,3801.05,0.0,0.0,0.0,0.0,0.0,0.0,88.96875,88.66875,89.2875,0.0,0.0,0.0,0.0,0.0,0.0,0.0,0.0,0.0,0.0,0.0,0.0,0.0011633950023679062,0.0011473996874701697,0.0011781650607736083,0.0016401754974503997,0.001579927422542823,0.0017054253816022526,0.0020797590954462057,0.0018748549057228951,0.002294226090643495,0.0,0.0,0.0,0.0,0.0,0.0,0.0,0.0,0.0,0.005121131889827666,0.0050307877568235805,0.005208113718694424,476.3359375,473.2274755859375,479.240244140625,29.7490346349834,28.901121379614633,30.464715235114415,0.14771599793626225,193.86838805463765,0.06826221004385274,62.84984005757898
cologne8,sensor_delay_noise,illm_style_review,20,6.0160622160508215,5.834987557837036,6.198804406568968,19.394166666666663,18.82353645833333,19.982291666666665,6.450728802842202,6.395682553816364,6.5042892263031,119.91693576133969,118.61278497940656,121.29168912982703,82.8475,81.99749999999999,83.69749999999999,98.05,97.6,98.55,44.68999999999998,42.69243749999998,46.78749999999999,63.7,59.6,67.85,2005.25,2003.9,2006.55,2045.05,2044.65,2045.4,1.0450394308437914,1.0269472060114941,1.063212032854927,422626.0082885519,418713.1971550095,426660.58833315386,150.1668633173041,148.67366918048984,151.67339479078808,137010.5210473707,135743.4298575298,138331.24161670933,0.5704925392986496,0.5585313936956812,0.5816434907704456,6.443958333333333,6.1439531249999995,6.7875,0.0,0.0,0.0,0.0,0.0,0.0,0.0,0.0,0.0,0.0,0.0,0.0,54.3,48.7,59.9,0.0,0.0,0.0,565.75,553.6,578.35,3834.65,3807.55,3864.65125,0.0,0.0,0.0,0.0,0.0,0.0,58.2125,57.875,58.5625,0.07499999999999998,0.07499999999999998,0.07499999999999998,0.278125,0.26423611111111106,0.29270833333333335,0.019609375000000002,0.018671874999999998,0.020572916666666663,0.9803906250000001,0.979453125,0.9813281250000001,0.001237109987414442,0.0012099773028603521,0.0012647749915049643,0.0018677057488821446,0.0018326481785552455,0.0019078352619399076,0.0022470142029342227,0.002087347911250253,0.0024325212838579315,1.650748308748007e-05,1.5684991303714924e-05,1.7342469291179438e-05,4.629074828699231e-05,4.4714458097587335e-05,4.7696523281047114e-05,6.0030549764633157e-05,5.7741978693229596e-05,6.243105347675732e-05,0.005663858054031151,0.00559742068247053,0.005729609909434658,477.7412109375,475.13259765624997,480.3273486328125,30.390108219993998,29.514510479602322,31.232560869745065,0.14753628101652042,206.65803197406024,0.07342943366534026,66.9961717549061
cologne8,sensor_delay_noise,lightgpt_direct,20,3.013997598215432,2.970189002111876,3.052535758495648,15.216875000000002,14.887489583333332,15.530625,6.660797543094125,6.6272223031025606,6.6977006956751035,114.80998798111087,113.79498957473461,115.77900119756721,63.904999999999994,63.2,64.55,88.35,86.25,90.3,36.42499999999999,34.98249999999999,37.92249999999999,46.6,45.05,48.25,2005.5,2004.25,2006.7,2045.05,2044.65,2045.4,1.0902674742396672,1.07146567465055,1.1077350088366698,403199.95706119214,400094.2540969698,406293.0400070605,141.50358403261248,140.3502180109839,142.6455724171543,130712.61624846075,129716.23152905978,131693.4667488544,0.42141363062434783,0.41389243266733966,0.42867261614704144,7.128125,6.929786458333333,7.3175052083333325,0.0,0.0,0.0,0.0,0.0,0.0,0.0,0.0,0.0,0.0,0.0,0.0,54.3,48.8,59.9,0.0,0.0,0.0,632.9,616.6,648.9,3862.3,3834.95,3891.85,0.0,0.0,0.0,0.0,0.0,0.0,105.0,105.0,105.0,1.0,1.0,1.0,0.808828125,0.8063802083333332,0.8115625,0.35630208333333335,0.3549212239583333,0.3578385416666666,0.5,0.5,0.5,0.002377584998612292,0.00234736174257705,0.0024108719336800276,0.003103094503167084,0.002971198695056955,0.003267164302174931,0.0036432249892968662,0.0032892102880388826,0.004050483519880791,1.4435008051805198e-05,1.4347495744004846e-05,1.4527505845762789e-05,2.2876762086525554e-05,2.214176610141294e-05,2.3762536569847724e-05,3.0211791396141036e-05,2.8282930837303854e-05,3.249700837623094e-05,0.010570455098374319,0.010436863772053282,0.01072270894106239,476.8794921875,474.0464794921875,479.5890771484375,30.490529955003876,29.861398195876244,31.14423470388676,0.16386609015353545,197.15897267117776,0.06919321485177012,63.9165870020101
cologne8,sensor_delay_noise,llm_no_semantic,20,5.627837494548693,5.4743225368008845,5.781853391419691,18.933749999999996,18.2614375,19.64583854166667,6.492636549682357,6.426709201362641,6.5556282957470975,119.38510702173933,117.80268525992777,121.07069024379257,81.2525,80.255,82.2,97.85,97.4,98.35,44.55249999999998,42.04749999999998,47.37287499999994,63.2,58.25,68.85,2007.3,2006.05,2008.5,2045.05,2044.65,2045.4,1.055826697483325,1.0305289060030849,1.0822904652576792,419186.06862133543,414342.3438179307,424467.135872987,148.88712015744244,147.03205605449725,150.8538458673025,135895.32894168183,134288.66300896506,137595.44921318517,0.5609986537140027,0.5429219976625064,0.5782980959632228,6.602291666666668,6.153744791666667,7.059583333333333,0.0,0.0,0.0,0.0,0.0,0.0,0.0,0.0,0.0,0.0,0.0,0.0,57.4,53.3,61.8,0.0,0.0,0.0,584.2,563.95,605.55,3847.1,3815.59875,3883.9,0.0,0.0,0.0,0.0,0.0,0.0,59.1875,58.80625,59.575,0.07499999999999998,0.07499999999999998,0.07499999999999998,0.0,0.0,0.0,0.0,0.0,0.0,1.0,1.0,1.0,0.0012818925024475902,0.0012547848804388196,0.001312435311920126,0.0019192627424490633,0.001894143067147524,0.001945403830359282,0.002307532552629708,0.0022314075281188697,0.00239921829997911,2.5617494247853757e-05,2.4679998605279253e-05,2.6707499637268482e-05,0.00020006324513815345,0.0001940579910733504,0.000205602744652424,0.0002339550954056903,0.00022566722701303652,0.00024318269775249051,0.00573557309516117,0.005693520953552757,0.005780492488940379,477.4169921875,474.79978515625,480.0300830078125,29.093994985008614,28.345289444844965,29.8534401452569,0.15185464375763563,204.97595101407566,0.0728036576892704,66.45085887468856
cologne8,sensor_delay_noise,max_pressure,20,6.961299947152675,6.776338247716313,7.1412465784109145,21.38104166666667,20.697703124999997,22.101885416666665,6.241390620424682,6.178510532502421,6.304444273038173,124.14020721582276,122.50274960538111,125.84998137062698,84.28249999999998,83.57993749999997,84.99006249999996,98.85,98.25,99.4,51.052499999999974,48.389999999999986,53.727562499999976,75.5,70.2,80.6,2003.0,2001.4,2004.65,2045.05,2044.65,2045.4,1.0818758411556997,1.0587255438329195,1.106012775447141,435276.1525502447,430330.1069058979,440433.053706536,155.12621935862592,153.21358813517824,157.07034076899663,141111.61078278095,139532.99680628892,142778.6101084311,0.5874497481257217,0.5777506953505138,0.5965465445468108,6.81,6.487291666666667,7.159588541666667,0.0,0.0,0.0,0.0,0.0,0.0,0.0,0.0,0.0,0.0,0.0,0.0,67.1,61.5,72.9,0.0,0.0,0.0,615.35,599.7987499999999,632.3,3928.6,3896.25,3962.75125,0.0,0.0,0.0,0.0,0.0,0.0,52.51875,52.21875,52.825,0.0,0.0,0.0,0.0,0.0,0.0,0.0,0.0,0.0,0.0,0.0,0.0,7.029252301435918e-05,6.89475301624043e-05,7.153501232096459e-05,0.00010321901121642437,9.971345781377747e-05,0.00010726505694765363,0.0001280168534140102,0.00012083145563519787,0.00013683786724723163,0.0,0.0,0.0,0.0,0.0,0.0,0.0,0.0,0.0,0.0003128122324091641,0.0003058548625807209,0.00031925053800700373,475.7390625,472.450166015625,478.7760009765625,30.56270358497859,29.90233077748693,31.18805151194363,0.1566334063024996,212.8437703480329,0.07585448735171557,69.00154557726263
cologne8,sensor_delay_noise,ppo_ensemble,20,5.627837494548693,5.4728609901471525,5.7824469173909065,18.933749999999996,18.286869791666668,19.641666666666666,6.492636549682357,6.425353601663592,6.555921619418575,119.38510702173933,117.82257011861074,121.09954550390869,81.2525,80.255,82.2,97.85,97.4,98.35,44.55249999999998,42.09243749999998,47.400062499999976,63.2,58.25,68.9,2007.3,2006.05,2008.55,2045.05,2044.65,2045.4,1.055826697483325,1.0307430654401353,1.0825974336858837,419186.06862133543,414320.41462032613,424400.84103293734,148.88712015744244,147.0176382499325,150.8900450372065,135895.32894168183,134300.85987302882,137613.92209190005,0.5609986537140027,0.5430619773343166,0.5784651237456472,6.602291666666668,6.156666666666666,7.061875000000001,0.0,0.0,0.0,0.0,0.0,0.0,0.0,0.0,0.0,0.0,0.0,0.0,57.4,53.3,61.8,0.0,0.0,0.0,584.2,563.9,605.75,3847.1,3815.1487500000003,3884.05,0.0,0.0,0.0,0.0,0.0,0.0,59.1875,58.80625,59.5625,0.0,0.0,0.0,0.0,0.0,0.0,0.0,0.0,0.0,0.0,0.0,0.0,0.0011238900129683315,0.0011014949429227273,0.0011485677021119045,0.0016602477504056878,0.0016448032182670425,0.0016766945970448427,0.0018400885575101705,0.0018154399938983255,0.0018657062695463526,0.0,0.0,0.0,0.0,0.0,0.0,0.0,0.0,0.0,0.0051395333025155,0.005096818993456813,0.005182725022931563,476.596484375,473.68201171875,479.343955078125,30.017017714999383,29.428201193126007,30.61111160336848,0.15185464375763563,204.97595101407566,0.0728036576892704,66.45085887468856
cologne8,sensor_delay_noise,ppo_event_rule,20,5.627837494548693,5.476392358988666,5.7847593695747666,18.933749999999996,18.273536458333332,19.637713541666663,6.492636549682357,6.427535470671752,6.555116567130307,119.38510702173933,117.81763933511367,121.08491978270096,81.2525,80.25999999999999,82.2,97.85,97.4,98.35,44.55249999999998,42.04999999999998,47.362499999999976,63.2,58.2,68.9,2007.3,2006.05,2008.5,2045.05,2044.65,2045.4,1.055826697483325,1.0309130773569302,1.0824545501123901,419186.06862133543,414250.35167182045,424416.6099236594,148.88712015744244,147.02549491328125,150.89030501535106,135895.32894168183,134317.22065639927,137597.8302374099,0.5609986537140027,0.5432268372533997,0.5784537891003776,6.602291666666668,6.158119791666667,7.072088541666666,0.0,0.0,0.0,0.0,0.0,0.0,0.0,0.0,0.0,0.0,0.0,0.0,57.4,53.2,61.7,0.0,0.0,0.0,584.2,563.75,605.3,3847.1,3815.6,3883.85,0.0,0.0,0.0,0.0,0.0,0.0,59.1875,58.80625,59.575,0.0,0.0,0.0,0.0,0.0,0.0,0.0,0.0,0.0,0.0,0.0,0.0,0.001466702501056716,0.0014519547011150279,0.0014811175625072791,0.002115865499654319,0.002065015489948564,0.002172764669528987,0.0025163466886733645,0.002310243294038809,0.0027603668462223116,0.0,0.0,0.0,0.0,0.0,0.0,0.0,0.0,0.0,0.006500199510636674,0.006432304611752543,0.006573374630347542,477.1279296875,474.3597509765625,479.7998291015625,30.40080528501421,29.72275219877105,31.068015984636443,0.15185464375763563,204.97595101407566,0.0728036576892704,66.45085887468856
ingolstadt21,demand_shock,ergs_no_calibration,20,22.759133092533215,21.395712752039874,24.215075687125918,309.4864583333333,297.58701041666666,322.401484375,5.120914644521958,5.034999799643381,5.201429562082105,374.6208931789049,368.5350734447395,381.70288190441784,100.0,100.0,100.0,100.0,100.0,100.0,168.1925,164.03,172.63025,204.8,195.79875000000004,214.6,4614.45,4554.29875,4674.0,5392.8,5370.19875,5414.9,3.592431246357031,3.5185527451211738,3.6752807142477937,3883673.9921792494,3815395.143582976,3961572.8282705047,1482.7996710579123,1453.1368789126707,1515.8172196809073,1258619.4096335077,1236529.8960533931,1283534.9026066756,0.5183429462572958,0.5011031761500565,0.5357981957909914,19.98270833333333,18.88854166666667,21.12046354166666,0.0,0.0,0.0,0.0,0.0,0.0,33.6,27.05,40.2,0.0,0.0,0.0,165.8,156.8,174.9,1.8,1.25,2.4,6190.4,6024.19625,6376.45125,28415.2,28047.45,28796.1575,0.0,0.0,0.0,0.0,0.0,0.0,81.82619047619048,81.39761904761903,82.2547619047619,0.10000000000000002,0.10000000000000002,0.10000000000000002,0.34444444444444444,0.33462301587301596,0.3541666666666667,4.96031746031746e-05,9.92063492063492e-06,8.928571428571429e-05,0.9999503968253969,0.9999107142857142,0.9999801587301587,0.001308720017550513,0.0012103240135184024,0.0014240130309917732,0.15628975699888534,0.14809653101421275,0.16467503912439854,0.21830447900318525,0.20740358134137626,0.23000664570919604,2.961250429507345e-05,2.871500910259783e-05,3.062507137656212e-05,0.025163267518510102,0.023574728397928988,0.026982015502260755,0.030978305246913786,0.029057359395158695,0.0331897195099358,0.07337257498066821,0.06989541429616655,0.07709092503086179,507.469921875,499.1053759765625,515.7599951171875,199.90204678500305,192.51240475099533,207.59043518749328,0.21785523241082239,720.1590995733662,0.2749591438692168,233.38885358876794
ingolstadt21,demand_shock,ergs_no_hysteresis,20,22.73387673801684,21.482211432218563,24.027883819563506,310.03916666666674,298.2155937500001,322.95088020833333,5.119323616807447,5.033842230372509,5.199521236929729,374.02812847035227,367.4862699729278,381.4132036648591,100.0,100.0,100.0,100.0,100.0,100.0,170.73499999999999,166.90249999999997,174.65256249999996,206.65,198.8,215.7,4627.65,4568.648749999999,4685.45125,5409.35,5389.5,5427.4,3.6013094775974714,3.530981632522027,3.6811992302218846,3892077.658718838,3824019.6133958586,3966927.4419007455,1486.029310073657,1456.3187577174222,1518.692892106878,1261341.61636095,1239284.9461707291,1286133.0790465903,0.5067861007943957,0.49256226234530615,0.522408215523003,20.776666666666667,19.90582291666667,21.656296874999995,0.0,0.0,0.0,0.0,0.0,0.0,33.75,27.45,40.2,0.0,0.0,0.0,171.2,159.3,185.1,1.9,1.35,2.5,6227.7,6069.44875,6399.85375,28514.65,28187.447500000002,28858.552499999998,0.0,0.0,0.0,0.0,0.0,0.0,81.86190476190475,81.45476190476191,82.27142857142857,0.10000000000000002,0.10000000000000002,0.10000000000000002,0.3458333333333333,0.33541666666666664,0.35625000000000007,0.0,0.0,0.0,1.0,1.0,1.0,0.0012256600050022826,0.0011857370605139297,0.0012669100617495133,0.15262965225934738,0.1456073271630811,0.15952436352094077,0.21290380208968399,0.20310444773962935,0.22293302136444523,2.9007496777921915e-05,2.841748937498778e-05,2.9624995731865054e-05,0.023960778991167893,0.02282417023286689,0.025100343901416633,0.02939190498681271,0.027899001960600422,0.030938283013219162,0.0714779732116747,0.06878979993205252,0.07406168863100741,510.02734375,501.860615234375,518.1361132812499,200.3834698099992,191.6235408863674,209.87462405823825,0.21840352239988917,719.5093049476994,0.2747149491294993,233.17803735401668
ingolstadt21,demand_shock,ergs_no_shield,20,22.73387673801684,21.52651900103506,24.053702597901072,310.03916666666674,298.04145312500003,322.9316666666666,5.119323616807447,5.033176624857059,5.19975578269136,374.02812847035227,367.57283373356995,381.4447697275196,100.0,100.0,100.0,100.0,100.0,100.0,170.73499999999999,166.925,174.62756249999998,206.65,198.65,215.75,4627.65,4570.74875,4684.4,5409.35,5389.54875,5427.65,3.6013094775974714,3.531052299828138,3.6802543464080006,3892077.658718838,3823645.291665559,3968104.861289036,1486.029310073657,1456.940094795376,1518.9576134113347,1261341.61636095,1239301.7189603385,1286227.2996760388,0.5067861007943957,0.49272440815068685,0.5217221104300765,20.776666666666667,19.902916666666673,21.665838541666666,0.0,0.0,0.0,0.0,0.0,0.0,33.75,27.3,40.15,0.0,0.0,0.0,171.2,159.1,185.1,1.9,1.3,2.5,6227.7,6071.25,6401.2649999999985,28514.65,28194.19625,28853.7025,0.0,0.0,0.0,0.0,0.0,0.0,81.86190476190475,81.44761904761904,82.27619047619046,0.10000000000000002,0.10000000000000002,0.10000000000000002,0.346031746031746,0.33561259920634917,0.35644841269841276,0.0,0.0,0.0,1.0,1.0,1.0,0.001335252507124096,0.0012533290716964984,0.0014287556905765086,0.15907996822963458,0.15085165093384412,0.16728568454372705,0.22928397773939624,0.2144883898177501,0.24785342977946231,2.9239989817142487e-05,2.821249931002967e-05,3.047498466912657e-05,0.026889939748216417,0.024550369760181635,0.02969175994746182,0.03309942429972578,0.030193246958746728,0.03658862512943449,0.0757987706656018,0.07171931721605386,0.08049781733840387,508.7119140625,500.416494140625,516.907646484375,203.30672828999815,195.3613171346148,211.75412039048518,0.21840352239988917,719.5093049476994,0.2747149491294993,233.17803735401668
ingolstadt21,demand_shock,ergs_no_uncertainty,20,22.73387673801684,21.523664498495243,24.032831052663152,310.03916666666674,298.0469427083334,322.79444270833335,5.119323616807447,5.033085662013672,5.199787600372817,374.02812847035227,367.58641992277956,381.29892857121183,100.0,100.0,100.0,100.0,100.0,100.0,170.73499999999999,166.92999999999998,174.63499999999996,206.65,198.75,215.75,4627.65,4569.5,4685.45,5409.35,5389.75,5427.55,3.6013094775974714,3.531118763032239,3.6827725694121556,3892077.658718838,3824513.35248002,3970272.980549748,1486.029310073657,1456.3173763846985,1518.3820894411908,1261341.61636095,1239444.936838503,1286034.4859839699,0.5067861007943957,0.49259573131260126,0.5219313028529585,20.776666666666667,19.902281249999998,21.68833854166667,0.0,0.0,0.0,0.0,0.0,0.0,33.75,27.35,40.2,0.0,0.0,0.0,171.2,159.1,185.1,1.9,1.3,2.55,6227.7,6069.347500000001,6399.75375,28514.65,28187.943750000002,28856.25125,0.0,0.0,0.0,0.0,0.0,0.0,81.86190476190475,81.44761904761904,82.27142857142857,0.10000000000000002,0.10000000000000002,0.10000000000000002,0.346031746031746,0.33561507936507934,0.356547619047619,0.0,0.0,0.0,1.0,1.0,1.0,0.0012699374841758982,0.0012197845402988606,0.0013232199798221698,0.15210691250162187,0.14483103698071484,0.15955536687531266,0.2335124799538751,0.21760339252912075,0.25285369669024055,2.93349934509024e-05,2.840498920704704e-05,3.0477570035145612e-05,0.02569593576132319,0.02396409611301351,0.02767018542574805,0.032910046001779825,0.03034354297648968,0.03600847205950557,0.07428953151405342,0.07083495533897075,0.07803131825100071,507.6486328125,499.45961914062497,515.8617431640624,201.5925626149925,193.12726871653183,210.1208679291162,0.21840352239988917,719.5093049476994,0.2747149491294993,233.17803735401668
ingolstadt21,demand_shock,ergs_v3,20,22.73387673801684,21.528879970221315,24.03621497582789,310.03916666666674,297.9405989583334,322.6715052083333,5.119323616807447,5.034332637606135,5.200656411868396,374.02812847035227,367.64968527435775,381.4550400561123,100.0,100.0,100.0,100.0,100.0,100.0,170.73499999999999,166.91500000000002,174.66999999999996,206.65,198.7,215.7,4627.65,4569.45,4686.0,5409.35,5390.0,5427.65,3.6013094775974714,3.5304232764505734,3.6824136791383077,3892077.658718838,3824473.175270182,3968533.491852957,1486.029310073657,1456.3232694561061,1518.6262829178736,1261341.61636095,1239272.2414432105,1285984.1619959313,0.5067861007943957,0.4927561843655473,0.5221483724450078,20.776666666666667,19.907281250000008,21.670838541666665,0.0,0.0,0.0,0.0,0.0,0.0,33.75,27.35,40.2,0.0,0.0,0.0,171.2,159.1,185.1,1.9,1.3,2.5,6227.7,6072.6475,6401.75,28514.65,28190.7975,28856.60375,0.0,0.0,0.0,0.0,0.0,0.0,81.86190476190475,81.45,82.26428571428572,0.10000000000000002,0.10000000000000002,0.10000000000000002,0.346031746031746,0.3356150793650794,0.3565476190476191,0.0,0.0,0.0,1.0,1.0,1.0,0.001350447500590235,0.0012638659364165505,0.0014544826942437794,0.1510498022500541,0.14401276546734867,0.15838358368093017,0.2167145398426799,0.20351014602711348,0.23177157007318294,2.929001348093152e-05,2.847750438377261e-05,3.018251161847729e-05,0.02434239825524855,0.022516788504362915,0.026360181038900917,0.030604971141961847,0.028283669458367484,0.03322324531695921,0.0727749892630527,0.06918969858881266,0.07666397002214398,511.5951171875,503.69834472656254,519.442216796875,227.69824875999475,218.9652453183575,237.17163968326219,0.21840352239988917,719.5093049476994,0.2747149491294993,233.17803735401668
ingolstadt21,demand_shock,fixed,20,17.83085598132278,16.85366248030146,18.84653424537691,270.8183333333333,261.90307291666664,279.9483541666667,5.308264662198484,5.241844556115582,5.375726602439869,375.02655314294356,369.4789165813612,380.97290730900437,100.0,100.0,100.0,100.0,100.0,100.0,191.5925,187.6924375,195.3575625,241.9,236.7,247.3,4818.0,4761.09875,4870.351250000001,5392.1,5373.2,5411.5,3.5019359612508523,3.4506872219170304,3.552596612848062,3646012.9096353925,3594762.76960804,3698716.2055071406,1385.2709510387822,1363.6209576953845,1407.0478135638637,1181556.73234841,1165012.9694245933,1198435.532711802,0.6097816301089212,0.5990131004885155,0.6200658404556002,18.8775,18.20122395833334,19.575848958333328,0.0,0.0,0.0,0.0,0.0,0.0,16.3,13.25,19.4,0.0,0.0,0.0,218.6,204.6,235.2,9.25,8.05,10.40124999999989,5998.95,5894.75,6104.80375,28207.65,27996.2475,28414.852499999997,0.0,0.0,0.0,0.0,0.0,0.0,173.9523809523809,173.9523809523809,173.9523809523809,0.0,0.0,0.0,0.0,0.0,0.0,0.0,0.0,0.0,0.0,0.0,0.0,4.108500143047422e-05,3.948499790567439e-05,4.279999709979165e-05,7.008548709563908e-05,6.817147094989191e-05,7.199851530458543e-05,9.052910446189335e-05,8.625710230844554e-05,9.545820741768679e-05,0.0,0.0,0.0,0.0,0.0,0.0,0.0,0.0,0.0,0.0001930215623724507,0.00018738545338136545,0.0001989520949246071,497.9998046875,488.60623046874997,506.77840820312497,193.48256840000394,187.98794159500684,199.25133706937382,0.21267103073102508,676.1767974695189,0.25690750376268656,219.12737752423172
ingolstadt21,demand_shock,idqn,20,17.046599164479158,15.415500922082124,18.705921158298167,261.3539583333333,250.94952604166667,272.6310833333334,5.490369064769167,5.411129640991515,5.567366195076061,366.15518766521893,362.8782672580864,369.64045020089515,99.75,99.35,100.0,100.0,100.0,100.0,167.35500000000002,162.267375,173.7550625,207.35,200.0,215.05,4775.4,4702.55,4843.05125,5375.3,5350.84875,5399.4,3.81683809686141,3.752787408495225,3.8861234237075006,3662145.786565763,3608995.64204104,3720832.2792592314,1385.1481459803624,1363.2126471124661,1409.7525676771122,1186800.008857469,1169438.1090052808,1205710.7006794168,0.5632797377672639,0.5458254044630744,0.5808768327376505,18.69854166666667,17.808536458333336,19.60459375,0.0,0.0,0.0,0.0,0.0,0.0,20.2,13.35,28.1,0.0,0.0,0.0,191.1,179.1,203.5,3.0,2.2,3.85,6408.15,6288.5,6532.15125,28554.75,28295.145,28799.50375,0.0,0.0,0.0,0.0,0.0,0.0,124.64285714285714,124.5,124.77380952380955,0.0,0.0,0.0,0.0,0.0,0.0,0.0,0.0,0.0,0.0,0.0,0.0,0.00180184499185998,0.0017461874389846344,0.0018603221281227886,0.0025311932520708062,0.002477966357044351,0.002583893621151219,0.0028289028341532676,0.002779432515156804,0.002880831071929423,0.0,0.0,0.0,0.0,0.0,0.0,0.0,0.0,0.0,0.007966328410976633,0.007767536254418801,0.008173470298642415,501.5552734375,492.6003369140625,510.5067529296875,185.67573061501608,180.51148149938325,190.946125439413,0.22441625298768156,681.291423095597,0.2576875980838953,220.78767861467622
ingolstadt21,demand_shock,illm_style_review,20,22.7987183792606,21.172977925397092,24.57890668809199,319.6962500000001,304.3220729166667,337.51094270833335,5.078636639076295,4.986158661233055,5.160633670701595,380.51654477563517,375.1645809282266,386.5089808995557,100.0,100.0,100.0,100.0,100.0,100.0,178.39749999999998,169.3824375,188.59756249999998,215.8,206.3,225.7,4662.4,4584.95,4730.05,5432.8,5417.5,5447.0,3.583800933181655,3.5257056103750064,3.643965126569801,3964725.974512485,3881634.2128145574,4062388.25159001,1517.4088681092512,1481.6840423333838,1559.1372141644124,1284880.6868849928,1258484.7442071207,1316762.828018409,0.5074110185906442,0.4950924383076374,0.5196787114521642,21.33125,20.43,22.253749999999997,0.0,0.0,0.0,0.0,0.0,0.0,30.2,22.7,38.9,0.0,0.0,0.0,168.5,157.6,179.3,2.15,1.6,2.75,6265.55,6156.59875,6378.05375,28871.85,28634.7475,29099.6525,0.0,0.0,0.0,0.0,0.0,0.0,79.25,79.01190476190477,79.47142857142856,0.10000000000000002,0.10000000000000002,0.10000000000000002,0.3262896825396825,0.31954365079365077,0.33283730158730157,0.03262896825396825,0.031954365079365075,0.03328397817460316,0.9673710317460319,0.9667162698412698,0.9680357142857142,0.0012507725128671154,0.001203405893611489,0.0013040475024899934,0.002255606514227111,0.002135860301394132,0.002378020651056431,0.002576547788630704,0.0024595340257321354,0.002704648368708148,9.052504901774228e-06,8.350002462975682e-06,9.795080841286102e-06,3.016899281647055e-05,2.938724678824653e-05,3.095376826968275e-05,4.9965158279519455e-05,4.7621992220228936e-05,5.248776550142784e-05,0.00599495261310949,0.005755928824379428,0.006242289389680486,507.35625,498.863291015625,515.531064453125,197.31345087498192,191.34124271910042,203.96371703960043,0.21701241867078142,729.7758015226926,0.27930512224069565,236.50432316392886
ingolstadt21,demand_shock,lightgpt_direct,20,16.96289588429164,15.65596419637142,18.261684319838757,263.2854166666667,251.23324479166664,275.7436874999999,5.425513248656277,5.338487163139365,5.509133351808502,370.04224193676447,363.62207477107677,377.35131040578443,99.8,99.4,100.0,100.0,100.0,100.0,183.065,175.4649375,191.32,228.35,218.1,239.45,4732.35,4669.09875,4791.65125,5353.55,5329.2,5377.5,3.879177406658612,3.787505856087139,3.9814188194749476,3674163.5980627052,3601982.1344806324,3750999.414575748,1386.661943912478,1357.7495370488366,1418.2328906253542,1190704.8151544177,1167675.5689126395,1215747.3688417308,0.564071415642327,0.551941166432473,0.5759949426136688,18.147291666666664,17.423520833333335,18.864171875,0.0,0.0,0.0,0.0,0.0,0.0,18.95,14.6,23.35,0.0,0.0,0.0,180.9,171.5,191.4,2.3,1.75,2.85,6529.1,6363.75,6704.851250000001,28562.55,28190.79625,28958.651250000003,0.0,0.0,0.0,0.0,0.0,0.0,129.14285714285717,129.14285714285717,129.14285714285717,1.0,1.0,1.0,0.6381051587301587,0.6361210317460316,0.6400496031746032,0.2471329365079365,0.2457142857142857,0.2484722222222222,0.5382936507936509,0.5382936507936509,0.5382936507936509,0.003158267503022216,0.0030341864869114945,0.003278513069744804,0.004214401505305432,0.004137607790376933,0.004289419188957253,0.004608401091711129,0.004531533311873499,0.0046828511818079255,9.940002928487957e-06,9.46001375268679e-06,1.0410003596916795e-05,1.8365238793194295e-05,1.8085980118485176e-05,1.8624973898113237e-05,2.396186522673813e-05,2.350490575627188e-05,2.442297330999278e-05,0.013920989517743388,0.01349411304409902,0.014337425151916655,505.3208984375,496.37900390625003,513.9226367187499,190.24077601000317,183.04722700375322,197.4264998415133,0.22858953419775196,686.3041529569548,0.25901727711751604,222.41406452810148
ingolstadt21,demand_shock,llm_no_semantic,20,22.73387673801684,21.50561758817768,24.057469203366132,310.03916666666674,298.16802083333334,322.7842291666667,5.119323616807447,5.033797941768449,5.19928449788437,374.02812847035227,367.5956896342787,381.4701706163867,100.0,100.0,100.0,100.0,100.0,100.0,170.73499999999999,166.9074375,174.57506249999997,206.65,198.75,215.75,4627.65,4569.84875,4685.65,5409.35,5389.95,5427.75,3.6013094775974714,3.5311394693052653,3.6810603262722683,3892077.658718838,3822955.4875092506,3968884.376869787,1486.029310073657,1456.3389085340314,1518.575234400579,1261341.61636095,1239149.2446845442,1286199.464631601,0.5067861007943957,0.49278928794775617,0.522049691822801,20.776666666666667,19.907083333333336,21.680630208333337,0.0,0.0,0.0,0.0,0.0,0.0,33.75,27.45,40.15,0.0,0.0,0.0,171.2,159.3,185.5,1.9,1.3,2.5,6227.7,6070.29875,6400.4574999999995,28514.65,28187.44625,28861.75375,0.0,0.0,0.0,0.0,0.0,0.0,81.86190476190475,81.45476190476191,82.27142857142857,0.10000000000000002,0.10000000000000002,0.10000000000000002,0.0,0.0,0.0,0.0,0.0,0.0,1.0,1.0,1.0,0.0012083900131983683,0.0011811445891362383,0.00123476001630479,0.002506758495874236,0.0024230286393212724,0.002592156499064002,0.003386867196415548,0.0032512133240001242,0.0035218662742277935,2.122750738635659e-05,2.036243567999918e-05,2.2072505234973505e-05,0.00014677475672215219,0.00014148015218233917,0.00015177378316002426,0.00017795149364974337,0.00017209072907426153,0.00018415040544932692,0.006138987564659652,0.005990380944797937,0.006282194106018424,506.963671875,498.21828124999996,515.543359375,194.3345858899993,188.7580504160082,199.58407221775778,0.21840352239988917,719.5093049476994,0.2747149491294993,233.17803735401668
ingolstadt21,demand_shock,max_pressure,20,23.044891714406162,21.785000953621832,24.381144547094802,336.2895833333333,323.49401041666664,349.7984427083333,4.9121059905814395,4.833058912802591,4.988353755816762,395.19765968654804,389.3323833979649,400.83171892191905,100.0,100.0,100.0,100.0,100.0,100.0,176.2475,170.62743749999998,182.07506249999997,215.3,208.2,222.55,4610.9,4552.8,4667.5,5412.2,5390.2,5431.5,3.7411869689701276,3.6741098796209166,3.8072667097988613,4070023.742369073,3996748.0965914307,4145120.91885091,1559.4281913015639,1528.7741075729311,1590.4353333454671,1319008.6524986045,1294956.793577254,1343308.3294783286,0.5366169206885832,0.5229542040760383,0.5501556935617066,21.315624999999997,20.546458333333337,22.126458333333336,0.0,0.0,0.0,0.0,0.0,0.0,30.8,24.2,38.25,0.0,0.0,0.0,190.9,179.1,202.9,2.7,1.95,3.55,6471.75,6322.65,6615.55125,29155.3,28790.6425,29502.352499999997,0.0,0.0,0.0,0.0,0.0,0.0,74.3047619047619,73.8047619047619,74.82857142857142,0.0,0.0,0.0,0.0,0.0,0.0,0.0,0.0,0.0,0.0,0.0,0.0,4.60350071080029e-05,4.421243109391071e-05,4.798250774911139e-05,7.249673333717509e-05,7.027118811674881e-05,7.489977094519416e-05,9.122340747853733e-05,8.749893453204997e-05,9.498621662642097e-05,0.0,0.0,0.0,0.0,0.0,0.0,0.0,0.0,0.0,0.0002127954659550192,0.00020608332009174366,0.0002202357141955468,499.4900390625,490.17691894531254,508.3765380859375,188.1833123749995,181.7411300668682,195.08525243800116,0.22197507828765267,752.0091168783624,0.2881320334247744,243.7102569192943
ingolstadt21,demand_shock,ppo_ensemble,20,22.73387673801684,21.514432422829007,24.019235980322104,310.03916666666674,298.1695625,322.8504322916667,5.119323616807447,5.0341380104924225,5.199871135063515,374.02812847035227,367.6557123613374,381.3054268557437,100.0,100.0,100.0,100.0,100.0,100.0,170.73499999999999,166.79731249999995,174.65499999999997,206.65,198.75,215.7,4627.65,4570.04875,4685.601250000001,5409.35,5390.3,5427.75,3.6013094775974714,3.5301615643024005,3.681752230123392,3892077.658718838,3823606.108242275,3968610.3443297464,1486.029310073657,1456.7841263418,1518.9230820780576,1261341.61636095,1239096.9218444016,1285822.2627905083,0.5067861007943957,0.49249113565954933,0.5218223370123496,20.776666666666667,19.89978645833333,21.67771354166667,0.0,0.0,0.0,0.0,0.0,0.0,33.75,27.35,40.3,0.0,0.0,0.0,171.2,159.2,185.1,1.9,1.3,2.5,6227.7,6067.44875,6400.5025,28514.65,28186.7425,28857.15375,0.0,0.0,0.0,0.0,0.0,0.0,81.86190476190475,81.45714285714286,82.27380952380953,0.0,0.0,0.0,0.0,0.0,0.0,0.0,0.0,0.0,0.0,0.0,0.0,0.0011358450079569592,0.0010483973331429296,0.0012385791349515784,0.0018974667575093914,0.0018044595825776923,0.002007255316915689,0.002130612051812931,0.002031797632481902,0.0022494497288498678,0.0,0.0,0.0,0.0,0.0,0.0,0.0,0.0,0.0,0.005242064474829628,0.004936303094054691,0.005583692811417374,503.59609375,494.70427734375,512.35099609375,197.60357515499345,190.1722168201086,205.3352202684889,0.21840352239988917,719.5093049476994,0.2747149491294993,233.17803735401668
ingolstadt21,demand_shock,ppo_event_rule,20,23.30117541347237,22.283300808785164,24.34988341045861,319.70854166666663,308.5582552083333,332.20026041666665,5.0731284750591925,5.002534277341188,5.137119449898368,374.6541399166264,367.780713977755,382.52644585030976,100.0,100.0,100.0,100.0,100.0,100.0,172.15750000000003,166.6475,178.00506249999998,208.95,200.95,218.25,4580.4,4504.25,4654.8025,5398.55,5371.5,5424.7,3.625424691618987,3.5377124053719773,3.722261734847871,3936498.4083630545,3871341.022733578,4012114.901776506,1505.8105222698282,1478.6723090713913,1537.0392099150558,1275742.1902623507,1255191.4560208253,1299989.4236282338,0.5034094727780127,0.4884368360344552,0.5172259536023274,20.515416666666663,19.418328125,21.687531249999996,0.0,0.0,0.0,0.0,0.0,0.0,38.3,31.55,46.1,0.0,0.0,0.0,160.5,151.7,169.7,2.5,1.85,3.15,6253.9,6071.648749999999,6454.15125,28460.25,28013.59625,28895.201250000002,0.0,0.0,0.0,0.0,0.0,0.0,81.72142857142856,81.3452380952381,82.09529761904761,0.0,0.0,0.0,0.001016260162601626,0.0007549361207897793,0.001292102206736353,0.0006944444444444444,0.0005158730158730158,0.0008829365079365077,0.0,0.0,0.0,0.001757685001939535,0.0016962167445308295,0.0018194927430158713,0.0027476209917222144,0.002621052113412588,0.002887130530194553,0.0031354334003990507,0.0030077244769970996,0.003286140484537463,0.0,0.0,0.0,0.0,0.0,0.0,0.0,0.0,0.0,0.007959747787584398,0.007674547491383138,0.008252187227044488,506.2607421875,497.42064453125,514.7527490234376,197.1500969449815,189.88680144047467,204.60554181611673,0.21974156938185715,729.1769842574496,0.278928697941082,236.3120079025573
ingolstadt21,emergency_vehicle,ergs_no_calibration,20,12.39064862844829,11.412913192541827,13.438924612541697,117.39229166666667,112.43683854166669,122.75377604166667,6.75459658334154,6.640203061298046,6.8667671120623615,297.66278282111176,292.92098682566996,302.62948849640986,99.2225,98.7225,99.7,100.0,100.0,100.0,97.86749999999998,92.84987499999998,103.50249999999997,127.25,117.8,137.85,3980.45,3960.2,3997.55,4278.35,4274.25,4281.25,2.3495128798916367,2.308035232454344,2.393431652913845,2228772.074025673,2196361.1275011105,2263069.270870876,835.6088324928172,822.1393033092801,849.7841004984845,722242.2124389599,711916.4178717168,733214.2604549152,0.525363180087681,0.5112873024461133,0.5384865715016911,12.968333333333334,12.360208333333334,13.625005208333333,386.25,312.0,463.5,287.0375,260.2246875,311.61312499999997,4.45,2.45,6.6,0.0,0.0,0.0,115.7,106.7,124.5,1.7,1.25,2.2,2914.75,2853.84875,2981.3,17962.3,17815.4,18117.15,0.0,0.0,0.0,0.0,0.0,0.0,75.57142857142857,75.22380952380952,75.91904761904763,0.02216269841269841,0.021676587301587297,0.022748015873015868,0.03313239233755648,0.02426132454948359,0.04363673503212253,0.00011904761904761903,4.96031746031746e-05,0.0001884920634920635,0.9998809523809523,0.9998115079365079,0.9999503968253969,0.0013541975087719039,0.0012711898295674473,0.001451113564398838,0.002350007748464109,0.002189489663796848,0.0025736262013669655,0.007258565912139583,0.0040688040161985396,0.011034394773235524,2.5559993810020386e-05,2.382248640060425e-05,2.7410002221586183e-05,0.0013261839991901068,0.00016798919600114455,0.003634692830099084,0.013442751440044937,0.00886857575871399,0.017957555526484766,0.007427846203265492,0.0068511941148935865,0.008162889141478445,489.781640625,485.6684912109375,493.8064501953125,190.08603284000418,181.66431116700537,197.85309130988637,0.16227042193928395,520.9419692231053,0.19531100365627338,168.81326035480032
ingolstadt21,emergency_vehicle,ergs_no_hysteresis,20,12.39064862844829,11.422070690840332,13.419033924703404,117.39229166666667,112.45375000000001,122.58169791666663,6.75459658334154,6.641895358551498,6.864432946973144,297.66278282111176,292.9524404497085,302.7243567939294,99.2225,98.74499999999998,99.67249999999999,100.0,100.0,100.0,97.86749999999998,92.80499999999998,103.46006249999996,127.25,118.09875000000001,137.8,3980.45,3960.49875,3997.45,4278.35,4274.35,4281.25,2.3495128798916367,2.3081794097009563,2.3927087777585276,2228772.074025673,2196443.722776694,2262593.847265064,835.6088324928172,821.989469603769,849.5562216233047,722242.2124389599,711889.4144457342,733169.9710937012,0.525363180087681,0.5112248783700709,0.5383903642530012,12.968333333333334,12.365192708333334,13.615015624999998,386.25,311.25,462.0,287.0375,260.5371875,311.68781249999995,4.45,2.55,6.55,0.0,0.0,0.0,115.7,106.6,124.50249999999978,1.7,1.25,2.2,2914.75,2853.6,2981.0,17962.3,17814.348749999997,18115.75125,0.0,0.0,0.0,0.0,0.0,0.0,75.57142857142857,75.21666666666667,75.9214880952381,0.022152777777777778,0.021676587301587297,0.02271825396825397,0.03355455287422083,0.02430843188593397,0.044973992541752945,0.00011904761904761903,4.96031746031746e-05,0.0001884920634920635,0.9998809523809523,0.9998115079365076,0.9999503968253969,0.0013045574829448014,0.001251881980424514,0.0013625753005180742,0.0023545364988967633,0.0022196211321643205,0.0025307148342835163,0.007280949188803771,0.004134422288913615,0.011015550612081976,2.508249308448285e-05,2.3820009373594077e-05,2.6324985665269196e-05,0.0012409272466902621,0.00016634591801994243,0.003381730357810739,0.013194478997029347,0.00880486856343049,0.017409624142099338,0.007208420648991401,0.006814055122040574,0.007732819109988971,492.2033203125,488.1456787109375,496.124228515625,180.98607104498078,174.95198445736824,186.98947268424482,0.16227042193928395,520.9419692231053,0.19531100365627338,168.81326035480032
ingolstadt21,emergency_vehicle,ergs_no_shield,20,12.39064862844829,11.402292668181676,13.445596257002064,117.39229166666667,112.45001562500002,122.57915625,6.75459658334154,6.640003952129673,6.86500633928818,297.66278282111176,292.83231214418356,302.66801563344177,99.2225,98.73999999999997,99.67249999999999,100.0,100.0,100.0,97.86749999999998,92.73749999999998,103.53024999999995,127.25,117.85,137.65,3980.45,3960.4,3997.25125,4278.35,4274.34875,4281.3,2.3495128798916367,2.307838069461453,2.3936619197459015,2228772.074025673,2196838.293942149,2262830.4600216583,835.6088324928172,821.9490035768783,849.9377006118631,722242.2124389599,711780.5415758633,733097.8964280462,0.525363180087681,0.5115069468073882,0.5385920531947598,12.968333333333334,12.370619791666668,13.600213541666665,386.25,312.75,462.76874999999836,287.0375,260.125,311.6875,4.45,2.5,6.55,0.0,0.0,0.0,115.7,106.5,124.7,1.7,1.25,2.2,2914.75,2853.6487500000003,2980.80125,17962.3,17817.05,18119.9,0.0,0.0,0.0,0.0,0.0,0.0,75.57142857142857,75.21190476190476,75.92380952380952,0.02216269841269841,0.0216765873015873,0.022748015873015868,0.03313239233755648,0.024233908321344283,0.04352504740782508,0.00011904761904761903,4.96031746031746e-05,0.0001884920634920635,0.9998809523809523,0.9998115079365079,0.9999503968253969,0.0012675100035266951,0.0012370870670565636,0.001295910936387372,0.002275059744715675,0.0021491155024195904,0.002491277488996227,0.0069888472559396,0.003817780433672302,0.010709775308963405,2.474001084920019e-05,2.3470015657949262e-05,2.6262496394338086e-05,0.0012107322420342825,0.00015970854850456815,0.0033066351777306406,0.013077168151328786,0.00867318366064427,0.017255599025246888,0.007011817043530756,0.0066517553831587665,0.007526394786132084,492.0314453125,488.04001953125,495.910986328125,176.56268404498695,170.39646691785907,182.87169359684586,0.16227042193928395,520.9419692231053,0.19531100365627338,168.81326035480032
ingolstadt21,emergency_vehicle,ergs_no_uncertainty,20,11.897025515446918,10.963926830214971,12.960807712716138,115.93229166666667,111.03978645833334,121.17334895833334,6.78497535554538,6.672565127529213,6.890399203881308,296.4611950068539,291.8824062636545,301.44621173042094,98.9725,98.45,99.4725,100.0,100.0,100.0,96.15749999999998,91.2825,101.83012499999997,124.15,114.75,135.05,3983.3,3966.35,3996.9,4280.0,4277.7,4281.55,2.3440284470903974,2.3023816919297606,2.3885853169675935,2220063.957880803,2188504.9522033273,2254228.617038317,831.9958817498194,818.8585549430572,846.4137031350448,719420.2668854379,709453.9723354869,730533.4434912617,0.5285990186875761,0.5163806776476402,0.5390610068448571,12.863333333333333,12.313322916666666,13.490833333333333,414.0,319.5,522.75,294.4125,262.724375,329.8887499999999,3.65,1.7,5.9,0.0,0.0,0.0,114.5,105.0,123.9,1.9,1.35,2.5,2921.4,2860.85,2986.35,17951.3,17808.1,18105.405000000002,0.0,0.0,0.0,0.0,0.0,0.0,75.66190476190476,75.32857142857144,75.99767857142857,0.021924603174603173,0.021617063492063486,0.022261904761904757,0.027825055327687337,0.02073478573591468,0.03550118552804266,0.00015873015873015873,9.92063492063492e-05,0.0002281746031746032,0.9998412698412696,0.9997718253968253,0.9999007936507937,0.0012530675041489304,0.001225259442217066,0.0012774524950509658,0.0021558755004662086,0.0021310473726480266,0.0021791273137714592,0.006680836094019452,0.0037071021605443047,0.009996779824675447,2.382501261308789e-05,2.2789990034652873e-05,2.47550197673263e-05,0.00016084674920421093,0.00015468718700140013,0.0001669212905471795,0.010637897255597625,0.00637383793477202,0.014811349879801853,0.006716124730769985,0.006481098466832515,0.006964981369356692,491.0900390625,487.19176269531255,494.8392626953125,174.0199959300109,169.99572427763806,178.06379425713982,0.16274030293070696,518.7065322151409,0.19439156115649986,168.0888474031397
ingolstadt21,emergency_vehicle,ergs_v3,20,12.39064862844829,11.414872671304572,13.407993836977377,117.39229166666667,112.43543229166667,122.55018229166664,6.75459658334154,6.640565138124769,6.86539340611503,297.66278282111176,292.911704562105,302.6749023204288,99.2225,98.7225,99.67249999999999,100.0,100.0,100.0,97.86749999999998,92.80749999999998,103.45787499999992,127.25,117.8,137.6512499999999,3980.45,3960.55,3997.45,4278.35,4274.35,4281.25,2.3495128798916367,2.308532745256957,2.3935622428249728,2228772.074025673,2196567.6657946883,2262428.4643621612,835.6088324928172,822.2054727825204,849.8256273131489,722242.2124389599,711871.9057436344,733220.783562906,0.525363180087681,0.511672928904922,0.5384298853250019,12.968333333333334,12.3775,13.623135416666667,386.25,312.0,463.5,287.0375,260.7875,311.4628124999999,4.45,2.5,6.55,0.0,0.0,0.0,115.7,106.4,124.6,1.7,1.25,2.2,2914.75,2853.5,2980.6,17962.3,17817.048749999998,18117.302499999998,0.0,0.0,0.0,0.0,0.0,0.0,75.57142857142857,75.21190476190478,75.92142857142858,0.02216269841269841,0.02168650793650793,0.02274801587301587,0.03313239233755648,0.0242893662955162,0.04380868764269137,0.00011904761904761903,4.96031746031746e-05,0.0001884920634920635,0.9998809523809523,0.9998115079365079,0.9999503968253969,0.001292440010001883,0.0012612140848068522,0.0013235350704053417,0.002389108746719999,0.0022281117348393305,0.002605941797519296,0.007535386251343862,0.003988410143282078,0.011921531818885698,2.5450022076256573e-05,2.4209944967878982e-05,2.670007947017438e-05,0.0013331332450616169,0.00016910580187686711,0.003628878596209686,0.012783369761600608,0.008358664797869259,0.017127804743856525,0.007231572384407628,0.006790194530514985,0.007849626233343062,492.2830078125,488.239423828125,496.2632958984375,195.18302421000553,191.64452233786707,198.30977037625837,0.16227042193928395,520.9419692231053,0.19531100365627338,168.81326035480032
ingolstadt21,emergency_vehicle,fixed,20,10.162432729966872,9.699760814740413,10.694433038179119,113.74708333333335,111.15224479166666,116.62503125000002,6.835038941663487,6.768291295713518,6.898037495079641,288.8374008149556,286.0950783274688,291.92553019440805,92.65,92.05,93.55,100.0,100.0,100.0,115.89750000000001,113.49249999999999,119.0050625,138.5,133.95,144.3,4005.15,3995.05,4012.65,4281.3,4280.65,4281.95,2.4233195334910613,2.39630774929102,2.4528807814445344,2176145.6517234086,2157655.7396882433,2196923.194710731,819.0935612899593,811.5140134391035,827.5197839145546,705167.6683748339,699044.2952080759,711884.0451631078,0.5870696337599564,0.5780262105998749,0.595125180465816,12.556666666666668,12.090833333333334,13.087098958333332,321.0,264.75,379.5,260.625,237.6875,283.67531249999996,1.45,0.8,2.15,0.0,0.0,0.0,119.2,113.3,124.9,5.05,4.1,6.0,2848.85,2806.3987500000003,2892.65,17724.65,17623.45,17834.951250000002,0.0,0.0,0.0,0.0,0.0,0.0,173.9523809523809,173.9523809523809,173.9523809523809,0.0,0.0,0.0,0.0,0.0,0.0,0.0,0.0,0.0,0.0,0.0,0.0,4.5060008415021005e-05,4.413501876115333e-05,4.600000975187868e-05,6.978600140428169e-05,6.716724266880191e-05,7.253957411012378e-05,8.326041698455805e-05,7.833584268955744e-05,8.871928947046389e-05,0.0,0.0,0.0,0.0,0.0,0.0,0.0,0.0,0.0,0.0002044868426390975,0.00019983275010458274,0.00020932646416945824,484.588671875,479.1761474609375,489.5740478515625,179.44634706002543,175.94854496165598,183.19234271565088,0.1607281384963878,508.29085831953114,0.19131888942376366,164.7087726566309
ingolstadt21,emergency_vehicle,idqn,20,7.648209278044689,6.958645929981703,8.542681416783976,94.86083333333333,90.36475520833334,100.72504687499999,7.279231943575681,7.144331908285884,7.389211461113457,275.63357782971207,270.88974439679106,281.85187605528483,90.6,89.3,92.2,100.0,100.0,100.0,90.67999999999998,88.33749999999999,93.62749999999998,110.6,106.15,116.0,4016.2,4009.65,4021.55,4281.3,4280.65,4281.95,2.487195305976962,2.440506135538562,2.546475014619031,2109218.6579892444,2079076.1067352765,2149259.8871308775,784.9504506281057,772.5324414467016,801.3245661700049,683488.3337970036,673557.5892117901,696265.6244007406,0.5533513103790475,0.5441878386940351,0.5628126264886218,12.25125,11.883333333333333,12.639796875,375.75,304.48125000000033,456.75,283.925,252.76062500000003,317.48781249999996,1.0,0.15,2.05,0.0,0.0,0.0,116.8,110.7,123.2,1.9,1.3,2.55,2910.4,2845.65,2988.05125,17613.85,17453.0,17815.75375,0.0,0.0,0.0,0.0,0.0,0.0,124.48809523809526,124.39285714285715,124.58333333333334,0.0,0.0,0.0,0.0,0.0,0.0,0.0,0.0,0.0,0.0,0.0,0.0,0.001964287488954142,0.0019240523657936138,0.0020121478078362997,0.0027101737514021807,0.0026005824740568642,0.0028442425313332923,0.0029749849507352327,0.0028376725056717977,0.0031379292633719152,0.0,0.0,0.0,0.0,0.0,0.0,0.0,0.0,0.0,0.008564878294613058,0.00837656159352951,0.008797566224058148,486.6546875,482.0055419921875,491.117978515625,180.8000260599947,176.23330542623881,185.96229731411992,0.1652336087794548,492.6584584096523,0.1833439494144549,159.6450456162856
ingolstadt21,emergency_vehicle,illm_style_review,20,12.016070202220012,11.226031223048535,12.870738224523777,115.82250000000002,111.87538020833334,120.12816666666666,6.784869182432368,6.69381084259974,6.872967279581383,296.3584183917454,292.2709375400552,300.846316181993,99.45,99.0,99.8,100.0,100.0,100.0,96.06249999999997,91.94493749999998,100.92506249999998,123.15,114.25,133.50124999999989,3985.65,3969.7,3999.05,4279.4,4275.8,4281.65,2.341035901845447,2.302822257822696,2.382462890950181,2217294.326269228,2190413.949171293,2245878.2584185586,830.6520737525168,819.9505983152918,842.4077406614857,718525.5180260229,709892.0190694467,727946.5172014226,0.5281257280899838,0.5170998755966487,0.5389038470759038,12.899375000000001,12.385619791666668,13.452296875,387.75,315.0,463.5,286.1875,259.53656250000006,310.525,3.6,1.9,5.5,0.0,0.0,0.0,116.0,105.7,126.3,1.6,1.2,2.05,2894.35,2839.05,2954.8,17910.05,17787.19875,18044.45,0.0,0.0,0.0,0.0,0.0,0.0,75.57619047619048,75.25238095238095,75.87857142857142,0.02200396825396825,0.021646825396825393,0.022380952380952376,0.0,0.0,0.0,0.0,0.0,0.0,1.0,1.0,1.0,0.0012694525037659332,0.0012397475101897726,0.0012978975052101306,0.002176208237360697,0.002120739028425305,0.0022267927806024082,0.002527741813624742,0.0024478729194175675,0.0026074829434714034,2.3869980941526593e-05,2.2704995208187027e-05,2.4892483197618275e-05,0.00015750924241729082,0.00015201467078441053,0.00016264557460090144,0.0001916077136411331,0.0001850657052505994,0.0001981023590677068,0.006078560678393437,0.005902935696427449,0.006241447193394681,488.760546875,484.4776806640625,492.9633642578125,178.7757724099909,173.62708791599596,183.75917911899552,0.16160479730654018,518.1320573606646,0.1941047982783841,167.90333178156354
ingolstadt21,emergency_vehicle,lightgpt_direct,20,8.638471506102348,7.932377163266097,9.438134233885567,99.08500000000001,95.64166145833335,102.93379166666665,7.1293719564249045,7.03612732668742,7.2158006121595255,279.82937581803026,275.94218880685594,284.0242724456172,92.10749999999999,90.87249999999995,93.6,100.0,100.0,100.0,99.26249999999997,93.64499999999998,106.63756249999996,128.2,119.4,139.6,3991.6,3982.15,4000.3,4277.9,4274.5,4280.75,2.4677691245031914,2.432481106764764,2.5062616324063605,2135954.4883834748,2110955.4214157807,2163228.6775715174,794.7160779599262,784.82947113732,805.7903191489614,692151.8090233833,684251.0672846261,700997.9971372721,0.5377958123017186,0.5256520251331903,0.5484488393850379,12.482291666666665,11.959161458333332,13.061677083333333,353.25,278.25,442.5,274.1625,245.55,305.01281249999994,2.1,1.15,3.15,0.0,0.0,0.0,105.6,101.7,109.5,1.2,0.65,1.8,2932.6,2881.6487500000003,2985.4,17471.2,17329.598749999997,17619.8,0.0,0.0,0.0,0.0,0.0,0.0,129.14285714285717,129.14285714285717,129.14285714285717,1.0,1.0,1.0,0.7046527777777778,0.7025992063492064,0.7067460317460318,0.2773214285714286,0.2760317460317461,0.27866071428571426,0.5382936507936509,0.5382936507936509,0.5382936507936509,0.0033205374958924947,0.003200996181476512,0.0034290725554456006,0.0044686909817392,0.004358255219813144,0.004591847363029956,0.004815221099648623,0.004671748491069593,0.004979340022748509,1.0537495836615562e-05,1.0074995225295425e-05,1.0940001811832189e-05,1.8820492259692402e-05,1.8500501333619467e-05,1.9120494544040413e-05,2.4565752071794096e-05,2.402658319333566e-05,2.5252957417978873e-05,0.014681701034900874,0.014249689823677223,0.015084299060778805,488.306640625,483.8175732421875,492.69594238281246,177.9295288599911,171.6914740692648,184.1429815476075,0.16785338156508997,499.299770537758,0.18577247667311678,161.79709881562994
ingolstadt21,emergency_vehicle,llm_no_semantic,20,12.016070202220012,11.250457979123464,12.877928341165523,115.82250000000002,111.84603645833332,120.13465104166666,6.784869182432368,6.69142046064944,6.870975059382759,296.3584183917454,292.36019839696655,300.8757943862193,99.45,99.0,99.8,100.0,100.0,100.0,96.06249999999997,91.93487499999998,100.90999999999997,123.15,114.4,133.5,3985.65,3969.5,3999.15,4279.4,4275.75,4281.65,2.341035901845447,2.302122986072488,2.3823497974700762,2217294.326269228,2190476.2608699347,2246148.301952383,830.6520737525168,819.8015038060539,842.3912407002585,718525.5180260229,709931.0325936156,727965.7986129936,0.5281257280899838,0.5168884345273667,0.5386984254568565,12.899375000000001,12.37790625,13.457713541666665,387.75,314.25,462.0,286.1875,259.4246875,311.23781249999996,3.6,1.85,5.55,0.0,0.0,0.0,116.0,105.7,126.3,1.6,1.2,2.05,2894.35,2840.8,2955.35,17910.05,17787.69875,18045.05,0.0,0.0,0.0,0.0,0.0,0.0,75.57619047619048,75.25714285714285,75.88333333333331,0.02200396825396825,0.02163690476190476,0.022371031746031746,0.0,0.0,0.0,0.0,0.0,0.0,1.0,1.0,1.0,0.0012599674984812737,0.0012295248773443745,0.0012872024907846934,0.0021511322437436317,0.002111147958989022,0.0021864593049394894,0.0024250711795175436,0.0023813861887872906,0.002467793398950015,2.0474984194152056e-05,1.9249997785664166e-05,2.1654987649526446e-05,0.00015024575230199844,0.00014379103393730473,0.00015662809403875144,0.00017645938100758937,0.00016834039681270946,0.0001840872471177135,0.006034459257603481,0.0058698940644499095,0.006174736906021684,488.404296875,483.918369140625,492.777548828125,175.0531224849983,169.46655636575656,180.34537943411794,0.16160479730654018,518.1320573606646,0.1941047982783841,167.90333178156354
ingolstadt21,emergency_vehicle,max_pressure,20,12.119680573618144,10.986635431642863,13.431996596931478,120.80208333333334,114.58516666666668,128.0873125,6.651552952981784,6.518415004524323,6.766994820775778,302.62916471559186,296.0484175565196,310.5980521630958,98.65,98.05,99.25,100.0,100.0,100.0,98.63749999999999,96.49249999999998,100.83749999999999,119.6,115.45,123.75,3985.7,3970.95,3996.6,4279.55,4275.6,4281.85,2.4123140209885348,2.3645611238482194,2.470447940903509,2265459.48547393,2224024.476232467,2314538.311583994,850.0474591878481,832.6829439190482,870.8952262159453,734132.6282184289,720941.3736252305,750441.9081525062,0.5538863802560847,0.5478497393132525,0.5597241518104972,13.68375,13.2925,14.09375,538.5,395.25,708.0,324.4875,278.025,378.2,3.9,1.6,6.65,0.0,0.0,0.0,125.7,116.3,134.70249999999976,1.35,0.9,1.8,3036.0,2971.35,3114.75125,18352.25,18192.9975,18559.05125,0.0,0.0,0.0,0.0,0.0,0.0,70.8547619047619,70.63571428571427,71.08571428571429,0.0,0.0,0.0,0.0,0.0,0.0,0.0,0.0,0.0,0.0,0.0,0.0,5.662250332534313e-05,5.432743528217543e-05,5.930750638071913e-05,8.495248912367968e-05,8.068694300891365e-05,8.978106097492853e-05,0.00010072404704987998,9.426564293971748e-05,0.00010771707985404637,0.0,0.0,0.0,0.0,0.0,0.0,0.0,0.0,0.0,0.00025338931824080645,0.00024343951391205744,0.000264742238420998,485.256640625,480.2686328125,490.01638183593747,185.83736214500385,178.60637261925092,194.0497673787421,0.16542930703319755,529.3686218116227,0.1986301034426162,171.54435120945635
ingolstadt21,emergency_vehicle,ppo_ensemble,20,12.016070202220012,11.228408530887048,12.88017671971544,115.82250000000002,111.89163020833332,120.10253125,6.784869182432368,6.693074587639137,6.873413532484724,296.3584183917454,292.2735133984664,300.84872087044295,99.45,99.0,99.8,100.0,100.0,100.0,96.06249999999997,91.84249999999999,100.93756249999997,123.15,114.35,133.35,3985.65,3969.25,3998.95,4279.4,4275.75,4281.65,2.341035901845447,2.3028794290318437,2.3815180840584396,2217294.326269228,2190472.8537758673,2245600.2265422074,830.6520737525168,820.0201959465109,842.3949475954604,718525.5180260229,710022.9629200789,727814.1386702603,0.5281257280899838,0.5168694900358559,0.5389109845941685,12.899375000000001,12.387494791666667,13.447291666666667,387.75,314.25,462.0,286.1875,259.4875,310.95,3.6,1.85,5.55,0.0,0.0,0.0,116.0,106.0,126.3,1.6,1.2,2.05,2894.35,2840.0,2953.95,17910.05,17785.445,18047.45,0.0,0.0,0.0,0.0,0.0,0.0,75.57619047619048,75.25952380952381,75.87619047619047,0.0,0.0,0.0,0.0,0.0,0.0,0.0,0.0,0.0,0.0,0.0,0.0,0.0010950450086966157,0.0010693340193392942,0.001119645061189658,0.001849038762738928,0.0017992240957464675,0.0018846344238918388,0.002060283905244432,0.0020249031906045267,0.0020963148501672545,0.0,0.0,0.0,0.0,0.0,0.0,0.0,0.0,0.0,0.0052129448386969875,0.005077538850793038,0.0053380241724413895,487.8662109375,483.2927197265625,492.23013183593747,173.33754834501306,171.05710328763263,175.29653968577475,0.16160479730654018,518.1320573606646,0.1941047982783841,167.90333178156354
ingolstadt21,emergency_vehicle,ppo_event_rule,20,12.267026632839992,11.170301918795504,13.613271513891268,118.38041666666668,112.60829687500002,124.94757291666663,6.742160680964773,6.610805779573758,6.861229447946596,298.6922760064698,293.2512814938197,305.0789064685286,99.35,98.9,99.8,100.0,100.0,100.0,98.20999999999998,93.18499999999997,103.92749999999997,126.95,117.2,137.8,3976.5,3960.35,3990.65,4279.3,4275.55,4281.6,2.3597321672222433,2.313896275774602,2.409288394842984,2236649.3878729725,2198026.898253842,2279245.506027125,838.5771159856902,822.728960431517,856.2502943167109,724796.4033015643,712478.6048800454,738654.2879479303,0.5230300678760818,0.5078875236202087,0.5366762985769252,13.122499999999999,12.480796875000001,13.830838541666667,429.0,332.25,534.75,298.4125,264.6875,333.2625,4.35,1.9987500000000211,7.15,0.0,0.0,0.0,114.0,106.5,121.9,1.5,0.95,2.1,2937.85,2874.5,3004.2012499999996,18022.55,17877.89875,18175.2,0.0,0.0,0.0,0.0,0.0,0.0,75.70238095238093,75.34285714285714,76.05714285714285,0.0,0.0,0.0,0.1353312631962455,0.09402285691094754,0.18019040985789608,0.0008531746031746031,0.0005853174603174603,0.001130952380952381,0.0,0.0,0.0,0.001681255004950799,0.0016442123263550456,0.0017158651431964246,0.002617596501950175,0.0025577704523093415,0.002677580046918592,0.002900324957561679,0.0028326156919254567,0.0029737940741673807,0.0,0.0,0.0,0.0,0.0,0.0,0.0,0.0,0.0,0.007658741105066534,0.0074823987434796835,0.007834004056101749,488.3591796875,483.8787109375,492.766015625,176.84743861000752,171.96167986102097,181.76221102699827,0.16300967399174923,522.6671156200716,0.19596128244939365,169.37265517761415
ingolstadt21,lane_closure,ergs_no_calibration,20,16.115773762226567,14.81159673290509,17.614671080313833,131.75854166666664,123.77206250000002,141.22067708333333,6.459977696255488,6.300752206049362,6.597314758551237,312.9543257274034,305.38478875196586,322.3518993431833,99.9,99.75,100.0,100.0,100.0,100.0,111.8875,105.18487499999999,120.3300625,133.2,125.0,142.6,3955.1,3918.2975,3979.05,4270.4,4261.25,4277.15,2.4474800620960364,2.38282813183372,2.521381098633953,2318252.7223284487,2266098.5081555187,2379354.424753398,866.2211790018575,845.0651243308968,891.3864116854236,751260.7469903053,734524.1987841768,770998.0386497603,0.5615675247535317,0.544944123340234,0.5755594120228453,12.837916666666667,12.039161458333334,13.837088541666663,0.0,0.0,0.0,0.0,0.0,0.0,17.9,14.45,21.9,0.0,0.0,0.0,112.4,106.6,118.9,0.85,0.5,1.2,3085.4,2989.8975,3194.3025,18277.55,18051.85,18534.1525,0.0,0.0,0.0,0.0,0.0,0.0,76.92619047619048,76.65238095238095,77.20476190476191,0.024603174603174606,0.024603174603174606,0.024603174603174606,0.08346774193548387,0.08024193548387096,0.08629032258064515,0.0,0.0,0.0,1.0,1.0,1.0,0.0012069350137608125,0.0011720670585054903,0.0012446455868484916,0.0023185947549063694,0.0022476873262348806,0.002401570323650955,0.023993808243423686,0.022630805776648038,0.025440186966190215,2.466999867465347e-05,2.3047509603202344e-05,2.6379991468274965e-05,0.01654487224790499,0.013744293993702732,0.018718951969545726,0.02439310904982266,0.022712777999870006,0.02632315767937833,0.009189340966808636,0.008803809282235913,0.00957968165938433,492.3869140625,488.00349609374996,496.7412109375,170.6475589650043,164.7036147774961,177.0308390144934,0.16880818271595482,542.8654745055378,0.20284310111508466,175.9228051213716
ingolstadt21,lane_closure,ergs_no_hysteresis,20,16.115773762226567,14.801742935909479,17.646283763074056,131.75854166666664,123.78742187499998,140.950296875,6.459977696255488,6.300254893582457,6.599307015752822,312.9543257274034,305.30899642800927,322.37002418228917,99.9,99.75,100.0,100.0,100.0,100.0,111.8875,105.09243749999997,120.44249999999997,133.2,125.1,142.50124999999989,3955.1,3918.35,3979.0,4270.4,4261.35,4277.15,2.4474800620960364,2.3838829131729984,2.520501032133555,2318252.7223284487,2267356.280938921,2379532.1982887983,866.2211790018575,845.2490101046207,891.1435499269834,751260.7469903053,734536.6603866437,771081.9413602558,0.5615675247535317,0.5447482708681117,0.5755027469156644,12.837916666666667,12.025802083333335,13.822718749999998,0.0,0.0,0.0,0.0,0.0,0.0,17.9,14.5,21.95,0.0,0.0,0.0,112.4,106.6,118.8,0.85,0.5,1.2,3085.4,2990.49875,3191.8549999999996,18277.55,18049.05,18541.00625,0.0,0.0,0.0,0.0,0.0,0.0,76.92619047619048,76.65,77.2,0.024603174603174606,0.024603174603174606,0.024603174603174606,0.08346774193548387,0.08024193548387096,0.08629032258064515,0.0,0.0,0.0,1.0,1.0,1.0,0.001212827509152703,0.001173832398126251,0.0012535310647217555,0.0023340044944779887,0.0022409027371759287,0.002459676025144274,0.025438294898834986,0.024009148170379902,0.026766976947216574,2.437999937683344e-05,2.3137509997468443e-05,2.5677500525489448e-05,0.01709452047856756,0.01419213046586809,0.019330727574444585,0.02598400255205342,0.02418750303791166,0.02781485100860298,0.0093225129666583,0.008889342273790842,0.009763161707144214,493.4681640625,489.1630029296875,497.70548339843754,172.28138245998997,166.3994566584908,178.5856020253549,0.16880818271595482,542.8654745055378,0.20284310111508466,175.9228051213716
ingolstadt21,lane_closure,ergs_no_shield,20,16.115773762226567,14.804220449664241,17.627487349681136,131.75854166666664,123.76624479166668,141.20372916666662,6.459977696255488,6.301302734035789,6.5991783871499425,312.9543257274034,305.3258088717426,322.3299921894502,99.9,99.75,100.0,100.0,100.0,100.0,111.8875,105.19499999999998,120.10556249999995,133.2,124.95,142.55,3955.1,3917.84875,3978.85,4270.4,4261.4,4277.1,2.4474800620960364,2.3840081668841364,2.5213631015919082,2318252.7223284487,2266587.676715342,2379407.6279038074,866.2211790018575,845.2345881429619,891.7673046962722,751260.7469903053,734636.4726555023,770969.4064573039,0.5615675247535317,0.5449627027255947,0.5756250879248369,12.837916666666667,12.034369791666668,13.813343750000001,0.0,0.0,0.0,0.0,0.0,0.0,17.9,14.5,22.05,0.0,0.0,0.0,112.4,106.7,119.0,0.85,0.5,1.2,3085.4,2989.24875,3194.05125,18277.55,18052.548749999998,18539.151250000003,0.0,0.0,0.0,0.0,0.0,0.0,76.92619047619048,76.65,77.20238095238095,0.024603174603174606,0.024603174603174606,0.024603174603174606,0.08346774193548387,0.08024193548387096,0.08629032258064515,0.0,0.0,0.0,1.0,1.0,1.0,0.0012249325052835047,0.0011847087545174871,0.0012683412597107233,0.002330154249211771,0.002245644960843491,0.0024356664265287667,0.02384679305099415,0.02230214578369631,0.02541103926131034,2.4257507175207137e-05,2.2922511561773717e-05,2.5685000655357725e-05,0.01671939200139603,0.013890930171510238,0.018942668700758062,0.02419035683944821,0.022387987080587476,0.026000114646900316,0.009219981241848372,0.008810406545930365,0.009623410267848157,493.4369140625,489.1632080078125,497.67307128906253,171.24119954500347,166.1593152971161,176.22693868676055,0.16880818271595482,542.8654745055378,0.20284310111508466,175.9228051213716
ingolstadt21,lane_closure,ergs_no_uncertainty,20,16.115773762226567,14.81148141368785,17.630763611637388,131.75854166666664,123.76142708333333,141.15141145833329,6.459977696255488,6.298973340539729,6.598828938328907,312.9543257274034,305.4822305131828,322.497979747956,99.9,99.75,100.0,100.0,100.0,100.0,111.8875,105.13999999999999,120.64506249999998,133.2,125.15,142.75,3955.1,3918.95,3979.00125,4270.4,4261.25,4277.15,2.4474800620960364,2.383622099315365,2.5228148585013717,2318252.7223284487,2265689.8271160596,2379434.832362028,866.2211790018575,845.1256265698618,891.0213707605832,751260.7469903053,734634.391341964,770957.1280303482,0.5615675247535317,0.5450750201117469,0.5755544380118031,12.837916666666667,12.041036458333334,13.827734374999999,0.0,0.0,0.0,0.0,0.0,0.0,17.9,14.5,22.0,0.0,0.0,0.0,112.4,106.5,118.9,0.85,0.5,1.2,3085.4,2988.8987500000003,3192.5,18277.55,18051.45,18539.85125,0.0,0.0,0.0,0.0,0.0,0.0,76.92619047619048,76.64761904761906,77.20238095238095,0.024603174603174606,0.024603174603174606,0.024603174603174606,0.08346774193548387,0.08024193548387096,0.08629032258064515,0.0,0.0,0.0,1.0,1.0,1.0,0.0012193149974336847,0.0011739797487825853,0.0012686626795039046,0.002445610222930551,0.0023272542640988807,0.0025712869845447104,0.025568991057574725,0.023408948043738175,0.02800981320300921,2.4895000387914477e-05,2.3439938449882905e-05,2.6329996835556812e-05,0.017585543004097405,0.01459726282682095,0.020002052390533195,0.026714508508681307,0.02417519592052267,0.029607449641771373,0.00949775161084997,0.008966869071259782,0.010025483722078204,493.3166015625,488.945439453125,497.51388671875003,173.017077230016,165.84386760740045,180.55064625813915,0.16880818271595482,542.8654745055378,0.20284310111508466,175.9228051213716
ingolstadt21,lane_closure,ergs_v3,20,16.115773762226567,14.787131935330583,17.633725512093513,131.75854166666664,123.81366145833333,141.09947916666664,6.459977696255488,6.302701456448783,6.598743599246281,312.9543257274034,305.3838770029919,322.40159978600093,99.9,99.75,100.0,100.0,100.0,100.0,111.8875,105.2273125,120.31518749999995,133.2,125.05,142.75,3955.1,3917.94875,3978.85,4270.4,4261.3,4277.15,2.4474800620960364,2.3840847358310215,2.521193381695468,2318252.7223284487,2266540.719922798,2378476.2460313346,866.2211790018575,845.2880531347573,891.4777630256989,751260.7469903053,734513.2201064364,770892.3596654728,0.5615675247535317,0.5446781407601493,0.5756017352310868,12.837916666666667,12.027494791666667,13.816697916666664,0.0,0.0,0.0,0.0,0.0,0.0,17.9,14.5,21.95,0.0,0.0,0.0,112.4,106.5,118.8,0.85,0.5,1.2,3085.4,2989.65,3192.6012499999997,18277.55,18052.89625,18537.55375,0.0,0.0,0.0,0.0,0.0,0.0,76.92619047619048,76.65238095238094,77.20000000000002,0.024603174603174606,0.024603174603174606,0.024603174603174606,0.08346774193548387,0.08064516129032258,0.08629032258064515,0.0,0.0,0.0,1.0,1.0,1.0,0.0013398074952419847,0.001255286247615004,0.0014396303649118634,0.002588069998600983,0.002418441419882582,0.0027800308848018127,0.025835337603755736,0.023367536820306834,0.02886362204717004,2.7067496557720005e-05,2.5472507331869565e-05,2.8677494410658254e-05,0.01803826776187633,0.014765436259745903,0.020998139808762046,0.026286351353686753,0.023510782163927792,0.0294815942377565,0.010008903029302017,0.009346078401943184,0.010712856042954523,493.556640625,489.366181640625,497.7080224609375,189.9468578800035,181.20928369139946,199.81054629476125,0.16880818271595482,542.8654745055378,0.20284310111508466,175.9228051213716
ingolstadt21,lane_closure,fixed,20,13.534959826172875,12.797140907100262,14.321721245249268,123.22145833333329,119.9316458333333,126.7829270833333,6.604817653059338,6.526477880885682,6.675099004935306,299.2583612028385,295.8879341763407,303.0482853052388,94.3,93.3,95.5,100.0,100.0,100.0,126.64000000000001,122.2275,131.895,152.65,142.35,164.6,3989.8,3979.6,3998.65,4277.05,4276.1,4277.85,2.45881741322565,2.4283648948935532,2.4920014061744618,2232069.1561859325,2210752.4508536197,2255626.0026872205,837.1967167439761,828.3853358504275,847.0946355249033,723306.0439514504,716348.3927862349,731034.7018582139,0.5609850544620645,0.552627353396574,0.5684972769559633,12.9475,12.35603125,13.602916666666667,0.0,0.0,0.0,0.0,0.0,0.0,12.0,10.05,14.05,0.0,0.0,0.0,117.1,110.7,124.10249999999978,4.85,3.95,5.8,2942.5,2891.6487500000003,2999.1012499999997,17953.75,17850.848749999997,18064.201250000002,0.0,0.0,0.0,0.0,0.0,0.0,173.9523809523809,173.9523809523809,173.9523809523809,0.0,0.0,0.0,0.0,0.0,0.0,0.0,0.0,0.0,0.0,0.0,0.0,4.200249677523971e-05,4.027742732432671e-05,4.368006608274299e-05,6.723124388372525e-05,6.541220431245163e-05,6.916398647445021e-05,8.480559097370126e-05,8.037044348457126e-05,8.979683781071789e-05,0.0,0.0,0.0,0.0,0.0,0.0,0.0,0.0,0.0,0.0001931055195584324,0.0001867847725916363,0.00019949616550446887,485.55625,479.87529296875005,490.876455078125,172.48203695502016,166.7406678107717,177.86438912516167,0.16389333704657802,521.8711860244637,0.1957416248919176,169.11330097881728
ingolstadt21,lane_closure,idqn,20,10.388066488135712,9.600900080214581,11.234298278108323,102.84687500000003,97.98202083333334,108.79982812499999,7.050205789372731,6.915433444884419,7.166906555491084,284.96471412160327,279.5503184845525,291.6659275279163,91.85,90.75,93.25,100.0,100.0,100.0,98.82499999999999,96.2225,101.73249999999999,118.65,114.1,124.05,4002.15,3995.15,4008.3,4277.25,4276.6,4277.9,2.5289854832228396,2.4750245399827504,2.594316869917664,2156787.207837967,2124633.2548964615,2196471.031126754,799.2208336245611,786.2221709148906,815.4035181448387,698920.5799739162,688426.7065896268,712081.6058934585,0.5724710311977208,0.5627053129212838,0.5812163879010178,12.268541666666666,11.838536458333333,12.78397395833333,0.0,0.0,0.0,0.0,0.0,0.0,8.15,6.7,9.65,0.0,0.0,0.0,117.5,111.0,124.5,1.6,1.05,2.15,3021.9,2942.25,3113.6012499999997,17794.8,17621.14875,17999.55375,0.0,0.0,0.0,0.0,0.0,0.0,124.35952380952381,124.2452380952381,124.48095238095236,0.0,0.0,0.0,0.0,0.0,0.0,0.0,0.0,0.0,0.0,0.0,0.0,0.0018681950023164973,0.0018040074994496536,0.0019266555049398447,0.002570441998832393,0.002477788242707902,0.0026691745862044616,0.0028680396492127324,0.002755506218558002,0.00299157101020537,0.0,0.0,0.0,0.0,0.0,0.0,0.0,0.0,0.0,0.008156860562642882,0.007907813259986548,0.00839325406071455,487.719140625,482.66579101562496,492.62091796875,170.99352108000312,165.5821375908701,176.0161733409953,0.1698192730460584,504.246234809274,0.18685389762687735,163.40419193966127
ingolstadt21,lane_closure,illm_style_review,20,16.115773762226567,14.801130625112272,17.610295727671915,131.75854166666664,123.73456250000001,141.25972916666666,6.459977696255488,6.300626175792574,6.598157180619315,312.9543257274034,305.4094271893389,322.42825291090537,99.9,99.75,100.0,100.0,100.0,100.0,111.8875,105.18743749999997,120.20012499999999,133.2,125.15,142.75,3955.1,3918.34875,3979.3,4270.4,4261.2,4277.15,2.4474800620960364,2.3846433579620965,2.5210506020946353,2318252.7223284487,2265774.5379175553,2379771.22430453,866.2211790018575,845.4117043361761,891.26660771072,751260.7469903053,734671.322911238,771288.114289817,0.5615675247535317,0.5445988286980061,0.5754105877859393,12.837916666666667,12.034578125000001,13.81959895833333,0.0,0.0,0.0,0.0,0.0,0.0,17.9,14.5,21.95,0.0,0.0,0.0,112.4,106.6,118.9,0.85,0.5,1.2,3085.4,2987.65,3192.75,18277.55,18049.64875,18536.901250000003,0.0,0.0,0.0,0.0,0.0,0.0,76.92619047619048,76.64761904761905,77.20476190476191,0.024603174603174606,0.024603174603174606,0.024603174603174606,0.0,0.0,0.0,0.0,0.0,0.0,1.0,1.0,1.0,0.00121292500407435,0.001173424511725898,0.0012553151914471527,0.0021004632502445012,0.002027008930694137,0.002192099861757015,0.002444134288758504,0.002352111324193537,0.0025541517351215575,2.32924910960719e-05,2.2132496669655667e-05,2.442749108013231e-05,0.00014829149440629403,0.00014075876385322768,0.00015641654124192426,0.00017809789313469077,0.00016915279716049551,0.00018879176754562645,0.005807702698366483,0.005582783742530308,0.00605010675209774,490.4369140625,486.00523437500004,494.78090332031246,172.02066360499595,166.31117801237502,177.96126357249,0.16880818271595482,542.8654745055378,0.20284310111508466,175.9228051213716
ingolstadt21,lane_closure,lightgpt_direct,20,10.750865707254032,9.828074013502933,11.822229068398238,106.19770833333332,101.67241666666666,111.41941666666665,6.9530456158595815,6.844085402813791,7.051811781025256,287.637122809037,282.8278482794214,293.61237610585334,92.9,91.65,94.4,100.0,100.0,100.0,105.16999999999999,101.535,109.41506249999996,128.8,120.95,138.25,3981.5,3968.4,3992.25,4273.2,4266.54875,4277.35,2.516374228637738,2.47169757807324,2.5680271596286492,2176094.910430015,2144999.0876159496,2211610.711328315,806.4920873273462,794.173419820214,821.0371423071051,705175.0212611302,695102.0958696024,716815.7934972561,0.5526848483196375,0.5402604272294642,0.5633236909801025,12.677499999999998,12.152708333333333,13.294791666666665,0.0,0.0,0.0,0.0,0.0,0.0,9.2,7.05,11.8,0.0,0.0,0.0,97.8,91.0,104.7,1.55,0.9,2.25,3011.9,2942.25,3088.45,17678.75,17526.79625,17854.4075,0.0,0.0,0.0,0.0,0.0,0.0,129.14285714285717,129.14285714285717,129.14285714285717,1.0,1.0,1.0,0.6923214285714285,0.6897817460317459,0.6948613591269841,0.2717757936507937,0.2701388888888888,0.273422619047619,0.5382936507936509,0.5382936507936509,0.5382936507936509,0.003183240015641786,0.003057613456985564,0.003310550689129741,0.004282987249025609,0.004167238702066242,0.004413999206590233,0.004640864047745708,0.00451124973220285,0.004798111752270778,1.0114992619492114e-05,9.62497419095598e-06,1.0579999143374153e-05,1.839051226852462e-05,1.8035765097010885e-05,1.873503179376712e-05,2.38942872965708e-05,2.338550445711006e-05,2.448597596812757e-05,0.014099399711154143,0.013637637712628325,0.014544546254537029,488.30703125,483.64404296875,492.816611328125,170.34735103499844,164.50771137011486,176.22683014362542,0.17036838011737254,509.2424671042814,0.1887325861947361,165.02270459167138
ingolstadt21,lane_closure,llm_no_semantic,20,16.115773762226567,14.813580009645356,17.62939899575338,131.75854166666664,123.7795625,140.96614062499998,6.459977696255488,6.29787604375953,6.59991087923974,312.9543257274034,305.3709049383206,322.43361059902475,99.9,99.75,100.0,100.0,100.0,100.0,111.8875,105.22999999999999,120.35518749999997,133.2,124.95,142.8,3955.1,3918.19875,3979.1,4270.4,4261.2,4277.15,2.4474800620960364,2.3837847577629367,2.5202347661916717,2318252.7223284487,2267143.7247870127,2378414.1611869065,866.2211790018575,844.9598408801579,891.2984157679283,751260.7469903053,734669.1636671905,771036.3122039667,0.5615675247535317,0.5448757619637897,0.5757868425358841,12.837916666666667,12.032276041666668,13.829182291666664,0.0,0.0,0.0,0.0,0.0,0.0,17.9,14.5,21.9,0.0,0.0,0.0,112.4,106.5,119.0,0.85,0.5,1.2,3085.4,2989.55,3193.8512499999997,18277.55,18050.348749999997,18537.60125,0.0,0.0,0.0,0.0,0.0,0.0,76.92619047619048,76.65714285714286,77.20476190476191,0.024603174603174606,0.024603174603174606,0.024603174603174606,0.0,0.0,0.0,0.0,0.0,0.0,1.0,1.0,1.0,0.0012271775107365102,0.0011903750184865203,0.0012668102061434182,0.0021898460059310313,0.0020700537210796024,0.0023300104795198413,0.0025761112470063367,0.002433394342323298,0.002727390642609677,2.1467488841153683e-05,2.0244917468517088e-05,2.2742484070477076e-05,0.00015236725623253732,0.00014380646467907355,0.00016232378801942098,0.000188415691955015,0.00017605120199877997,0.00020475031401147125,0.005945961215006213,0.005706813096169046,0.006206067326943108,488.7353515625,484.19100585937497,493.13009765625003,176.41171515500756,170.44912191900718,182.53445399301197,0.16880818271595482,542.8654745055378,0.20284310111508466,175.9228051213716
ingolstadt21,lane_closure,max_pressure,20,16.92568876792118,15.592089394875911,18.362021088766685,137.4585416666667,130.3928541666667,145.87836979166664,6.300958006543538,6.1540415020433485,6.43101171123712,317.5700730222678,311.482483948897,324.41378269155143,99.85,99.6,100.0,100.0,100.0,100.0,116.17999999999999,113.57000000000001,118.9825,139.5,135.3,143.95,3941.4,3906.59875,3968.65,4271.0,4260.95,4277.35,2.4790635057743384,2.425978903125078,2.5424834599221033,2356629.019948762,2313557.0435309205,2407354.511253375,881.8822643487417,864.3005120585675,902.9588805766259,763699.8867158082,749737.5234368863,780463.2915687275,0.5610717346673629,0.5514893927191159,0.570575984904083,13.936666666666664,13.465208333333333,14.452927083333336,0.0,0.0,0.0,0.0,0.0,0.0,18.45,15.6,21.20124999999989,0.0,0.0,0.0,124.5,116.2,133.7,1.15,0.65,1.7,3148.05,3068.85,3237.35,18481.55,18290.74125,18701.55125,0.0,0.0,0.0,0.0,0.0,0.0,71.1595238095238,70.96190476190478,71.35476190476189,0.0,0.0,0.0,0.0,0.0,0.0,0.0,0.0,0.0,0.0,0.0,0.0,4.7859991900622846e-05,4.654248477891088e-05,4.906249247142113e-05,7.309725828235966e-05,7.115322243771515e-05,7.499751201976323e-05,8.946874993853265e-05,8.644550812459778e-05,9.244767483178287e-05,0.0,0.0,0.0,0.0,0.0,0.0,0.0,0.0,0.0,0.00021789480838277898,0.00021250320217222908,0.00022298247818071105,486.7177734375,481.2675537109375,491.817607421875,169.1803668049979,165.33954212112033,172.65179943310608,0.1703347392399447,551.7745305429085,0.20648144798612544,178.810556477595
ingolstadt21,lane_closure,ppo_ensemble,20,16.115773762226567,14.804342024030143,17.626703219638095,131.75854166666664,123.76079687500001,141.083765625,6.459977696255488,6.301910169259135,6.598961432327663,312.9543257274034,305.38229504879706,322.4440896124213,99.9,99.75,100.0,100.0,100.0,100.0,111.8875,105.17999999999998,120.2900625,133.2,125.15,142.95,3955.1,3918.25,3979.1,4270.4,4261.2,4277.15,2.4474800620960364,2.384167359112564,2.5227126110511735,2318252.7223284487,2266782.7444653437,2379159.7060181415,866.2211790018575,845.3840384321716,891.3393414257253,751260.7469903053,734465.2005847876,771005.3613857502,0.5615675247535317,0.5449504610645844,0.5756292040162663,12.837916666666667,12.031869791666669,13.814583333333335,0.0,0.0,0.0,0.0,0.0,0.0,17.9,14.45,21.85,0.0,0.0,0.0,112.4,106.6,119.0,0.85,0.5,1.2,3085.4,2988.8987500000003,3194.1,18277.55,18051.34625,18537.90375,0.0,0.0,0.0,0.0,0.0,0.0,76.92619047619048,76.64999999999999,77.20476190476191,0.0,0.0,0.0,0.0,0.0,0.0,0.0,0.0,0.0,0.0,0.0,0.0,0.001060355015215464,0.0010352399392286316,0.0010851137673307675,0.0018581925029866394,0.0018105834422531184,0.001916635121895524,0.0020868262982112343,0.002010529634705744,0.0021798393790086255,0.0,0.0,0.0,0.0,0.0,0.0,0.0,0.0,0.0,0.0050795396531450225,0.0049444852495162195,0.005207954519512794,488.184375,483.4548779296875,492.720771484375,174.4034713000001,169.76499148724542,178.7386031268674,0.16880818271595482,542.8654745055378,0.20284310111508466,175.9228051213716
ingolstadt21,lane_closure,ppo_event_rule,20,15.011138463260327,14.150040928239077,15.945033256593364,129.18979166666665,124.79977604166666,133.90688020833335,6.454684234013277,6.366472187023754,6.537379913907156,309.05940276952913,304.89728871536676,313.55741049265316,99.85,99.55,100.0,100.0,100.0,100.0,112.71499999999999,108.87724999999999,117.23499999999997,144.0,134.3,154.8,3933.35,3915.7,3949.55,4267.25,4260.9,4272.8,2.4094760807813023,2.378825862383889,2.443859162497089,2288853.652655919,2259738.2451681974,2320589.5839621266,855.4845647968175,843.7031738694892,868.3982964926203,741731.8203232943,732201.9108493995,752114.015194125,0.5229710502118696,0.513994959423129,0.5316072984619029,12.922083333333333,12.373322916666666,13.521255208333333,0.0,0.0,0.0,0.0,0.0,0.0,11.55,9.55,13.6,0.0,0.0,0.0,104.7,98.2,111.7,1.7,1.1,2.3,3018.9,2977.69875,3059.8,18075.75,17946.098749999997,18210.35,0.0,0.0,0.0,0.0,0.0,0.0,76.18571428571428,75.83333333333334,76.51666666666667,0.0,0.0,0.0,0.7972560975609757,0.7902439024390244,0.8039634146341463,0.02594246031746032,0.025714285714285717,0.026160714285714287,0.0,0.0,0.0,0.0017176574998302384,0.0016214797453721985,0.0018286629272188293,0.002701492246415,0.002547205947135808,0.002870981688021856,0.0030024701064685355,0.0028319651893558328,0.0031976089289368244,0.0,0.0,0.0,0.0,0.0,0.0,0.0,0.0,0.0,0.007770271258123103,0.007365412302125251,0.008204264814148297,488.349609375,483.78466796875,492.8499169921875,174.5557347150112,166.959654747508,182.87981397150725,0.16701381685407243,536.3767420835243,0.20047678593867654,173.81963098559828
ingolstadt21,normal,ergs_no_calibration,20,13.74056502445247,12.096881004812307,15.515953254083975,124.29729166666671,116.23999479166667,133.4150572916666,6.634850433118582,6.464213149286472,6.793662002577494,301.95860681328725,295.3175774740438,308.90780931120787,99.05,98.45,99.6,100.0,100.0,100.0,100.71749999999999,95.15749999999997,107.03256249999998,130.1,121.85,139.55,3962.95,3946.65,3977.55,4273.9,4269.05,4277.35,2.3868439264359544,2.333721617429377,2.445172176908374,2272476.677758397,2219173.8392485124,2329609.956599518,848.513101487034,826.9224584755274,872.4963009628416,736416.3903256437,719161.4996341134,755272.2705722302,0.5137993272177389,0.5014687727777977,0.5259191419378464,13.333541666666667,12.73625,13.969375,0.0,0.0,0.0,0.0,0.0,0.0,6.55,3.55,9.9,0.0,0.0,0.0,107.1,98.6,116.4,1.1,0.6,1.65,2967.6,2895.19875,3047.75,18082.3,17884.15,18284.106249999997,0.0,0.0,0.0,0.0,0.0,0.0,75.59761904761905,75.35476190476192,75.85952380952381,0.02083333333333333,0.02083333333333333,0.02083333333333333,0.0,0.0,0.0,0.0,0.0,0.0,1.0,1.0,1.0,0.0012738424993585795,0.001153310015797615,0.0014197525523195508,0.0021341344917891543,0.0020064129005913857,0.0022800228559353855,0.002493801944481673,0.0023369400769734047,0.002687292328088368,1.8060003640130162e-05,1.66299867851194e-05,1.9580003718147056e-05,0.00014013300999067723,0.00012762199397548101,0.0001549145652970764,0.0001749477917328476,0.0001581976160989142,0.00019314022252801797,0.0059084787843797434,0.0054590158570477386,0.006439369734872444,489.3953125,485.3757275390625,493.3183837890625,177.25984303499573,165.59449027986398,190.9329438773797,0.1641162905161401,531.7103062211089,0.19853368152905634,172.30547984876662
ingolstadt21,normal,ergs_no_hysteresis,20,13.74056502445247,12.114134474743365,15.535550555163969,124.29729166666671,116.05075520833331,133.3074739583333,6.634850433118582,6.464658364891447,6.7927450776838585,301.95860681328725,295.25337959463434,308.8739988165533,99.05,98.45,99.6,100.0,100.0,100.0,100.71749999999999,95.10499999999998,106.8475625,130.1,121.85,139.6,3962.95,3946.5,3977.4,4273.9,4269.1,4277.35,2.3868439264359544,2.33304091948003,2.4444186106763333,2272476.677758397,2220969.9298462775,2330478.256569745,848.513101487034,827.1475124526851,872.3721160277048,736416.3903256437,719434.2089111113,755150.0936681132,0.5137993272177389,0.5015339070514109,0.5259392126127815,13.333541666666667,12.743953125,13.954177083333335,0.0,0.0,0.0,0.0,0.0,0.0,6.55,3.55,9.95,0.0,0.0,0.0,107.1,98.5,116.3,1.1,0.6,1.65,2967.6,2894.34875,3046.50125,18082.3,17886.49875,18286.0,0.0,0.0,0.0,0.0,0.0,0.0,75.59761904761905,75.3547619047619,75.85952380952382,0.02083333333333333,0.02083333333333333,0.02083333333333333,0.0,0.0,0.0,0.0,0.0,0.0,1.0,1.0,1.0,0.0012005225027678535,0.0011609924420918107,0.0012421453747083434,0.0020689597650198266,0.0020332538770817333,0.0021039047205995303,0.002340332250809296,0.0022771177489237736,0.0024114182604025682,1.8049997743219136e-05,1.6855000285431743e-05,1.9215125357732168e-05,0.00013440601993352177,0.00012767769119818696,0.0001412080149166286,0.00016243160585872822,0.00015434478683164338,0.00017059905464411707,0.005742580729493056,0.005555296796021948,0.005927651857876803,491.4078125,487.38798339843754,495.2955322265625,165.356031290011,160.80579612314162,169.85419540812435,0.1641162905161401,531.7103062211089,0.19853368152905634,172.30547984876662
ingolstadt21,normal,ergs_no_shield,20,13.74056502445247,12.139177822871742,15.5302513043037,124.29729166666671,115.98492708333335,133.37438020833332,6.634850433118582,6.4664522691550514,6.789379950399316,301.95860681328725,295.2807349212809,309.048948989801,99.05,98.45,99.6,100.0,100.0,100.0,100.71749999999999,95.13499999999998,106.93249999999996,130.1,121.7,139.6,3962.95,3946.5,3977.65,4273.9,4269.0,4277.35,2.3868439264359544,2.333025859578291,2.445290277694476,2272476.677758397,2220146.109507008,2330791.15880707,848.513101487034,827.0249608249061,872.458160502599,736416.3903256437,719579.2100856169,755258.5585207196,0.5137993272177389,0.501680967310423,0.5257710807717034,13.333541666666667,12.734166666666667,13.96208333333333,0.0,0.0,0.0,0.0,0.0,0.0,6.55,3.6,9.9,0.0,0.0,0.0,107.1,98.5,116.5,1.1,0.6,1.65,2967.6,2895.44875,3046.2,18082.3,17884.85,18284.0,0.0,0.0,0.0,0.0,0.0,0.0,75.59761904761905,75.35952380952381,75.85714285714286,0.02083333333333333,0.02083333333333333,0.02083333333333333,0.0,0.0,0.0,0.0,0.0,0.0,1.0,1.0,1.0,0.0011715924949385226,0.0011348873075621667,0.0012128007388673722,0.0020365035103168333,0.0019860086814733223,0.002089712951077672,0.0023252955508651202,0.0022552599913076843,0.002411025649438668,1.703500747680664e-05,1.5810003969818353e-05,1.8230146961286656e-05,0.0001321819960139692,0.00012472466469625943,0.0001402641506283544,0.00016399401775561264,0.00015433213030337353,0.00017425777037860816,0.005549200494561876,0.005358458291094697,0.0057545199653094535,490.99375,487.2069580078125,494.63614746093754,166.13377112999441,161.06827817511294,171.6045480528679,0.1641162905161401,531.7103062211089,0.19853368152905634,172.30547984876662
ingolstadt21,normal,ergs_no_uncertainty,20,13.74056502445247,12.130944824631477,15.503956052330143,124.29729166666671,116.16528125000002,133.35188541666662,6.634850433118582,6.466040413086185,6.791496991567656,301.95860681328725,295.40225653693193,308.9463581481938,99.05,98.45,99.6,100.0,100.0,100.0,100.71749999999999,95.20749999999998,106.84768749999998,130.1,121.7,139.8,3962.95,3946.7,3977.4,4273.9,4269.1,4277.35,2.3868439264359544,2.333164977976883,2.4449974902299547,2272476.677758397,2219562.0134691843,2331119.4697382203,848.513101487034,826.7137458099483,872.4497657031607,736416.3903256437,719428.661161428,755185.8773035316,0.5137993272177389,0.5016113325633599,0.5260662068761623,13.333541666666667,12.740614583333333,13.966250000000002,0.0,0.0,0.0,0.0,0.0,0.0,6.55,3.55,9.9,0.0,0.0,0.0,107.1,98.5,116.5,1.1,0.6,1.7,2967.6,2894.9,3047.9,18082.3,17885.1,18283.2525,0.0,0.0,0.0,0.0,0.0,0.0,75.59761904761905,75.36190476190475,75.85714285714285,0.02083333333333333,0.02083333333333333,0.02083333333333333,0.0,0.0,0.0,0.0,0.0,0.0,1.0,1.0,1.0,0.0011628725042100996,0.0011296848769416102,0.0011984135639795566,0.0020721569852321406,0.002039597925373527,0.002106685088612721,0.002348975862551014,0.002293550744508683,0.0024036684687176583,1.754999393597245e-05,1.649500904022716e-05,1.8574996065581218e-05,0.0001301819924265146,0.0001232668013253715,0.00013709604335599573,0.00016488479916006315,0.00015322537531610572,0.00017791861895821037,0.005584691577516626,0.0054099383364100495,0.005770263842194051,490.1857421875,486.4833935546875,493.8808740234375,165.7484973899962,159.2996803841177,172.59321359237669,0.1641162905161401,531.7103062211089,0.19853368152905634,172.30547984876662
ingolstadt21,normal,ergs_v3,20,13.74056502445247,12.119909480634767,15.529406410994957,124.29729166666671,116.01370833333334,133.45185416666664,6.634850433118582,6.465110317659787,6.7929381620342335,301.95860681328725,295.29515604603483,309.04901303256366,99.05,98.45,99.6,100.0,100.0,100.0,100.71749999999999,95.1324375,106.88756249999997,130.1,121.65,139.6,3962.95,3946.75,3977.7,4273.9,4269.1,4277.35,2.3868439264359544,2.3337896998802785,2.4461265338555935,2272476.677758397,2219674.646127768,2329931.1884678314,848.513101487034,826.7057018026533,872.6486840305001,736416.3903256437,719307.1300643262,755380.0176531975,0.5137993272177389,0.5014670708171814,0.5259271136693532,13.333541666666667,12.739161458333333,13.96125520833333,0.0,0.0,0.0,0.0,0.0,0.0,6.55,3.6,9.95,0.0,0.0,0.0,107.1,98.5,116.3,1.1,0.6,1.65,2967.6,2895.99875,3047.30125,18082.3,17886.598749999997,18281.951250000002,0.0,0.0,0.0,0.0,0.0,0.0,75.59761904761905,75.3547619047619,75.86190476190475,0.02083333333333333,0.02083333333333333,0.02083333333333333,0.0,0.0,0.0,0.0,0.0,0.0,1.0,1.0,1.0,0.0012432150047970935,0.0012052506348118185,0.0012822201183007565,0.002126353995117824,0.0020705525578159716,0.0021891526866966156,0.0024662858035881053,0.0023719166768059944,0.0025744932534827944,1.877499744296074e-05,1.7725012585287915e-05,1.9815011328319087e-05,0.0001376779924612492,0.00012966189879807646,0.0001457511445623822,0.00016839659423567344,0.00015770006334059865,0.0001791276901552918,0.00590734687960422,0.005710078723310289,0.00611036737685774,491.498828125,487.4952294921875,495.3793017578125,186.88441937499448,181.68898388261746,191.93467961923903,0.1641162905161401,531.7103062211089,0.19853368152905634,172.30547984876662
ingolstadt21,normal,fixed,20,10.177737085174442,9.604873600682904,10.927075330777246,113.46312499999999,110.66583333333335,116.91210416666668,6.840711942205044,6.764044547544873,6.902339106200399,288.9578333746704,285.77060633190393,292.8481100155389,92.6925,92.0675,93.61749999999999,100.0,100.0,100.0,115.45249999999999,113.09999999999998,118.75249999999998,139.05,134.25,145.8,4001.7,3990.8,4009.0,4275.95,4272.9,4277.8,2.416662378587398,2.392336750435717,2.446331127758953,2174074.376875711,2155969.771726794,2196269.208476731,814.2095735248847,806.6338957444183,823.3612859492151,704501.237485109,698574.8050826886,711724.5433713408,0.5886192333303307,0.5811793827048887,0.5952683376756198,12.436458333333334,12.046036458333333,12.875416666666666,0.0,0.0,0.0,0.0,0.0,0.0,1.45,0.4,2.9,0.0,0.0,0.0,111.7,104.0,119.5,6.1,4.9,7.3,2837.15,2800.15,2879.05,17699.8,17616.19875,17788.05,0.0,0.0,0.0,0.0,0.0,0.0,173.9523809523809,173.9523809523809,173.9523809523809,0.0,0.0,0.0,0.0,0.0,0.0,0.0,0.0,0.0,0.0,0.0,0.0,3.961248730774969e-05,3.7764973167213616e-05,4.179749237664509e-05,6.590724602574481e-05,6.323042794974753e-05,6.927807197644139e-05,8.743441128171972e-05,8.242250953626343e-05,9.29327306366757e-05,0.0,0.0,0.0,0.0,0.0,0.0,0.0,0.0,0.0,0.0001854552015558713,0.0001779286457967828,0.00019464705731277515,483.8953125,478.61892089843747,488.8908837890625,164.7333373949863,158.31977639348727,173.0204346197187,0.16029277166973638,508.4424225904679,0.19041606509077158,164.75899799696185
ingolstadt21,normal,idqn,20,7.365009425679976,6.9469706568638925,7.848630783086862,92.7875,89.94997395833335,95.84204687499998,7.322516606909817,7.244977379974424,7.39919731846754,273.7991342475947,270.66478379165704,277.2506097720951,90.0675,89.335,90.88499999999999,99.8,99.4,100.0,91.93749999999999,89.03249999999998,96.05499999999998,112.45,106.35,121.55,4013.0,4009.3987500000003,4016.55,4277.3,4276.65,4277.9,2.4738980482705575,2.4388563440310045,2.5107560342943733,2093050.8770232599,2075058.9680708987,2112890.026379638,774.2850897913606,766.8708041966012,782.5440118643772,678258.302897159,672387.7798377306,684644.472370147,0.5589851769709194,0.5486140954584898,0.5686782800713852,12.113541666666666,11.751447916666667,12.503130208333332,0.0,0.0,0.0,0.0,0.0,0.0,1.1,0.4,1.95,0.0,0.0,0.0,113.8,106.4,121.5,1.65,0.95,2.35,2875.6,2834.4,2921.1012499999997,17513.4,17427.3,17612.7,0.0,0.0,0.0,0.0,0.0,0.0,124.50952380952383,124.38809523809523,124.61904761904762,0.0,0.0,0.0,0.0,0.0,0.0,0.0,0.0,0.0,0.0,0.0,0.0,0.001740419992711395,0.0016914246088708751,0.0017922736253967741,0.0024374050114420237,0.0023885507727536607,0.002484505681226437,0.0027303468017489643,0.0026734412267192956,0.0027850541357183818,0.0,0.0,0.0,0.0,0.0,0.0,0.0,0.0,0.0,0.007708491186575785,0.007524956868557639,0.007892852498501171,486.0767578125,481.4853125,490.4182373046875,162.95013277999823,158.38516649961514,167.53254325337022,0.16419427409869014,489.3392740802048,0.18102192733531916,158.57159958318542
ingolstadt21,normal,illm_style_review,20,13.74056502445247,12.13296720861138,15.498391450612734,124.29729166666671,116.02011458333332,133.48880208333333,6.634850433118582,6.466413076818524,6.791430863203201,301.95860681328725,295.4700901742781,309.06945567374294,99.05,98.45,99.6,100.0,100.0,100.0,100.71749999999999,95.09493749999999,106.88506249999996,130.1,121.7,139.6,3962.95,3946.5,3977.6,4273.9,4269.05,4277.35,2.3868439264359544,2.3324727258857467,2.4453647549007056,2272476.677758397,2220146.3366673826,2331144.8607689785,848.513101487034,826.7581139323443,872.0628613776025,736416.3903256437,719446.3503581611,754947.0150966044,0.5137993272177389,0.5016064754316251,0.526019625609692,13.333541666666667,12.742911458333333,13.967942708333329,0.0,0.0,0.0,0.0,0.0,0.0,6.55,3.55,9.85,0.0,0.0,0.0,107.1,98.5,116.5,1.1,0.6,1.65,2967.6,2895.35,3046.3025,18082.3,17884.54625,18284.75,0.0,0.0,0.0,0.0,0.0,0.0,75.59761904761905,75.36190476190475,75.85476190476192,0.02083333333333333,0.02083333333333333,0.02083333333333333,0.0,0.0,0.0,0.0,0.0,0.0,1.0,1.0,1.0,0.0012441699975170196,0.0011512744863284752,0.0013609830018685893,0.0021295715041924263,0.002030974287292338,0.002246411994477967,0.002436416601762175,0.0023310423696078935,0.0025627242696267772,1.8415000522509217e-05,1.7174985114252195e-05,1.965999268577434e-05,0.00014045900898054242,0.00012993182279751636,0.0001528311385482084,0.0001724380005616694,0.00015991231355583287,0.00018666533890645943,0.005800217581757654,0.005446807356885983,0.006233034208498792,488.81328125,484.522216796875,493.033642578125,169.6763492650003,161.20173447137162,181.54668386799196,0.1641162905161401,531.7103062211089,0.19853368152905634,172.30547984876662
ingolstadt21,normal,lightgpt_direct,20,8.265645612916789,7.75196802895781,8.820419620172995,97.31083333333333,94.47040104166665,100.44153125000001,7.175614703259083,7.100000137747088,7.24606675153348,278.3215921466568,275.17660115132094,281.7366962952462,91.5,90.45,92.75,100.0,100.0,100.0,96.28749999999998,93.785,99.49999999999997,123.65,118.55,129.9,3994.55,3989.6,3999.55,4273.4,4270.6,4276.05,2.4529193960298703,2.4240227658749447,2.4854507774478005,2119966.2436572458,2099078.477274534,2142852.251219003,783.6343194637673,775.2879628650649,793.0448335261049,686981.0044446216,680187.671880523,694363.921836409,0.5399567732780184,0.5311878981588781,0.5480085602052526,12.45125,11.999994791666667,12.95270833333333,0.0,0.0,0.0,0.0,0.0,0.0,1.95,1.05,2.95,0.0,0.0,0.0,100.5,94.7,106.5,1.45,1.0,1.95,2892.75,2851.09875,2935.1,17372.0,17272.64625,17471.25,0.0,0.0,0.0,0.0,0.0,0.0,129.14285714285717,129.14285714285717,129.14285714285717,1.0,1.0,1.0,0.7039682539682539,0.701875,0.7058928571428572,0.2770436507936508,0.2758333333333333,0.2782142857142857,0.5382936507936509,0.5382936507936509,0.5382936507936509,0.0029486825020285322,0.0028502795774693365,0.0030507280446181537,0.004132148985518143,0.004015752442508527,0.004280512516772432,0.004546260758652351,0.004402004356155521,0.004727168460548272,6.9249887019395825e-06,6.629974814131856e-06,7.224996807053685e-06,1.3295235112309456e-05,1.3115477217070294e-05,1.348498714651214e-05,1.850074989488346e-05,1.8096232441894204e-05,1.8962727645703107e-05,0.013269921529936257,0.012917882721317156,0.013638725724437084,488.2091796875,483.6806591796875,492.51448242187496,162.06533162502456,157.35626877114788,166.74323325092217,0.16651795993552843,496.084205470409,0.18337490510220603,160.757477522493
ingolstadt21,normal,llm_no_semantic,20,13.74056502445247,12.146349869524952,15.513551491016637,124.29729166666671,116.08305208333333,133.27379166666663,6.634850433118582,6.464060474287888,6.791410761374828,301.95860681328725,295.39828643358004,309.14569416955055,99.05,98.5,99.55,100.0,100.0,100.0,100.71749999999999,95.05743749999998,106.93499999999997,130.1,121.75,139.7,3962.95,3946.45,3977.45,4273.9,4269.1,4277.35,2.3868439264359544,2.332231646108146,2.4458825576716934,2272476.677758397,2219832.1504069134,2330688.460371013,848.513101487034,826.844264708847,872.8350347789192,736416.3903256437,719409.5927248959,755075.0334068903,0.5137993272177389,0.5014768378736506,0.5260333624461131,13.333541666666667,12.73978125,13.961458333333331,0.0,0.0,0.0,0.0,0.0,0.0,6.55,3.6,9.85,0.0,0.0,0.0,107.1,98.6,116.2,1.1,0.6,1.65,2967.6,2895.6974999999998,3046.3512499999997,18082.3,17885.94875,18280.60125,0.0,0.0,0.0,0.0,0.0,0.0,75.59761904761905,75.35476190476192,75.8595238095238,0.02083333333333333,0.02083333333333333,0.02083333333333333,0.0,0.0,0.0,0.0,0.0,0.0,1.0,1.0,1.0,0.0011603649967582897,0.0011307345577370143,0.001192262560580275,0.0020585917474818414,0.0020143416386927127,0.002103552048924029,0.0024195348955108774,0.002339872825890778,0.002510840617750361,1.714500831440091e-05,1.5820015541976317e-05,1.8420000706100837e-05,0.00013040100107900796,0.00012244693073444068,0.00013829498918494212,0.0001555026054847985,0.00014452710761106568,0.00016623480800772076,0.005554322221529825,0.005392732981899017,0.005726252943400445,488.421484375,483.8491064453125,492.7795458984375,165.80202652497684,160.74899704809474,170.8108795961205,0.1641162905161401,531.7103062211089,0.19853368152905634,172.30547984876662
ingolstadt21,normal,max_pressure,20,11.950931311273607,11.111714619783038,12.803888861944037,119.55395833333333,114.288296875,125.01979166666665,6.665560404476783,6.549366909764309,6.778083969420683,301.23225248971664,295.622399329762,307.0843575907655,98.67999999999999,97.96999999999998,99.35,100.0,100.0,100.0,102.35999999999997,98.70249999999999,107.10499999999998,130.25,122.7,140.05,3976.1,3965.2,3985.7,4277.3,4276.65,4277.95,2.4088503054823227,2.3670156213780866,2.4544869568746766,2254809.071240119,2219256.5099696633,2291287.8377884934,840.6740184820443,826.3195655628089,855.4804365807512,730693.0399810256,719218.5090616579,742703.4113001787,0.5496353513986565,0.5394580598502214,0.5599245571951891,13.899166666666664,13.405208333333338,14.416255208333332,0.0,0.0,0.0,0.0,0.0,0.0,3.2,1.65,4.9,0.0,0.0,0.0,132.5,125.4,139.7,1.0,0.7,1.3,3006.35,2928.15,3091.0024999999996,18285.45,18126.745,18456.255,0.0,0.0,0.0,0.0,0.0,0.0,70.85238095238095,70.63571428571429,71.08809523809524,0.0,0.0,0.0,0.0,0.0,0.0,0.0,0.0,0.0,0.0,0.0,0.0,4.9129998660646376e-05,4.5642441109521313e-05,5.319256022630725e-05,7.749949698336421e-05,7.306448664894562e-05,8.27188136972836e-05,9.605025831842786e-05,8.983609904680626e-05,0.00010307428986270668,0.0,0.0,0.0,0.0,0.0,0.0,0.0,0.0,0.0,0.00022671612184139018,0.0002129869874703824,0.00024286004869564855,484.6494140625,479.69662109375,489.3587353515625,173.56294422000647,162.7691991748786,185.9113957421262,0.1644121418942383,527.1571017324292,0.19654315069834807,170.8304397589661
ingolstadt21,normal,ppo_ensemble,20,13.74056502445247,12.128397137498988,15.532647298988149,124.29729166666671,116.05557291666668,133.20792187499995,6.634850433118582,6.467434527235514,6.793026263024528,301.95860681328725,295.37762038562136,309.0704442700493,99.05,98.45,99.6,100.0,100.0,100.0,100.71749999999999,95.06499999999997,106.93512499999996,130.1,121.65,139.7,3962.95,3946.55,3977.4,4273.9,4269.1,4277.35,2.3868439264359544,2.332488293647554,2.4469445370523193,2272476.677758397,2220136.070988575,2329076.8509400487,848.513101487034,826.9407609695199,872.5745194812101,736416.3903256437,719551.3472513508,755322.3375852734,0.5137993272177389,0.5016525430378962,0.5258729840716923,13.333541666666667,12.738953125,13.976249999999999,0.0,0.0,0.0,0.0,0.0,0.0,6.55,3.6,10.0,0.0,0.0,0.0,107.1,98.6,116.4,1.1,0.6,1.65,2967.6,2895.1487500000003,3045.90125,18082.3,17884.35,18279.9525,0.0,0.0,0.0,0.0,0.0,0.0,75.59761904761905,75.35714285714286,75.85714285714286,0.0,0.0,0.0,0.0,0.0,0.0,0.0,0.0,0.0,0.0,0.0,0.0,0.001023115002317354,0.000994074755217298,0.0010538000627275323,0.0017429720109794287,0.0016981421694727034,0.0017845675289136125,0.0019636832658434275,0.0019240397306624795,0.002006659559003309,0.0,0.0,0.0,0.0,0.0,0.0,0.0,0.0,0.0,0.004820445681988429,0.004662284308989103,0.004985770191537692,487.5841796875,483.087060546875,491.7367578125,166.9542503950128,162.56827543026375,171.50563701650722,0.1641162905161401,531.7103062211089,0.19853368152905634,172.30547984876662
ingolstadt21,normal,ppo_event_rule,20,13.74056502445247,12.112081024490346,15.51787929941277,124.29729166666671,116.04371354166668,133.47887499999993,6.634850433118582,6.468008875494272,6.791299586888119,301.95860681328725,295.2525712606634,309.01369176095375,99.05,98.45,99.6,100.0,100.0,100.0,100.71749999999999,95.10737499999998,106.88499999999996,130.1,121.7,139.65,3962.95,3946.7,3977.45,4273.9,4269.2,4277.35,2.3868439264359544,2.333163549409829,2.4464685775733175,2272476.677758397,2219631.1032189587,2330688.449279376,848.513101487034,826.6245813169096,872.230151504447,736416.3903256437,719145.6803684682,755091.5398651324,0.5137993272177389,0.5015456880021764,0.5259619726777315,13.333541666666667,12.737078125,13.964166666666666,0.0,0.0,0.0,0.0,0.0,0.0,6.55,3.6,9.95,0.0,0.0,0.0,107.1,98.5,116.4,1.1,0.6,1.65,2967.6,2894.34875,3047.7024999999994,18082.3,17888.5975,18286.2025,0.0,0.0,0.0,0.0,0.0,0.0,75.59761904761905,75.3547619047619,75.8547619047619,0.0,0.0,0.0,0.0,0.0,0.0,0.0,0.0,0.0,0.0,0.0,0.0,0.0018046125129330902,0.0016296722641709494,0.0020148012003483014,0.002718278000538703,0.0025196260361699386,0.0029446118410342012,0.0030411703457357353,0.0028377717072828085,0.003280334316090738,0.0,0.0,0.0,0.0,0.0,0.0,0.0,0.0,0.0,0.008044991138489825,0.007366173643879949,0.008824817458525407,488.362890625,483.7970458984375,492.72564453125,182.4171097399958,169.3769495071225,197.00650342262395,0.1641162905161401,531.7103062211089,0.19853368152905634,172.30547984876662
ingolstadt21,packet_loss,ergs_no_calibration,20,13.623896958874056,12.265717320434794,15.129416545274017,127.30229166666666,120.06956770833334,135.39335416666665,6.565349556853866,6.425707972259169,6.693733497957603,308.04644886933085,300.6585220116211,317.10269414628937,99.3,98.75,99.75,100.0,100.0,100.0,107.46749999999997,100.98749999999997,114.205,137.65,127.15,148.8,3967.7,3946.0,3986.95,4274.2,4269.4,4277.25,2.428203517594699,2.3759664568806707,2.4873975793553122,2298382.9828446573,2249781.606446057,2354783.0613889247,857.9878220291417,839.0281800354217,880.2406924468686,744814.7355665447,729311.9760480074,763024.6955534202,0.535863715020244,0.5172954852358493,0.553482449366594,13.543333333333333,12.756244791666667,14.501885416666667,0.0,0.0,0.0,0.0,0.0,0.0,6.75,3.65,10.6,0.0,0.0,0.0,114.7,109.7,119.7,1.3,0.85,1.8,3041.1,2953.4975,3138.05125,18319.65,18096.89875,18577.20625,0.0,0.0,0.0,0.0,0.0,0.0,74.41666666666666,74.04761904761907,74.8047619047619,0.07499999999999998,0.07499999999999998,0.07499999999999998,0.0,0.0,0.0,0.0,0.0,0.0,1.0,1.0,1.0,0.0012612375023309142,0.0011696628729987424,0.0013680404237675246,0.0023684514939668585,0.00223333471843216,0.002525118776909948,0.00310703841137001,0.002886115404256268,0.0033441923857011687,2.0112478523515165e-05,1.877242626505904e-05,2.1484977551153858e-05,0.00014424399822019035,0.0001357154402357991,0.00015337229917349756,0.00017723406036384415,0.0001669713899696945,0.00018795735718158546,0.006062641633745645,0.005711462316693238,0.006465186864306816,498.23828125,491.6040966796875,504.57973144531246,173.61701561998342,165.21845313809652,182.70004537210494,0.16600207973405606,537.7340748782597,0.20073647045742868,174.25827887477064
ingolstadt21,packet_loss,ergs_no_hysteresis,20,13.623896958874056,12.23788555230027,15.151692174329325,127.30229166666666,120.244578125,135.62515624999992,6.565349556853866,6.424563092769198,6.6926793345766225,308.04644886933085,300.55466945458863,317.127246047991,99.3,98.75,99.75,100.0,100.0,100.0,107.46749999999997,100.99231249999998,114.18262499999996,137.65,127.15,149.0,3967.7,3946.0,3986.65,4274.2,4269.4,4277.25,2.428203517594699,2.3767352611832715,2.488285718205156,2298382.9828446573,2249548.8611438232,2354303.330052914,857.9878220291417,838.8214417014055,880.2643101968229,744814.7355665447,729310.5755121021,762934.968696066,0.535863715020244,0.5172387272864192,0.5536486824432864,13.543333333333333,12.748536458333335,14.498552083333333,0.0,0.0,0.0,0.0,0.0,0.0,6.75,3.7,10.6,0.0,0.0,0.0,114.7,109.8,119.6,1.3,0.85,1.75,3041.1,2954.85,3139.55,18319.65,18097.048749999998,18579.9025,0.0,0.0,0.0,0.0,0.0,0.0,74.41666666666666,74.04761904761907,74.80476190476193,0.07499999999999998,0.07499999999999998,0.07499999999999998,0.0,0.0,0.0,0.0,0.0,0.0,1.0,1.0,1.0,0.0011985750024905428,0.001160692442790605,0.0012374725642439444,0.0022921494883485134,0.002217384844836487,0.0023731874050790793,0.002940881198330315,0.0027757716722931927,0.00310962186068791,1.9192491890862584e-05,1.789748188457452e-05,2.0374998057377522e-05,0.00013431923347525298,0.00012845368608395798,0.00014022454404039305,0.00016863953118445365,0.00016184249003708842,0.000175330082185974,0.0059449331297299875,0.005727546989245334,0.006164497272588455,499.6583984375,493.3689404296875,505.852763671875,169.02271040499326,164.25551587162556,173.99162057211637,0.16600207973405606,537.7340748782597,0.20073647045742868,174.25827887477064
ingolstadt21,packet_loss,ergs_no_shield,20,13.623896958874056,12.270907788667266,15.126559350628481,127.30229166666666,120.08536979166665,135.45252604166666,6.565349556853866,6.424754005274257,6.69645777064963,308.04644886933085,300.6562285898628,317.0463585195859,99.3,98.75,99.75,100.0,100.0,100.0,107.46749999999997,101.04481249999996,114.25256249999998,137.65,127.4,148.85,3967.7,3946.3,3987.15,4274.2,4269.45,4277.25,2.428203517594699,2.3764787906186093,2.487971372396295,2298382.9828446573,2250197.235259194,2355043.4861309505,857.9878220291417,839.0465642503091,880.4434024845389,744814.7355665447,729143.8690740203,762920.6364880025,0.535863715020244,0.5173746529955007,0.5538899992342847,13.543333333333333,12.757078125000001,14.489380208333332,0.0,0.0,0.0,0.0,0.0,0.0,6.75,3.7,10.55,0.0,0.0,0.0,114.7,109.7,119.6,1.3,0.85,1.75,3041.1,2954.25,3137.25125,18319.65,18096.995,18579.20375,0.0,0.0,0.0,0.0,0.0,0.0,74.41666666666666,74.05,74.79529761904762,0.07499999999999998,0.07499999999999998,0.07499999999999998,0.0,0.0,0.0,0.0,0.0,0.0,1.0,1.0,1.0,0.00118970999319572,0.0011541221179504645,0.0012290559957909863,0.0022659639891935506,0.0022016848366765763,0.0023411873679506233,0.0029765844445209925,0.002810916409037597,0.0031601102871107248,1.954748877324164e-05,1.8380000037723222e-05,2.0632476662285626e-05,0.00013623999635456124,0.00013127216247085013,0.00014164327235630483,0.00016646830626996243,0.00016060273016482832,0.00017262312323873639,0.005844722905878573,0.005659301334180782,0.006038696930273241,498.8595703125,492.454580078125,505.1830126953125,167.5535481649975,163.17464037661412,172.37322703098863,0.16600207973405606,537.7340748782597,0.20073647045742868,174.25827887477064
ingolstadt21,packet_loss,ergs_no_uncertainty,20,13.623896958874056,12.270543853772926,15.15958284148945,127.30229166666666,120.14958333333334,135.64167187499996,6.565349556853866,6.422843448505722,6.690337453429118,308.04644886933085,300.66754771599165,317.07878735217474,99.3,98.75,99.75,100.0,100.0,100.0,107.46749999999997,101.06249999999997,114.25499999999997,137.65,127.25,148.7,3967.7,3945.84875,3987.0,4274.2,4269.35,4277.25,2.428203517594699,2.3769365450344586,2.4882258658172947,2298382.9828446573,2250181.0795995765,2353983.195290038,857.9878220291417,839.0031058139724,880.0493929932277,744814.7355665447,729330.4134962383,763097.3866499404,0.535863715020244,0.5170983604679107,0.5540650236281923,13.543333333333333,12.749369791666668,14.487307291666665,0.0,0.0,0.0,0.0,0.0,0.0,6.75,3.7,10.551249999999891,0.0,0.0,0.0,114.7,109.6,119.7,1.3,0.85,1.8,3041.1,2954.49875,3137.6012499999997,18319.65,18098.348749999997,18575.2025,0.0,0.0,0.0,0.0,0.0,0.0,74.41666666666666,74.0547619047619,74.80952380952381,0.07499999999999998,0.07499999999999998,0.07499999999999998,0.0,0.0,0.0,0.0,0.0,0.0,1.0,1.0,1.0,0.0011928774911211804,0.0011528198155428982,0.0012376187410700367,0.002265636503871064,0.0022018076125314106,0.0023453343587316335,0.0028792105544707723,0.002720214300877704,0.003053540478990178,1.9847505609504878e-05,1.9022510896320456e-05,2.0667511926149018e-05,0.0001395752539974637,0.00013527722689468647,0.00014391705908929,0.00017444560659350838,0.0001702615545713344,0.00018015870930685208,0.005862046123276944,0.005647093045997382,0.00609362694628746,498.4482421875,491.8403759765625,504.89298828125004,169.67295995500172,164.5950562818769,175.21579924473772,0.16600207973405606,537.7340748782597,0.20073647045742868,174.25827887477064
ingolstadt21,packet_loss,ergs_v3,20,13.623896958874056,12.253566615990037,15.146514213081979,127.30229166666666,120.15488541666667,135.6428333333333,6.565349556853866,6.4241089101138344,6.69288067437422,308.04644886933085,300.720360996501,317.1282631846841,99.3,98.75,99.75,100.0,100.0,100.0,107.46749999999997,100.96743749999997,114.10499999999999,137.65,127.1,148.8,3967.7,3945.7,3987.0,4274.2,4269.4,4277.25,2.428203517594699,2.3762434335442135,2.4884024098450643,2298382.9828446573,2250027.6152798287,2354024.5847260808,857.9878220291417,838.7635357847838,880.6175800605935,744814.7355665447,729302.1955111044,762918.2586030305,0.535863715020244,0.5171604692438685,0.5538500565910163,13.543333333333333,12.75125,14.48395833333333,0.0,0.0,0.0,0.0,0.0,0.0,6.75,3.7,10.65,0.0,0.0,0.0,114.7,109.7,119.7,1.3,0.85,1.75,3041.1,2953.34875,3137.15375,18319.65,18102.29625,18577.8,0.0,0.0,0.0,0.0,0.0,0.0,74.41666666666666,74.05238095238094,74.79523809523809,0.07499999999999998,0.07499999999999998,0.07499999999999998,0.0,0.0,0.0,0.0,0.0,0.0,1.0,1.0,1.0,0.0013211625075200573,0.0012303653809067328,0.0014340464457200139,0.0024701149959582827,0.002314329792956414,0.0026517556371327363,0.003282572297379372,0.003035878671910903,0.0035625212403290764,2.0500010577961802e-05,1.9182512041879817e-05,2.1827506134286524e-05,0.00014987974864197893,0.00014068223964568458,0.0001602457677145139,0.00019237779179820809,0.00017795044431259167,0.0002084680419487997,0.0064236410705214245,0.006051764552359196,0.0068682791124800935,500.841015625,494.5795361328125,507.27533203125,195.07481148000224,186.32368795948526,204.47199174725145,0.16600207973405606,537.7340748782597,0.20073647045742868,174.25827887477064
ingolstadt21,packet_loss,fixed,20,10.177737085174442,9.601055885944733,10.92255345343485,113.46312499999999,110.694234375,116.97168229166667,6.840711942205044,6.76550015699495,6.902503288377541,288.9578333746704,285.83349863503855,292.8800991636381,92.6925,92.0675,93.6425,100.0,100.0,100.0,115.45249999999999,113.05743749999998,118.79756249999998,139.05,134.2,145.95,4001.7,3990.75,4009.0,4275.95,4272.9,4277.8,2.416662378587398,2.3925239588267457,2.446089460306087,2174074.376875711,2155977.898865742,2196240.0178620424,814.2095735248847,806.7415544182736,823.5286836691427,704501.237485109,698619.6707138185,711703.8112638652,0.5886192333303307,0.5812585730757778,0.5952570507481598,12.436458333333334,12.044375000000002,12.880015624999999,0.0,0.0,0.0,0.0,0.0,0.0,1.45,0.4,2.85,0.0,0.0,0.0,111.7,103.8,119.5,6.1,4.95,7.3,2837.15,2800.65,2878.3512499999997,17699.8,17617.4,17788.45,0.0,0.0,0.0,0.0,0.0,0.0,173.9523809523809,173.9523809523809,173.9523809523809,0.0,0.0,0.0,0.0,0.0,0.0,0.0,0.0,0.0,0.0,0.0,0.0,3.844500752165913e-05,3.711750025104266e-05,3.983000642620027e-05,6.540626956848426e-05,6.322999574331332e-05,6.790030728734562e-05,8.350405306555322e-05,7.949155662354302e-05,8.737781825475383e-05,0.0,0.0,0.0,0.0,0.0,0.0,0.0,0.0,0.0,0.00018001660148406196,0.00017477115885432997,0.00018557753300653228,490.1623046875,482.8448779296875,497.3430712890625,162.12239768999862,157.69019166962696,167.19977786623465,0.16029277166973638,508.4424225904679,0.19041606509077158,164.75899799696185
ingolstadt21,packet_loss,idqn,20,9.117689191179439,8.256738668054075,10.110819815838154,105.02791666666667,100.21456249999999,110.87188541666667,7.0061006599028754,6.875665400480511,7.1201135371643955,286.13632465361,281.4439877999144,291.64058022989667,93.17999999999999,91.58,94.96,100.0,100.0,100.0,98.35999999999999,93.91237499999998,103.73512499999995,122.05,114.05,131.25,3981.7,3962.7,3997.5,4274.95,4270.0,4277.8,2.5447486630035567,2.4978790959893464,2.60030090644934,2168755.8679356775,2136107.8020297554,2207671.898647625,805.084418724467,791.9295737945961,820.8491921930374,702796.5517158282,692384.970151969,715450.9793871974,0.5550060427746848,0.5410944070875849,0.5671458666248022,12.853125,12.301447916666666,13.512708333333332,0.0,0.0,0.0,0.0,0.0,0.0,2.6,1.15,4.35,0.0,0.0,0.0,114.6,108.1,120.9,1.9,1.3,2.5,3045.55,2971.25,3127.95,17892.95,17737.35,18077.7,0.0,0.0,0.0,0.0,0.0,0.0,119.74047619047619,119.56428571428572,119.91666666666667,0.0,0.0,0.0,0.0,0.0,0.0,0.0,0.0,0.0,0.0,0.0,0.0,0.0017538250074721872,0.0016979966918734136,0.0018159675860079006,0.0024756452578003512,0.0023951621076703307,0.0025802542142773738,0.002793981149850878,0.002706519239988119,0.0029076786067249475,0.0,0.0,0.0,0.0,0.0,0.0,0.0,0.0,0.0,0.007776377013530388,0.007540581229289778,0.008041480830987994,492.80859375,485.914931640625,499.57170410156255,163.6259989200218,157.73654431291143,170.10795370714362,0.17020949591878365,507.3172476720611,0.1883260432810833,164.3987769952463
ingolstadt21,packet_loss,illm_style_review,20,13.623896958874056,12.24719713892462,15.106348491039117,127.30229166666666,120.116203125,135.41361458333333,6.565349556853866,6.423723406862386,6.694082238739321,308.04644886933085,300.52484010088585,317.0615151868798,99.3,98.75,99.75,100.0,100.0,100.0,107.46749999999997,101.06999999999996,114.28274999999998,137.65,127.25,148.95,3967.7,3945.8,3986.75,4274.2,4269.45,4277.25,2.428203517594699,2.375844048214528,2.488841559526246,2298382.9828446573,2249766.5784770623,2354010.711704861,857.9878220291417,838.8127936790988,880.0766061532506,744814.7355665447,729351.7230372924,762969.2655771977,0.535863715020244,0.5174867862301132,0.5538423966998157,13.543333333333333,12.756864583333334,14.515218750000003,0.0,0.0,0.0,0.0,0.0,0.0,6.75,3.7,10.65,0.0,0.0,0.0,114.7,109.6,119.6,1.3,0.85,1.75,3041.1,2953.3975,3138.1012499999997,18319.65,18096.6,18581.405000000002,0.0,0.0,0.0,0.0,0.0,0.0,74.41666666666666,74.05714285714285,74.79761904761907,0.07499999999999998,0.07499999999999998,0.07499999999999998,0.0,0.0,0.0,0.0,0.0,0.0,1.0,1.0,1.0,0.0012021400034427643,0.0011521341885963922,0.0012615302060294197,0.002274598755466286,0.0022117227003618603,0.0023419869942663345,0.0029627883415087103,0.0028105135627847612,0.003120927052294426,1.876000897027552e-05,1.7562502762302756e-05,1.9887491871486417e-05,0.00013766024785581975,0.00013365126166172556,0.00014174353350244925,0.00017204780847532685,0.00016705474061454889,0.00017694434247678156,0.005878524170499683,0.005655167342536918,0.006115802461671088,497.506640625,490.80050292968747,504.0900927734375,167.26896708999993,163.20823550374973,171.33862546799253,0.16600207973405606,537.7340748782597,0.20073647045742868,174.25827887477064
ingolstadt21,packet_loss,lightgpt_direct,20,8.265645612916789,7.758441256524982,8.826383672005015,97.31083333333333,94.52413541666667,100.448171875,7.175614703259083,7.100906536665588,7.24599335907388,278.3215921466568,275.19874871183623,281.7946025037116,91.5,90.45,92.75,100.0,100.0,100.0,96.28749999999998,93.7875,99.55999999999997,123.65,118.6,129.75,3994.55,3989.45,3999.45,4273.4,4270.55,4276.0,2.4529193960298703,2.4235016458843246,2.4847220811864963,2119966.2436572458,2099197.9562662872,2142750.042541562,783.6343194637673,775.3365487316007,793.0984234854138,686981.0044446216,680222.4430346795,694448.7798388377,0.5399567732780184,0.5312651808176019,0.5481002963593519,12.45125,11.991458333333334,12.94021875,0.0,0.0,0.0,0.0,0.0,0.0,1.95,1.05,2.95,0.0,0.0,0.0,100.5,94.6,106.4,1.45,1.0,1.95,2892.75,2851.99875,2934.95,17372.0,17273.098749999997,17473.201250000002,0.0,0.0,0.0,0.0,0.0,0.0,129.14285714285717,129.14285714285717,129.14285714285717,1.0,1.0,1.0,0.7035912698412699,0.7008134920634921,0.7063293650793651,0.28954365079365074,0.2880654761904762,0.29092261904761907,0.5382936507936509,0.5382936507936509,0.5382936507936509,0.00306244999228511,0.0029623346120206404,0.0031629813732433833,0.004324296998092904,0.004189787743198394,0.004484119348759121,0.004710023989493491,0.004544240877540141,0.004910247639620501,9.487499482929707e-06,9.024919709190728e-06,9.977503214031459e-06,1.818600401747972e-05,1.7876263293146626e-05,1.8482080457033594e-05,2.4141511472407682e-05,2.3616850760299685e-05,2.473407583456716e-05,0.013787487456251659,0.013399123061391542,0.014177970167683372,495.2392578125,488.50057617187497,501.8416455078125,166.37984574,161.40406155775156,171.64162663999784,0.16651795993552843,496.084205470409,0.18337490510220603,160.757477522493
ingolstadt21,packet_loss,llm_no_semantic,20,13.623896958874056,12.262605200499719,15.117788279434365,127.30229166666666,120.14104166666668,135.38045833333334,6.565349556853866,6.426933957624539,6.694599220139779,308.04644886933085,300.48776465012264,317.111804399664,99.3,98.75,99.75,100.0,100.0,100.0,107.46749999999997,101.06243749999997,114.20749999999995,137.65,127.2,148.9,3967.7,3945.75,3986.6,4274.2,4269.4,4277.25,2.428203517594699,2.376238136354128,2.4879034685675734,2298382.9828446573,2250393.3762552277,2354986.8927072673,857.9878220291417,838.8815243333028,880.0543490279443,744814.7355665447,729210.285038731,762752.4143103542,0.535863715020244,0.5172567316276075,0.5537622069103528,13.543333333333333,12.751239583333335,14.498750000000001,0.0,0.0,0.0,0.0,0.0,0.0,6.75,3.7,10.6,0.0,0.0,0.0,114.7,109.6,119.7,1.3,0.85,1.8,3041.1,2952.8,3137.65,18319.65,18100.05,18574.9,0.0,0.0,0.0,0.0,0.0,0.0,74.41666666666666,74.0547619047619,74.79761904761905,0.07499999999999998,0.07499999999999998,0.07499999999999998,0.0,0.0,0.0,0.0,0.0,0.0,1.0,1.0,1.0,0.0011770599900046363,0.0011455946226487867,0.0012115829167305492,0.00223817149962997,0.0021913697162890453,0.002288035122648579,0.0029270732461591236,0.002764188301934336,0.003090390402096089,1.842248602770269e-05,1.733499506372027e-05,1.9397555442992593e-05,0.0001350667481892742,0.00013011896210082338,0.0001398017922765575,0.00016896639438346037,0.00016270058226800762,0.00017542394469346627,0.005779974419120764,0.005600606558130596,0.0059689932475780055,496.48984375,489.605556640625,503.267861328125,165.1260397350008,160.4319351955042,169.86245576560773,0.16600207973405606,537.7340748782597,0.20073647045742868,174.25827887477064
ingolstadt21,packet_loss,max_pressure,20,11.861381993501208,10.877427714480772,13.064215130946453,121.1735416666667,115.37353124999997,128.48108854166668,6.635760460198535,6.515908179243184,6.743466928437793,302.07127747801906,296.57391940121954,308.5946706789785,98.24249999999998,97.45499999999993,99.0,100.0,100.0,100.0,101.95999999999997,99.13499999999999,105.39524999999993,128.25,122.75,134.7,3977.4,3962.15,3988.8,4277.25,4276.55,4277.9,2.417702670046494,2.3733580863700783,2.4684762291965696,2265212.1747264103,2226942.2370434804,2313859.789968972,845.2608102253176,829.2776912335802,865.3057645847708,734063.4739402791,721856.6941697442,749489.7212833965,0.5639156761121902,0.5537325906068735,0.5734038488558556,13.942291666666668,13.511041666666666,14.435005208333335,0.0,0.0,0.0,0.0,0.0,0.0,2.7,1.05,4.65,0.0,0.0,0.0,135.6,126.1,145.5,1.35,1.0,1.7,3023.85,2958.35,3095.80125,18381.35,18222.14875,18575.05125,0.0,0.0,0.0,0.0,0.0,0.0,70.47619047619047,70.17857142857143,70.75,0.0,0.0,0.0,0.0,0.0,0.0,0.0,0.0,0.0,0.0,0.0,0.0,4.566750139929354e-05,4.420500757987611e-05,4.736000555567443e-05,7.408873207168653e-05,7.23967180601903e-05,7.596801582258193e-05,9.372479969169939e-05,8.984806417720387e-05,9.82010012638056e-05,0.0,0.0,0.0,0.0,0.0,0.0,0.0,0.0,0.0,0.0002132446924386184,0.0002082369570697564,0.0002189795525262323,491.3189453125,484.322001953125,498.2293017578125,160.4714695450035,155.89172460301793,165.5751339776153,0.16450641547002803,529.595458466634,0.1976178175756193,171.62042759723633
ingolstadt21,packet_loss,ppo_ensemble,20,13.623896958874056,12.24208402164279,15.139928830351563,127.30229166666666,120.12041145833335,135.6575677083333,6.565349556853866,6.427807187452595,6.694727982401597,308.04644886933085,300.6387213365725,316.9864751034545,99.3,98.75,99.75,100.0,100.0,100.0,107.46749999999997,101.19218749999997,114.2950625,137.65,127.35,148.85,3967.7,3945.95,3987.0,4274.2,4269.45,4277.25,2.428203517594699,2.3763937661625762,2.4879293489928322,2298382.9828446573,2250089.8172900775,2354838.5222564223,857.9878220291417,838.9352411001142,879.782192171655,744814.7355665447,729395.0367843,763169.8389321486,0.535863715020244,0.517101578466213,0.553675344424619,13.543333333333333,12.758744791666668,14.500005208333336,0.0,0.0,0.0,0.0,0.0,0.0,6.75,3.65,10.60124999999989,0.0,0.0,0.0,114.7,109.7,119.70249999999979,1.3,0.85,1.8,3041.1,2953.24875,3139.15,18319.65,18102.9,18576.55125,0.0,0.0,0.0,0.0,0.0,0.0,74.41666666666666,74.0547619047619,74.80476190476192,0.0,0.0,0.0,0.0,0.0,0.0,0.0,0.0,0.0,0.0,0.0,0.0,0.0011405749974073842,0.0010207246802019655,0.0012824695607559988,0.001927022499439772,0.0017641107035524328,0.002122530828266462,0.002167834102583583,0.002018983466297504,0.0023370976735983266,0.0,0.0,0.0,0.0,0.0,0.0,0.0,0.0,0.0,0.0052581657009998,0.004785483816940541,0.005802422987405507,494.2064453125,487.43041015625,500.7231640625,177.86604283999768,163.55996157359755,194.16043044737205,0.16600207973405606,537.7340748782597,0.20073647045742868,174.25827887477064
ingolstadt21,packet_loss,ppo_event_rule,20,13.0082327221126,11.584854748115934,14.673824123161237,124.95937500000002,117.35371875,133.8662552083333,6.622791833442186,6.47016550401906,6.761342339220688,306.022533232185,298.58666188824975,315.1724655001485,99.4,98.85,99.85,100.0,100.0,100.0,105.76499999999996,99.13743749999996,112.95756249999998,133.7,123.4,144.75,3982.15,3967.95,3995.15,4276.8,4275.35,4277.85,2.41988436400559,2.365275127676665,2.48099492804984,2285348.1883156756,2235347.3742051143,2346098.6170717445,852.2942617552411,832.0584169759535,875.7640527791278,740588.5750944304,723948.2176973321,760073.4266741087,0.538358663949325,0.5171943092279585,0.5569246239194271,13.422708333333333,12.621453125,14.449624999999996,0.0,0.0,0.0,0.0,0.0,0.0,5.45,2.35,9.4,0.0,0.0,0.0,115.3,108.7,122.4,1.15,0.7,1.65,3019.95,2930.0487500000004,3116.75125,18240.45,18017.495,18504.65375,0.0,0.0,0.0,0.0,0.0,0.0,74.5547619047619,74.20470238095237,74.90714285714286,0.0,0.0,0.0,0.000376984126984127,0.00021825396825396825,0.0005555555555555557,0.0001884920634920635,0.00010912698412698413,0.0002777777777777778,0.0,0.0,0.0,0.001588539988733828,0.0015454566144762793,0.00163332129632181,0.0025084004880045535,0.0024377169286672134,0.0025729324629137403,0.0028844306900282376,0.002805645693243422,0.0029785295490219114,0.0,0.0,0.0,0.0,0.0,0.0,0.0,0.0,0.0,0.007247883140694788,0.007054686562731957,0.0074448652128010296,495.8423828125,489.08345214843746,502.5666455078125,165.64444398497,160.98022454799883,170.55036808860402,0.16556334958841476,534.3593781134671,0.19928317006996846,173.16418235466477
ingolstadt21,sensor_delay_noise,ergs_no_calibration,20,14.78940223498471,14.002148485431322,15.630358521068205,151.87354166666668,147.282703125,156.49354166666666,6.069948275638216,5.991224720584903,6.147680299531395,335.10199794875916,330.81090220260006,339.46947196207725,99.85,99.55,100.0,100.0,100.0,100.0,135.945,132.6,139.695,163.9,159.7,168.7,3942.15,3917.9,3963.55,4267.85,4257.75,4276.4,2.7034414911357887,2.6646283987751214,2.742692559424451,2466320.0528903073,2435307.588471501,2496557.193192097,926.3229000585955,913.9416619638561,938.188782695945,799247.1304811048,789275.4298421912,809104.1075186791,0.6313682471809043,0.6159988762988121,0.6455952824555724,14.059375,13.354583333333334,14.845838541666668,0.0,0.0,0.0,0.0,0.0,0.0,6.15,3.9,8.85,0.0,0.0,0.0,140.4,133.5,146.7,1.6,1.15,2.1,3418.45,3365.2,3470.15,19025.2,18880.89875,19169.7025,0.0,0.0,0.0,0.0,0.0,0.0,76.73809523809524,76.5809523809524,76.91190476190476,0.07499999999999998,0.07499999999999998,0.07499999999999998,0.3605820105820105,0.3542328042328042,0.3667989417989418,0.0,0.0,0.0,1.0,1.0,1.0,0.0011570624978048728,0.001122917493848945,0.0011952134462626417,0.12517269775300505,0.11893676774472245,0.131606442558368,0.19811229890189114,0.18879699221817267,0.2073742665964162,2.8087501414120196e-05,2.7622506531770342e-05,2.851758086762856e-05,0.022418354509864,0.021522718377578708,0.023326363026601023,0.027712557558785204,0.026538838103822508,0.02883510963736336,0.052135562917675196,0.05057607398726172,0.053838030075461174,499.446875,492.3663916015625,506.5000732421875,167.05086353998632,162.33622228399648,172.01042070589043,0.17968010848769,577.88349002198,0.21704673314633724,187.27160759658958
ingolstadt21,sensor_delay_noise,ergs_no_hysteresis,20,14.78940223498471,14.00225399654751,15.63045277491081,151.87354166666668,147.30706770833334,156.63192708333332,6.069948275638216,5.9935003188764036,6.147797010395014,335.10199794875916,330.85106358127035,339.5248691596013,99.85,99.55,100.0,100.0,100.0,100.0,135.945,132.61968749999997,139.6825625,163.9,159.65,168.6,3942.15,3917.65,3963.9,4267.85,4257.8,4276.45,2.7034414911357887,2.664243393646138,2.7438759618298154,2466320.0528903073,2435000.000281979,2497079.3146614283,926.3229000585955,913.9381259502281,938.5192682556062,799247.1304811048,789045.3743640808,809228.7039907996,0.6313682471809043,0.6160551831036724,0.6456617507403158,14.059375,13.364161458333335,14.833749999999998,0.0,0.0,0.0,0.0,0.0,0.0,6.15,3.9,8.85,0.0,0.0,0.0,140.4,133.6,146.7,1.6,1.15,2.15,3418.45,3365.4,3471.3512499999997,19025.2,18879.64875,19168.85125,0.0,0.0,0.0,0.0,0.0,0.0,76.73809523809524,76.58571428571429,76.90714285714286,0.07499999999999998,0.07499999999999998,0.07499999999999998,0.36031746031746026,0.3538359788359788,0.36653439153439155,0.0,0.0,0.0,1.0,1.0,1.0,0.0012252024927875027,0.0011551016760495258,0.0013122744414431507,0.1299645969900301,0.12103512611424941,0.13963525913476746,0.20684864419029309,0.19325938314596267,0.22306996005767843,2.8344985912553967e-05,2.753998545813374e-05,2.934499061666429e-05,0.02378645875927759,0.021988860142795597,0.026002444347621344,0.028728850197570877,0.0266598410302293,0.03128922205144482,0.05454694537719964,0.05162362565861238,0.05810645735025052,500.8875,494.105048828125,507.54349121093753,171.99720407999703,164.55082830349667,180.16963091937038,0.17968010848769,577.88349002198,0.21704673314633724,187.27160759658958
ingolstadt21,sensor_delay_noise,ergs_no_shield,20,14.78940223498471,13.992590204552059,15.638759216495654,151.87354166666668,147.24603645833338,156.56231250000002,6.069948275638216,5.99180142247573,6.146790388542301,335.10199794875916,330.80861158532844,339.515309235651,99.85,99.55,100.0,100.0,100.0,100.0,135.945,132.55987499999998,139.65756249999995,163.9,159.75,168.6,3942.15,3917.4,3963.9,4267.85,4257.75,4276.5,2.7034414911357887,2.6634622517419464,2.7436575822466986,2466320.0528903073,2434741.4846641296,2496806.5797431925,926.3229000585955,913.75695273877,938.2979075168369,799247.1304811048,789285.3260866827,809302.7027649875,0.6313682471809043,0.616276601138947,0.6455344029904919,14.059375,13.367078124999999,14.83125,0.0,0.0,0.0,0.0,0.0,0.0,6.15,3.85,8.8,0.0,0.0,0.0,140.4,133.5,146.7,1.6,1.15,2.15,3418.45,3365.49875,3471.8,19025.2,18875.897500000003,19170.65,0.0,0.0,0.0,0.0,0.0,0.0,76.73809523809524,76.58571428571427,76.91190476190476,0.07499999999999998,0.07499999999999998,0.07499999999999998,0.3605820105820105,0.353968253968254,0.3667989417989418,0.0,0.0,0.0,1.0,1.0,1.0,0.0011884950130479411,0.001153757266656612,0.001225190995974117,0.13086222899553823,0.12355643640241021,0.13821573861203063,0.20069749684829716,0.19165382340872586,0.21030390225163115,2.794250031001866e-05,2.7452431750134567e-05,2.8464998467825354e-05,0.022660425505309823,0.021357957019281452,0.023954357294322107,0.027401475213875544,0.025747020484067632,0.02903725940946753,0.05308049879124964,0.0510248545407105,0.05521279667367223,500.040625,493.163203125,506.7585986328125,171.7291256000055,166.3943902431152,177.39348733376056,0.17968010848769,577.88349002198,0.21704673314633724,187.27160759658958
ingolstadt21,sensor_delay_noise,ergs_no_uncertainty,20,14.78940223498471,13.997735006047582,15.62589682680592,151.87354166666668,147.24514583333334,156.577125,6.069948275638216,5.992667703969403,6.150334059245092,335.10199794875916,330.74137558947086,339.5076238950462,99.85,99.55,100.0,100.0,100.0,100.0,135.945,132.5875,139.6875,163.9,159.65,168.65,3942.15,3917.75,3963.75,4267.85,4257.8,4276.55,2.7034414911357887,2.6641731556115626,2.743036408049362,2466320.0528903073,2434306.5876011215,2496923.123460269,926.3229000585955,914.0904307996237,938.513793673576,799247.1304811048,789269.1925025115,809225.6985129038,0.6313682471809043,0.6163115728102793,0.6455882604205352,14.059375,13.357500000000002,14.822932291666664,0.0,0.0,0.0,0.0,0.0,0.0,6.15,3.85,8.85,0.0,0.0,0.0,140.4,133.4,146.7,1.6,1.15,2.1,3418.45,3366.0,3471.6,19025.2,18877.598749999997,19172.451250000002,0.0,0.0,0.0,0.0,0.0,0.0,76.73809523809524,76.58333333333334,76.9095238095238,0.07499999999999998,0.07499999999999998,0.07499999999999998,0.3605820105820105,0.35396825396825404,0.3668022486772484,0.0,0.0,0.0,1.0,1.0,1.0,0.0012078724859748036,0.0011594999334192835,0.0012634740524663356,0.1308090642583555,0.12243252587025186,0.1394108246920294,0.20904118989990067,0.19784292096346162,0.22069605445579915,2.861499960999936e-05,2.7982429892290383e-05,2.9305083953659046e-05,0.023664985744981087,0.02207539874656504,0.02536555898319056,0.02919836119899994,0.02724949914257451,0.03139823274544908,0.05426901828478246,0.051840196304199095,0.05685504472571705,499.5619140625,492.4398291015625,506.54574218749997,169.55621290499113,163.60191543173465,176.07310469813805,0.17968010848769,577.88349002198,0.21704673314633724,187.27160759658958
ingolstadt21,sensor_delay_noise,ergs_v3,20,14.78940223498471,14.001124499920678,15.637212769306718,151.87354166666668,147.22250000000003,156.53965104166664,6.069948275638216,5.99315699684314,6.149563316249656,335.10199794875916,330.80581303423475,339.4849324456049,99.85,99.55,100.0,100.0,100.0,100.0,135.945,132.5374375,139.80006249999997,163.9,159.7,168.6,3942.15,3917.7,3963.9,4267.85,4257.8,4276.5,2.7034414911357887,2.664082503231926,2.7434068371298883,2466320.0528903073,2434561.4822150418,2496826.9065141003,926.3229000585955,913.8901060840592,938.388495888736,799247.1304811048,789047.5212507369,809156.826783188,0.6313682471809043,0.6163782872641629,0.6455818291090392,14.059375,13.356041666666666,14.819812499999998,0.0,0.0,0.0,0.0,0.0,0.0,6.15,3.85,8.8,0.0,0.0,0.0,140.4,133.4,146.7,1.6,1.15,2.1,3418.45,3365.7,3471.25125,19025.2,18878.697500000002,19170.2525,0.0,0.0,0.0,0.0,0.0,0.0,76.73809523809524,76.58333333333334,76.90714285714286,0.07499999999999998,0.07499999999999998,0.07499999999999998,0.3605820105820105,0.3541005291005291,0.36693121693121694,0.0,0.0,0.0,1.0,1.0,1.0,0.0012817500042729079,0.001212392062516301,0.001368050447126734,0.12995779774355448,0.12084856896786343,0.13977760539277354,0.21956848029763193,0.20153688363819663,0.24093681586740687,2.911498595494777e-05,2.811748709063977e-05,3.019498850335367e-05,0.02536732600303366,0.02282195488439901,0.02827099625021945,0.031854242346016706,0.02891791255460559,0.035052456387646105,0.056458906649649074,0.05298617206084742,0.060286098556663795,502.0556640625,495.45047363281253,508.5193359375,194.8220976550132,186.66504420201733,203.40921951151597,0.17968010848769,577.88349002198,0.21704673314633724,187.27160759658958
ingolstadt21,sensor_delay_noise,fixed,20,10.177737085174442,9.607143685192511,10.917966125260895,113.46312499999999,110.70685416666667,116.98522395833332,6.840711942205044,6.766802372037435,6.902376378017123,288.9578333746704,285.8049965863715,292.8222701480526,92.6925,92.05999999999999,93.61018749999997,100.0,100.0,100.0,115.45249999999999,113.0925,118.835,139.05,134.2,146.0,4001.7,3990.65,4008.95,4275.95,4272.9,4277.8,2.416662378587398,2.3921588148753683,2.4466769083610056,2174074.376875711,2155908.0152152316,2196320.6496400475,814.2095735248847,806.7372385893258,823.4046570079281,704501.237485109,698585.9896663431,711701.3123483106,0.5886192333303307,0.5811747542651482,0.5953312747188654,12.436458333333334,12.05,12.878140625,0.0,0.0,0.0,0.0,0.0,0.0,1.45,0.4,2.9,0.0,0.0,0.0,111.7,103.8,119.5,6.1,4.95,7.3,2837.15,2800.15,2878.30125,17699.8,17617.6,17789.05125,0.0,0.0,0.0,0.0,0.0,0.0,173.9523809523809,173.9523809523809,173.9523809523809,0.0,0.0,0.0,0.0,0.0,0.0,0.0,0.0,0.0,0.0,0.0,0.0,4.09649801440537e-05,3.861991157464217e-05,4.344499036960769e-05,6.729073880705979e-05,6.448620338051114e-05,7.023124400438972e-05,8.561014611041167e-05,8.051266564143584e-05,9.168038338539182e-05,0.0,0.0,0.0,0.0,0.0,0.0,0.0,0.0,0.0,0.00019066639584909556,0.00018100040149208023,0.00020087763502872095,491.282421875,483.634521484375,498.63681640625,169.25918068000465,160.98224605900336,178.11098841961908,0.16029277166973638,508.4424225904679,0.19041606509077158,164.75899799696185
ingolstadt21,sensor_delay_noise,idqn,20,9.370875824704184,8.210256959602741,10.943962447075073,108.36729166666666,102.39325,116.20314583333334,6.936776332322251,6.778105881879758,7.061886117805336,289.7060694770173,283.85908586255033,297.0340134118131,92.67999999999999,91.16,94.42999999999999,100.0,100.0,100.0,101.04499999999999,97.89493749999998,105.14249999999997,123.05,118.25,128.8,3983.25,3952.2,4004.15,4269.85,4258.15,4277.6,2.5803733787290675,2.531622579337712,2.636505069838149,2197149.9331293264,2160903.909021927,2243572.169365861,815.2796609234031,800.3098299006855,834.6517130662194,711999.632031251,700344.2195282868,727074.855950673,0.5714536990839705,0.5624141413413212,0.580172528032597,12.6075,12.146036458333333,13.18438020833333,0.0,0.0,0.0,0.0,0.0,0.0,2.25,0.55,4.4,0.0,0.0,0.0,114.9,106.7,123.3,1.35,0.9,1.8,3067.95,3005.44875,3137.7012499999996,17967.1,17846.75,18108.0,0.0,0.0,0.0,0.0,0.0,0.0,119.69761904761904,119.46190476190478,119.9452380952381,0.0,0.0,0.0,0.0,0.0,0.0,0.0,0.0,0.0,0.0,0.0,0.0,0.0018257025018101557,0.001766951690078713,0.0018878750037401915,0.0026005490066017952,0.0024900116345088464,0.0027385350227923477,0.002907670944812706,0.002785200450934643,0.003061155790851625,0.0,0.0,0.0,0.0,0.0,0.0,0.0,0.0,0.0,0.008103052297018519,0.00784889033219123,0.008378089326957706,493.767578125,486.67715332031247,500.77619140625,169.98715271999828,164.53199866762313,175.4583315193707,0.17075376660674232,514.5730958064864,0.19093871234900595,166.7505022497865
ingolstadt21,sensor_delay_noise,illm_style_review,20,16.845108651190902,15.25355554549383,18.651164549223157,165.58833333333334,156.6375104166667,176.52642187499998,5.8972584302369295,5.7586627797850145,6.020463489493838,343.88494043680873,337.4338981515664,351.2036618674413,100.0,100.0,100.0,100.0,100.0,100.0,143.1325,138.97493749999998,148.2475625,173.15,166.15,180.7,3919.45,3876.99875,3951.85,4275.45,4271.7,4277.65,2.757389223759006,2.7059635626967444,2.8150019253944407,2556911.3449613308,2502493.27837771,2620982.5549738663,964.1288427287315,941.7084544795854,991.0660408249937,828609.9519011473,811203.0880822046,849862.3790113649,0.6118259514945767,0.5977811894222133,0.6246615120311958,15.489791666666667,14.853541666666667,16.134593749999997,0.0,0.0,0.0,0.0,0.0,0.0,8.45,4.8,12.95,0.0,0.0,0.0,147.7,138.4,157.1,1.25,0.8,1.7,3490.9,3402.65,3584.7012499999996,19317.15,19132.99875,19519.35125,0.0,0.0,0.0,0.0,0.0,0.0,75.2,74.94523809523811,75.4595238095238,0.07499999999999998,0.07499999999999998,0.07499999999999998,0.35568783068783066,0.3501322751322752,0.36137566137566135,0.02529761904761905,0.024890873015873023,0.02572420634920635,0.974702380952381,0.9742857142857142,0.975109126984127,0.0012180475023342296,0.0011453323652676774,0.0013064314548682887,0.0021580489954794754,0.001996877772689913,0.002344885791782871,0.00249115395132685,0.0023121691915686817,0.002696174880804027,8.832503226585686e-06,7.977499553817324e-06,9.812510834308341e-06,3.0286242836154967e-05,2.830747724510727e-05,3.28494892310118e-05,5.161409947322689e-05,4.607461150444586e-05,5.817543954908623e-05,0.00578021247859902,0.005420098641654072,0.00620136040707924,498.991796875,491.8349365234375,505.9713818359375,174.04327427998652,166.3174563083482,182.47128166248103,0.1807150640751871,598.0449648484558,0.22550347746523325,193.80648865058583
ingolstadt21,sensor_delay_noise,lightgpt_direct,20,8.265645612916789,7.763444339578717,8.822421225205522,97.31083333333333,94.48183854166668,100.428765625,7.175614703259083,7.101478735289014,7.2452439943764775,278.3215921466568,275.1822375555413,281.7599275330467,91.5,90.45,92.75,100.0,100.0,100.0,96.28749999999998,93.78999999999998,99.41518749999994,123.65,118.55,129.8,3994.55,3989.45,3999.45,4273.4,4270.5,4276.0,2.4529193960298703,2.4235593147042622,2.4852968893438505,2119966.2436572458,2099335.524562013,2143182.7565431423,783.6343194637673,775.3771360781943,792.9100415266549,686981.0044446216,680261.4501217036,694437.1911788323,0.5399567732780184,0.5312072074999976,0.5480120409595158,12.45125,11.993541666666667,12.955218749999997,0.0,0.0,0.0,0.0,0.0,0.0,1.95,1.05,2.95,0.0,0.0,0.0,100.5,94.7,106.5,1.45,1.0,1.95,2892.75,2851.74875,2935.5,17372.0,17273.348749999997,17474.2,0.0,0.0,0.0,0.0,0.0,0.0,129.14285714285717,129.14285714285717,129.14285714285717,1.0,1.0,1.0,0.7198115079365079,0.7177579365079365,0.7218355654761907,0.29739087301587297,0.2962698412698413,0.29851190476190476,0.5382936507936509,0.5382936507936509,0.5382936507936509,0.0029695625096792357,0.002875461696385173,0.0030747178308956785,0.0042940654853009606,0.004090051706414669,0.004533519585253089,0.004754744238744024,0.004546133041115534,0.004994131088812718,9.244977263733745e-06,8.799985516816378e-06,9.72496927715838e-06,1.7966247396543627e-05,1.750225490104641e-05,1.8461262654454916e-05,2.4547947105020252e-05,2.3503794829593945e-05,2.5834332650992974e-05,0.01356837723803538,0.013120965170299313,0.014046362028843457,496.10625,489.1593505859375,502.9787255859375,162.61195135999589,157.17095914488806,168.55269355974306,0.16651795993552843,496.084205470409,0.18337490510220603,160.757477522493
ingolstadt21,sensor_delay_noise,llm_no_semantic,20,14.78940223498471,13.998822749191952,15.641750278551987,151.87354166666668,147.23053124999998,156.55032291666666,6.069948275638216,5.991913853615046,6.1493229938628655,335.10199794875916,330.7700336073435,339.5066851621134,99.85,99.55,100.0,100.0,100.0,100.0,135.945,132.5824375,139.74999999999997,163.9,159.75,168.65,3942.15,3917.6487500000003,3963.9,4267.85,4257.79875,4276.45,2.7034414911357887,2.665155168820391,2.7432493127421322,2466320.0528903073,2435419.9075882942,2497301.121422855,926.3229000585955,913.9817852663361,938.09798648681,799247.1304811048,789156.6450142321,809078.3974823464,0.6313682471809043,0.6161424379221637,0.6456033162267929,14.059375,13.351244791666666,14.833968749999999,0.0,0.0,0.0,0.0,0.0,0.0,6.15,3.9,8.85,0.0,0.0,0.0,140.4,133.5,146.9,1.6,1.15,2.1,3418.45,3365.94875,3471.3,19025.2,18878.94875,19169.7525,0.0,0.0,0.0,0.0,0.0,0.0,76.73809523809524,76.58333333333334,76.91190476190476,0.07499999999999998,0.07499999999999998,0.07499999999999998,0.0,0.0,0.0,0.0,0.0,0.0,1.0,1.0,1.0,0.0011549400020157917,0.0011290025023481577,0.00118526705991826,0.0023115622706245623,0.0022401969604543405,0.0023959210047833036,0.002966297995473722,0.002800000509497475,0.0031482748445836447,2.0104993018321694e-05,1.920999202411622e-05,2.108998603944201e-05,0.00013563801650889214,0.00013104024374479192,0.0001404107796697644,0.00016694635502062754,0.00016001021608390157,0.00017419037493091337,0.005730337437716016,0.0055602495451186965,0.005923504282182572,497.848046875,490.57283203124996,505.08498046875,164.01959554000058,159.47858963888183,168.73101433899794,0.17968010848769,577.88349002198,0.21704673314633724,187.27160759658958
ingolstadt21,sensor_delay_noise,max_pressure,20,14.755404242914134,13.886016755953655,15.76710335559185,151.85916666666668,146.30456770833334,157.74645833333335,6.0415806936900225,5.945422407313583,6.13231909234236,335.6408631898236,329.7209059106655,342.03398350722273,99.9,99.7,100.0,100.0,100.0,100.0,134.85999999999999,130.9475,139.33999999999997,163.8,156.35,172.1,3961.85,3949.4,3973.95,4275.55,4272.95,4277.5,2.7377934800192376,2.6913810174661523,2.787042664251379,2481493.115208414,2445189.4873622586,2519979.4064506628,931.6929105896494,916.4364865173695,948.4155317929869,804167.9988695645,792381.9652656463,816858.6748450709,0.6392487477733463,0.6257538766301279,0.6510423066441082,14.608125000000001,14.036453125,15.301281249999999,0.0,0.0,0.0,0.0,0.0,0.0,6.3,4.25,8.8,0.0,0.0,0.0,149.9,141.7,158.0,1.5,1.1,1.95,3469.95,3388.95,3552.6,19232.45,19062.447500000002,19421.15375,0.0,0.0,0.0,0.0,0.0,0.0,75.82142857142858,75.61428571428571,76.01428571428573,0.0,0.0,0.0,0.0,0.0,0.0,0.0,0.0,0.0,0.0,0.0,0.0,4.744749749079347e-05,4.5229995084810074e-05,4.981250101991463e-05,7.392502040602265e-05,7.146702029422157e-05,7.65350669826148e-05,9.818770427955301e-05,9.197972449037474e-05,0.00010540819504240046,0.0,0.0,0.0,0.0,0.0,0.0,0.0,0.0,0.0,0.00021866298069653567,0.00021056851038823274,0.00022767409472807128,492.382421875,485.0421142578125,499.4633837890625,169.80352158999887,162.5166743881289,177.59407576338927,0.18042163114943754,580.3915555211408,0.2179118266865431,188.0852753141852
ingolstadt21,sensor_delay_noise,ppo_ensemble,20,14.78940223498471,14.001478867224694,15.643680187851512,151.87354166666668,147.22493229166668,156.56878125,6.069948275638216,5.9921718135182305,6.149228334580519,335.10199794875916,330.75228587617255,339.48567927794386,99.85,99.55,100.0,100.0,100.0,100.0,135.945,132.59,139.73,163.9,159.8,168.70124999999987,3942.15,3917.4,3963.85,4267.85,4257.95,4276.5,2.7034414911357887,2.6634099815514087,2.7435808617813886,2466320.0528903073,2435317.3641642174,2496874.151963574,926.3229000585955,914.0158471058847,938.4759545085255,799247.1304811048,789226.624973847,809223.3889655942,0.6313682471809043,0.6163904422501035,0.6457046685866483,14.059375,13.352911458333335,14.83896875,0.0,0.0,0.0,0.0,0.0,0.0,6.15,3.9,8.8,0.0,0.0,0.0,140.4,133.6,146.7,1.6,1.15,2.1,3418.45,3365.3,3471.5,19025.2,18876.647500000003,19170.7,0.0,0.0,0.0,0.0,0.0,0.0,76.73809523809524,76.58333333333333,76.9095238095238,0.0,0.0,0.0,0.0,0.0,0.0,0.0,0.0,0.0,0.0,0.0,0.0,0.00104356499214191,0.001006934614488273,0.0010873404395533724,0.0018982315083849236,0.0017827039810072158,0.0020300140141043805,0.00215533294371562,0.0020181968157034127,0.002304990001037367,0.0,0.0,0.0,0.0,0.0,0.0,0.0,0.0,0.0,0.004996000300177709,0.0047715590717602435,0.005247591862831339,495.0814453125,488.1307763671875,501.7486376953125,174.40826153000233,168.43084911587823,180.8557692806449,0.17968010848769,577.88349002198,0.21704673314633724,187.27160759658958
ingolstadt21,sensor_delay_noise,ppo_event_rule,20,14.78940223498471,14.003695004708876,15.637863846100963,151.87354166666668,147.20703125,156.51042708333335,6.069948275638216,5.993062354798136,6.147755904219926,335.10199794875916,330.7233024701402,339.4956760240628,99.85,99.55,100.0,100.0,100.0,100.0,135.945,132.60250000000002,139.74499999999998,163.9,159.65,168.7,3942.15,3917.7475,3964.00125,4267.85,4257.5,4276.45,2.7034414911357887,2.664273312802593,2.743254464694554,2466320.0528903073,2435222.2888700385,2497396.566157075,926.3229000585955,914.0663665223034,938.3296819584983,799247.1304811048,788994.0689495178,809170.1076104991,0.6313682471809043,0.6159701258968092,0.6452557454428955,14.059375,13.35625,14.835421875000002,0.0,0.0,0.0,0.0,0.0,0.0,6.15,3.85,8.8,0.0,0.0,0.0,140.4,133.5,146.8,1.6,1.15,2.1,3418.45,3365.69875,3471.5,19025.2,18877.6,19168.2,0.0,0.0,0.0,0.0,0.0,0.0,76.73809523809524,76.58571428571429,76.90952380952382,0.0,0.0,0.0,0.0,0.0,0.0,0.0,0.0,0.0,0.0,0.0,0.0,0.0016399825020926074,0.0016027374412806237,0.0016834663166082463,0.00251529724773718,0.002451937954996537,0.002582200830744113,0.002958657803595996,0.002901062362095398,0.0030121359288707013,0.0,0.0,0.0,0.0,0.0,0.0,0.0,0.0,0.0,0.0073831154612788745,0.007215008650971866,0.007576335480620602,496.948828125,489.760146484375,504.0980810546875,164.1689764799783,160.27816013647302,168.32747287684035,0.17968010848769,577.88349002198,0.21704673314633724,187.27160759658958
moscow,demand_shock,ergs_no_calibration,20,31.514243675364746,27.619887998764604,35.35971683751147,139.51749999999998,119.879640625,160.08217708333328,7.015464618091313,6.712404246124732,7.3404759532245825,411.1776967302252,394.3619682046642,428.6312200984083,100.0,100.0,100.0,100.0,100.0,100.0,124.34250000000002,110.22387500000002,139.195,143.3,129.15,157.9,1523.15,1453.69875,1592.5062499999995,2000.95,1993.75,2007.4,2.8250635396714356,2.6792364216132194,2.9743156848402728,1815106.4997134723,1728951.9692618079,1903878.761450661,680.3636665090129,644.7107978380794,716.9735170823054,588439.1713730199,561145.0892430556,617334.919435424,0.40243912840499857,0.3710929528914071,0.43460186733927464,22.121249999999996,19.082260416666667,25.281890625,0.0,0.0,0.0,0.0,0.0,0.0,31.55,25.15,38.4,0.0,0.0,0.0,17.0,14.2,19.9,1.2,0.8,1.7,2068.05,1942.89875,2207.1524999999997,11704.55,11283.14125,12086.952500000001,0.0,0.0,0.0,0.0,0.0,0.0,49.949999999999996,49.57,50.345,0.10000000000000002,0.10000000000000002,0.10000000000000002,0.13354166666666667,0.12229166666666666,0.14562500000000003,0.0,0.0,0.0,1.0,1.0,1.0,0.0012677625054493546,0.0011955649461015128,0.001360126009894884,0.030588721717067457,0.025934115970245208,0.03564051472632121,0.07510410926019528,0.06726103368564934,0.08355655569219514,1.8262499361298977e-05,1.710500509943813e-05,1.9702501595020296e-05,0.026439850735187058,0.025110103789505952,0.02796444852002605,0.03944370940374205,0.03359156625970055,0.04631356890228045,0.021908246482627066,0.019970309185620864,0.02408574213036384,480.808203125,477.46227050781255,484.081259765625,73.17419461500249,66.2787892793912,80.12843422211603,0.17668769837370937,907.1223667325382,0.3400203236007961,294.0798977350858
moscow,demand_shock,ergs_no_hysteresis,20,31.514243675364746,27.61130120433128,35.415184404250205,139.51749999999998,119.58189062500001,159.78636979166666,7.015464618091313,6.715120985752805,7.347006380363486,411.1776967302252,394.47325779356925,428.5786785166504,100.0,100.0,100.0,100.0,100.0,100.0,124.34250000000002,110.18249999999998,139.15306249999998,143.3,129.15,158.20124999999987,1523.15,1454.15,1593.7012499999998,2000.95,1993.75,2007.5012499999998,2.8250635396714356,2.6806626843621135,2.9760066873918487,1815106.4997134723,1728598.3125231445,1904844.9835161404,680.3636665090129,644.8764293859786,716.320151726275,588439.1713730199,560095.1428881349,617192.8555287364,0.40243912840499857,0.3712196918305217,0.4350472316458787,22.121249999999996,19.051583333333337,25.30026041666666,0.0,0.0,0.0,0.0,0.0,0.0,31.55,25.098750000000024,38.55,0.0,0.0,0.0,17.0,14.1,19.9,1.2,0.8,1.7,2068.05,1945.2975,2204.0049999999997,11704.55,11288.695000000002,12091.0025,0.0,0.0,0.0,0.0,0.0,0.0,49.949999999999996,49.57000000000001,50.345,0.10000000000000002,0.10000000000000002,0.10000000000000002,0.13354166666666667,0.12229166666666666,0.145625,0.0,0.0,0.0,1.0,1.0,1.0,0.0013376724906265735,0.0012379047517606524,0.0014571405492461054,0.031007987994817014,0.026646633215394046,0.03516714182995193,0.08744999485218415,0.07214799243786676,0.10716224716477135,1.887500111479312e-05,1.738999846566003e-05,2.0587576291291036e-05,0.028969066992576686,0.025692021551352806,0.03319131491694129,0.04379552939848501,0.034104462369526994,0.05589747777911096,0.023366389316199478,0.02048000589532664,0.026847277601093483,481.9689453125,478.9218701171875,485.0383642578125,73.83588709001779,66.87640613801793,80.64322790927224,0.17668769837370937,907.1223667325382,0.3400203236007961,294.0798977350858
moscow,demand_shock,ergs_no_shield,20,31.514243675364746,27.665831968518102,35.342681267783135,139.51749999999998,119.69690104166665,159.95529687499996,7.015464618091313,6.71548334895545,7.343765141659582,411.1776967302252,394.2270697368845,428.42376034209934,100.0,100.0,100.0,100.0,100.0,100.0,124.34250000000002,110.12456250000001,139.05531249999999,143.3,129.2,158.05,1523.15,1453.8487499999999,1593.15,2000.95,1993.8,2007.45,2.8250635396714356,2.6794442901507667,2.9776974362802946,1815106.4997134723,1726663.4409071328,1903172.8217220814,680.3636665090129,643.7913844300747,716.947008263909,588439.1713730199,560151.7223084354,616894.9310340928,0.40243912840499857,0.3703551117367426,0.43443371076425674,22.121249999999996,19.085614583333335,25.315630208333335,0.0,0.0,0.0,0.0,0.0,0.0,31.55,25.15,38.4,0.0,0.0,0.0,17.0,14.1,19.9,1.2,0.8,1.7,2068.05,1944.7,2206.2012499999996,11704.55,11283.54875,12081.551249999999,0.0,0.0,0.0,0.0,0.0,0.0,49.949999999999996,49.575,50.34,0.10000000000000002,0.10000000000000002,0.10000000000000002,0.13354166666666667,0.12208333333333335,0.14562500000000003,0.0,0.0,0.0,1.0,1.0,1.0,0.0012979099992662668,0.001206874498675461,0.001403424130185158,0.030313329750497296,0.026347816476423657,0.03408556268054958,0.08174234178924215,0.07160992436524524,0.09378222648030034,1.8270002328790724e-05,1.712750228762161e-05,1.9432582048466424e-05,0.027073554733360643,0.02559897074638138,0.02873995051978271,0.03911242174159265,0.03296101681729775,0.046351670776212925,0.02221811835877209,0.020348266366516935,0.024321330181084094,481.49609375,478.2577880859375,484.6279443359375,75.1035768899892,68.68682227774538,81.17581108948784,0.17668769837370937,907.1223667325382,0.3400203236007961,294.0798977350858
moscow,demand_shock,ergs_no_uncertainty,20,31.514243675364746,27.63655969346253,35.26448786852027,139.51749999999998,119.6916875,160.07488541666666,7.015464618091313,6.711941302662495,7.3391394903985905,411.1776967302252,394.2772609588031,428.5208817013991,100.0,100.0,100.0,100.0,100.0,100.0,124.34250000000002,110.1523125,138.85262500000002,143.3,129.0,158.0512499999999,1523.15,1453.15,1592.9524999999999,2000.95,1993.6,2007.55,2.8250635396714356,2.6802870294519834,2.975561989774958,1815106.4997134723,1728647.4775851134,1903516.1483577928,680.3636665090129,644.3110565684977,716.9143203749453,588439.1713730199,559929.6672332345,617104.5242508354,0.40243912840499857,0.3704175226110553,0.43481328468166036,22.121249999999996,19.10388541666667,25.334182291666668,0.0,0.0,0.0,0.0,0.0,0.0,31.55,25.1,38.5,0.0,0.0,0.0,17.0,14.1,19.9,1.2,0.8,1.7,2068.05,1943.9462500000002,2206.15125,11704.55,11289.3,12090.85125,0.0,0.0,0.0,0.0,0.0,0.0,49.949999999999996,49.57,50.339999999999996,0.10000000000000002,0.10000000000000002,0.10000000000000002,0.13354166666666667,0.12229166666666666,0.14541666666666667,0.0,0.0,0.0,1.0,1.0,1.0,0.0012903475027997047,0.0012015071918722242,0.0014041029986401553,0.03146394050156226,0.02651878832028149,0.03696234593344703,0.08250866805086826,0.07004547694066117,0.0977341039525531,1.8775009084492923e-05,1.7462442483520134e-05,2.0237505668774248e-05,0.02785431349650024,0.02584694173801108,0.030376328397192984,0.0447958398428745,0.03479821676579446,0.057404824866074955,0.023082137270685053,0.020535428213345468,0.02608950816794236,481.1349609375,477.8817529296875,484.32777343749996,75.37354243997251,69.03314440410847,81.5942138901072,0.17668769837370937,907.1223667325382,0.3400203236007961,294.0798977350858
moscow,demand_shock,ergs_v3,20,31.514243675364746,27.59075425049945,35.32894682620018,139.51749999999998,119.697875,159.54772916666667,7.015464618091313,6.712857727512154,7.344613132851202,411.1776967302252,394.57925868336696,428.6298027062784,100.0,100.0,100.0,100.0,100.0,100.0,124.34250000000002,110.0923125,139.14024999999995,143.3,129.29875000000004,158.35124999999988,1523.15,1453.6,1593.1037499999995,2000.95,1993.75,2007.45,2.8250635396714356,2.6785995932565503,2.971279666594022,1815106.4997134723,1728481.1132802083,1903087.9776508294,680.3636665090129,644.0221389137646,717.3727363073882,588439.1713730199,560465.7508526045,616595.900030734,0.40243912840499857,0.3702517063835816,0.43473464691789543,22.121249999999996,19.05019791666667,25.330036458333325,0.0,0.0,0.0,0.0,0.0,0.0,31.55,25.0,38.6,0.0,0.0,0.0,17.0,14.1,19.9,1.2,0.8,1.7,2068.05,1944.9,2204.1,11704.55,11291.297499999999,12092.418749999997,0.0,0.0,0.0,0.0,0.0,0.0,49.949999999999996,49.565000000000005,50.335125,0.10000000000000002,0.10000000000000002,0.10000000000000002,0.13354166666666667,0.12229166666666666,0.145625,0.0,0.0,0.0,1.0,1.0,1.0,0.0013164375006454066,0.0012303147384227487,0.0014239484418067149,0.031918607250263395,0.026844548376029623,0.03708458011568288,0.08314940360421294,0.06609362959444104,0.10778028928062669,1.9587500719353557e-05,1.8017500406131148e-05,2.1450079875648948e-05,0.029081126253877286,0.024978197596428796,0.03470471541547883,0.04082872788404344,0.03181119585062692,0.0533705661647967,0.02298654502133205,0.01987349661910877,0.02695443255627166,482.584375,479.4876806640625,485.5509814453125,90.26225947999629,80.62697074124546,99.63311891273653,0.17668769837370937,907.1223667325382,0.3400203236007961,294.0798977350858
moscow,demand_shock,fixed,20,30.759866868824126,26.038856544913358,35.05501725017603,141.78916666666666,121.06725520833332,160.59992187499998,7.116057443834552,6.785375428921644,7.490624545507729,405.77333206505466,390.5407683254126,421.22453885172575,100.0,100.0,100.0,100.0,100.0,100.0,123.65500000000002,110.1625,135.92543749999996,147.65,134.35,159.8012499999999,1512.35,1448.85,1582.90125,2000.2,1993.8,2006.05,2.9553273463721266,2.8420189064644084,3.0655048497331068,1796754.2681763675,1707782.0110601564,1876961.4094479848,675.2803632297897,638.315342075603,708.5471246994015,582489.862083946,554221.8254332636,608905.4761731843,0.4183751688987261,0.37531781817365395,0.4679710306253678,22.166041666666665,18.480817708333337,25.82044270833333,0.0,0.0,0.0,0.0,0.0,0.0,32.35,25.998750000000022,38.25,0.0,0.0,0.0,17.5,14.9,20.2,1.1,0.7,1.55,2104.05,2002.1475,2211.3524999999995,11596.5,11270.8475,11937.5525,0.0,0.0,0.0,0.0,0.0,0.0,159.0,159.0,159.0,0.0,0.0,0.0,0.0,0.0,0.0,0.0,0.0,0.0,0.0,0.0,0.0,6.288749282248318e-05,5.9362500833231026e-05,6.627746945014223e-05,0.0001097494960413314,0.00010249810425011668,0.00011643804077903035,0.00015154364501358933,0.00013759134537831406,0.00016524523733678494,0.0,0.0,0.0,0.0,0.0,0.0,0.0,0.0,0.0,0.0002915051382701171,0.0002751476710774215,0.0003065228983230352,477.262109375,473.332421875,481.038740234375,75.36002269500167,70.34363033375062,79.77140675001196,0.18143836502392963,898.2873053576479,0.3376064209727976,291.2158094610269
moscow,demand_shock,idqn,20,29.134350963823362,25.0292153074249,32.82834584504355,129.16354166666667,111.71344270833333,145.07379687499994,7.46676825515747,7.18165522589614,7.816005134111688,400.9226219689768,387.27773689369525,414.1981090026248,100.0,100.0,100.0,100.0,100.0,100.0,106.56499999999998,95.19987499999998,117.582625,128.45,116.2,140.4,1545.95,1485.2,1612.15,2002.15,1996.4,2007.95,2.8589450458395484,2.7302611366072607,2.9758232445785953,1773788.8527537987,1698225.7651558102,1841409.057995848,662.9338460160964,631.3786197059386,691.1278289908024,575044.0906104032,550544.6774347663,596785.8055813448,0.35296339109842007,0.3198423928716209,0.39748659540394515,20.41854166666667,17.529739583333335,23.18521875,0.0,0.0,0.0,0.0,0.0,0.0,29.0,23.85,34.1,0.0,0.0,0.0,15.2,13.5,17.0,0.65,0.3,1.05,2112.5,1999.9975,2216.80125,11663.05,11286.941250000002,12080.5525,0.0,0.0,0.0,0.0,0.0,0.0,107.12,107.00499999999997,107.23499999999999,0.0,0.0,0.0,0.0,0.0,0.0,0.0,0.0,0.0,0.0,0.0,0.0,0.0013853925076546148,0.0013176718227623496,0.001446945757998037,0.002130248984904028,0.0019844827703273038,0.002282788327371235,0.002961273548018651,0.0026369364864207447,0.003269737367185004,0.0,0.0,0.0,0.0,0.0,0.0,0.0,0.0,0.0,0.0061347954271655505,0.005809021421953327,0.006418579900238103,477.9478515625,474.339248046875,481.40687988281246,70.21792475999682,65.36757327972795,74.68426219325382,0.18112757812064598,885.9420386853126,0.3311109787059393,287.21329101735796
moscow,demand_shock,illm_style_review,20,33.61192321665155,28.33952956221275,38.69651798373715,156.575625,128.60987500000002,184.27657291666665,6.8916398725079215,6.472918218872898,7.354447419262731,406.55848657708464,389.8365167945956,425.7749883871529,100.0,100.0,100.0,100.0,100.0,100.0,125.3575,108.39968750000001,141.970125,145.15,128.15,162.1,1462.1,1372.19875,1556.95,1997.05,1990.5,2003.5,2.908734907666641,2.7114665596455896,3.1110608641261894,1890661.5736226942,1766089.1946861506,2017238.1033658567,711.9158965124371,660.3632430140245,763.7717372037066,612933.9096694903,572248.5198061885,654528.1003342299,0.4315307331777077,0.38822486548096974,0.48185302062677243,21.728333333333335,17.93810416666666,25.63357291666666,0.0,0.0,0.0,0.0,0.0,0.0,39.05,29.95,48.45,0.0,0.0,0.0,17.5,14.1,20.9,0.85,0.5,1.2,2135.0,1976.6,2306.40125,11559.75,11194.797499999999,11952.758749999999,0.0,0.0,0.0,0.0,0.0,0.0,49.415000000000006,49.004999999999995,49.85,0.10000000000000002,0.10000000000000002,0.10000000000000002,0.12270833333333335,0.11416666666666668,0.13104166666666667,0.012270833333333335,0.011416666666666667,0.013083333333333336,0.9877291666666667,0.9868958333333333,0.9885833333333333,0.0012413174990797415,0.0011880797510093544,0.0012925701954372925,0.0020600269874557855,0.001967944196032476,0.0021515694405825343,0.0025775392468785846,0.0023651168666372524,0.002794500348430298,1.2962502660229802e-05,1.2492493260651827e-05,1.3472503705997952e-05,4.347449867054818e-05,4.125545180431798e-05,4.5707254495937346e-05,6.152662227395916e-05,5.8295768065727254e-05,6.473203397763421e-05,0.005751655543515679,0.005516614602559356,0.005974110412832386,480.4162109375,477.1499560546875,483.564951171875,73.67844541999511,68.20478331711142,78.76957405499735,0.18469257553147775,946.727209445279,0.3564837618048808,306.91966133521464
moscow,demand_shock,lightgpt_direct,20,26.725434710778835,22.164841767911117,31.021345980312972,123.09541666666667,102.85910416666667,144.19506249999992,7.595376082051436,7.254544774182306,7.987874780346814,397.0795296601249,383.32164001006674,410.9129256558823,100.0,100.0,100.0,100.0,100.0,100.0,103.01499999999999,88.79737499999999,117.20499999999997,123.45,109.05,137.8,1568.1,1490.24875,1645.90125,2005.75,1999.5,2011.7,2.8497460639797785,2.7160202693268305,2.982913939702448,1751172.4247380353,1662047.7207999113,1838972.7319772795,653.2946484199209,616.32850627523,690.2123439524886,567711.8820181792,539425.6987958896,596614.862738406,0.3969455379641714,0.35514557391578044,0.44603937793599485,17.83291666666667,14.970625000000004,20.63815624999999,0.0,0.0,0.0,0.0,0.0,0.0,28.9,22.348750000000024,35.6,0.0,0.0,0.0,17.3,14.5,20.3,0.7,0.4,1.05,2152.25,2038.8474999999999,2271.15,11776.75,11378.84375,12164.3025,0.0,0.0,0.0,0.0,0.0,0.0,110.40000000000002,110.40000000000002,110.40000000000002,1.0,1.0,1.0,0.8898333333333334,0.8842083333333335,0.8951666666666667,0.3984583333333333,0.39483333333333337,0.4021875,0.51,0.51,0.51,0.00270515251904726,0.0025145313978282503,0.0029059740286174925,0.004331763999653047,0.0038337687268285643,0.004847442633232274,0.005554286354687061,0.004895909841298997,0.006170559578554819,1.4114988152869045e-05,1.3424982898868621e-05,1.4849990911898203e-05,2.7098519494757037e-05,2.4959501053672266e-05,2.929376858810427e-05,3.733469336293627e-05,3.416685408010364e-05,4.035477726865782e-05,0.012379268781142956,0.011453667969255347,0.013332991643142222,478.7359375,475.42691894531254,481.9607666015625,75.50896311500692,68.3281433357879,82.6363826930191,0.1827541554333751,873.0761185282489,0.32571090535705893,283.042194699329
moscow,demand_shock,llm_no_semantic,20,31.514243675364746,27.696682488975977,35.291569578873364,139.51749999999998,119.44620312500004,160.07477604166664,7.015464618091313,6.7164376043946366,7.34152392436739,411.1776967302252,394.36667354668845,428.4721934485745,100.0,100.0,100.0,100.0,100.0,100.0,124.34250000000002,110.162375,139.31531249999998,143.3,129.3,158.1,1523.15,1452.85,1593.8012499999998,2000.95,1993.65,2007.4,2.8250635396714356,2.67775650750705,2.9748270040103826,1815106.4997134723,1728237.1393646023,1903885.7185678214,680.3636665090129,644.5005420669322,716.675108521623,588439.1713730199,560243.5153112131,617036.9847796975,0.40243912840499857,0.3708900333356837,0.4348866358706675,22.121249999999996,19.046234375,25.298765624999994,0.0,0.0,0.0,0.0,0.0,0.0,31.55,25.05,38.55,0.0,0.0,0.0,17.0,14.2,19.9,1.2,0.8,1.7,2068.05,1945.75,2205.7524999999996,11704.55,11280.2475,12090.006249999999,0.0,0.0,0.0,0.0,0.0,0.0,49.949999999999996,49.574999999999996,50.339999999999996,0.10000000000000002,0.10000000000000002,0.10000000000000002,0.0,0.0,0.0,0.0,0.0,0.0,1.0,1.0,1.0,0.0013821074971929193,0.0012692549426719778,0.0015049152961728396,0.002329948739206884,0.002123993039196648,0.0025563230048137476,0.002987344248336737,0.002706259018310809,0.003273414241097632,1.9262501155026257e-05,1.818000448110979e-05,2.040999832388479e-05,0.00018035251443507144,0.00016711221102741543,0.00019395014969632025,0.00024204054567962874,0.0002169905211616422,0.000269706527785456,0.0064286945467594905,0.005943473996474495,0.006960239094885158,479.9435546875,476.798974609375,483.092626953125,75.81900914001162,68.37815594301108,82.79256090614363,0.17668769837370937,907.1223667325382,0.3400203236007961,294.0798977350858
moscow,demand_shock,max_pressure,20,29.81826180530523,25.37994428713658,33.9834152406096,135.93604166666665,112.98159375000002,158.53182291666664,7.278874522433057,6.9134008338746735,7.707183116892267,399.8129690748453,382.1625811805669,415.9628011463896,99.895,99.68499999999997,100.0,100.0,100.0,100.0,120.875,104.62249999999999,136.5251875,141.9,126.0,157.35,1525.1,1444.24875,1607.45,2002.5,1995.8,2008.75,2.762045217534723,2.578930082535336,2.9324744268613663,1802021.5371045694,1699266.1975857252,1900390.260403872,674.692529456325,632.5057623719472,715.60834239952,584197.038050426,550956.9431793266,616174.17309505,0.4011482359354955,0.3599850682620806,0.45467795462967225,21.934374999999996,18.519375,25.33004687499999,0.0,0.0,0.0,0.0,0.0,0.0,31.1,22.9,40.2,0.0,0.0,0.0,16.6,13.9,19.5,0.95,0.5,1.5,2042.85,1898.2,2176.65,11692.35,11254.74625,12108.1075,0.0,0.0,0.0,0.0,0.0,0.0,52.089999999999996,51.654999999999994,52.575,0.0,0.0,0.0,0.0,0.0,0.0,0.0,0.0,0.0,0.0,0.0,0.0,6.757500232197344e-05,6.43499979923945e-05,7.0390085602412e-05,0.00011005349457263942,0.0001015963981699315,0.00011902133631519971,0.00014908370666671532,0.00013365004911174752,0.00016431949223042445,0.0,0.0,0.0,0.0,0.0,0.0,0.0,0.0,0.0,0.0003134049017050226,0.000294825534205908,0.00033188379405429356,477.5076171875,473.656220703125,481.148642578125,72.75373314000316,68.32767603763249,76.70155742201487,0.17471680201157166,899.8859111633305,0.3369251083427341,291.7338517105748
moscow,demand_shock,ppo_ensemble,20,31.514243675364746,27.58942475243417,35.349600319490754,139.51749999999998,119.499671875,159.6984270833333,7.015464618091313,6.713698510879354,7.343000135010624,411.1776967302252,394.2564175019473,428.2903135192956,100.0,100.0,100.0,100.0,100.0,100.0,124.34250000000002,110.13993750000002,139.16256249999998,143.3,129.15,157.9,1523.15,1454.0987499999999,1592.4512499999998,2000.95,1993.75,2007.45,2.8250635396714356,2.678147333265685,2.976286639850624,1815106.4997134723,1727697.037996208,1903051.924074038,680.3636665090129,644.7096397963786,717.1310958643627,588439.1713730199,560009.3881564367,616912.4538533395,0.40243912840499857,0.3699966808439215,0.43466066157131006,22.121249999999996,19.083734375000002,25.311520833333326,0.0,0.0,0.0,0.0,0.0,0.0,31.55,25.05,38.5,0.0,0.0,0.0,17.0,14.1,19.9,1.2,0.8,1.7,2068.05,1945.0974999999999,2205.8537499999998,11704.55,11298.045,12086.3025,0.0,0.0,0.0,0.0,0.0,0.0,49.949999999999996,49.57000000000001,50.34,0.0,0.0,0.0,0.0,0.0,0.0,0.0,0.0,0.0,0.0,0.0,0.0,0.0011378125054761767,0.0010696722631109879,0.00121528031413618,0.001878683754475787,0.0017646957663164358,0.0020096692184088166,0.002429775641881858,0.0021821936888809417,0.00268564199026441,0.0,0.0,0.0,0.0,0.0,0.0,0.0,0.0,0.0,0.005316160507694196,0.005042635922002267,0.005624352480164614,478.2693359375,474.85875488281255,481.6421875,71.9113248249807,65.99134509786076,77.40584354561258,0.17668769837370937,907.1223667325382,0.3400203236007961,294.0798977350858
moscow,demand_shock,ppo_event_rule,20,32.31290976815037,28.06628949800898,36.12553777602723,144.99416666666667,123.50334895833335,165.80690625,6.9732513863626595,6.63629108846873,7.3860203021092525,410.9178239392527,392.54753282997825,429.6206730519099,99.65,98.95,100.0,100.0,100.0,100.0,124.98999999999998,109.24737499999999,140.4326875,141.1,125.75,156.0,1503.2,1428.3,1580.1,1999.45,1992.05,2006.3512499999997,2.8473985248975304,2.683225714093914,3.010947384802311,1839771.910368766,1746444.1138394175,1935046.8784441517,690.5932852511322,652.0773704859214,729.2173779760813,596435.6026047975,565820.0805921595,626686.1402813667,0.4085011843073441,0.3640710523608862,0.46235828267135864,22.747083333333332,19.209921875000003,26.269432291666664,0.0,0.0,0.0,0.0,0.0,0.0,34.4,26.75,42.25,0.0,0.0,0.0,17.7,14.8,20.7,1.15,0.75,1.6,2079.95,1935.4,2229.2024999999994,11648.25,11243.1475,12035.6,0.0,0.0,0.0,0.0,0.0,0.0,50.015,49.525000000000006,50.515,0.0,0.0,0.0,0.0021036585365853664,0.001585365853658537,0.0026219512195121953,0.0014375,0.0010833333333333335,0.0017916666666666665,0.0,0.0,0.0,0.0014969224983360618,0.0013560691731981933,0.001651385569712147,0.0024932340084342286,0.0022295243082553493,0.0027791151512865315,0.0031380565031431593,0.0027808641154784693,0.0034929730942851143,0.0,0.0,0.0,0.0,0.0,0.0,0.0,0.0,0.0,0.006834727697423659,0.00620931749604117,0.007522487943564354,479.2548828125,475.983359375,482.46353515625,78.98770403000526,70.04294994125405,87.64453448487474,0.17856330350052582,920.1389934075701,0.3453916253225298,298.29983375668183
moscow,emergency_vehicle,ergs_no_calibration,20,11.850003229366669,9.480018040320852,14.407428726589366,32.23833333333333,28.311010416666672,36.77099479166665,9.864305033313727,9.5425026255064,10.155320479375948,318.05155853922173,304.98644813533036,333.26591222728337,98.6,97.2,99.75,100.0,100.0,100.0,48.42749999999999,43.79249999999998,52.817499999999995,61.6,57.25,65.8,1456.4,1446.0,1466.35,1603.4,1603.1,1603.7,1.6057745404610124,1.5287032963236564,1.697327775086838,1039492.5217696928,1011243.9338923468,1073037.0341767492,387.2811435982469,376.2837725155363,399.96842203287173,336978.9604986717,327843.90740782657,347787.179612506,0.6409108303166728,0.5621004956773119,0.7154321026373064,8.450208333333332,6.324161458333333,10.820843749999998,280.5,186.75,389.25,286.51666666666665,249.3621875,327.07104166666664,8.2,5.5,11.2,0.0,0.0,0.0,9.9,8.5,11.2,0.7,0.4,1.05,699.55,634.7987499999999,773.7037499999997,7606.25,7447.09875,7812.25375,0.0,0.0,0.0,0.0,0.0,0.0,47.4,46.985,47.894999999999996,0.0249375,0.023666666666666666,0.026270833333333334,0.09257085061763483,0.07473713562946074,0.11003853089997499,0.0010416666666666669,0.0007083333333333334,0.0013958333333333331,0.9989583333333336,0.998625,0.9992916666666666,0.001342759991530329,0.0012738131808146137,0.0014278933629248056,0.0024321935087209556,0.0022394748345832337,0.0026491966850371662,0.021292554146144445,0.01666214207349681,0.025483973889751193,3.2057493808679285e-05,2.9989930262672717e-05,3.439499123487621e-05,0.016704554006282686,0.011855882852905755,0.02134363767355533,0.03449534616147866,0.028963859067831065,0.04169086962101865,0.00851097722398764,0.007864189679689337,0.009214966793408571,476.02109375,474.102333984375,477.9107470703125,63.317319609981496,60.551238892619146,66.17206046585532,0.09197041906327033,648.3051776036502,0.24153744767260005,210.16524915721075
moscow,emergency_vehicle,ergs_no_hysteresis,20,11.789199860458538,9.457379728720582,14.375800005000192,32.16208333333333,28.21830729166667,36.658765624999994,9.872151588605146,9.553664217519458,10.165547799576887,318.2727239842057,305.4320352601376,333.85063555754994,98.6,97.3,99.7,100.0,100.0,100.0,48.12999999999998,43.392499999999984,52.68249999999999,62.25,58.45,66.15,1457.95,1447.75,1467.45,1603.35,1603.0,1603.65,1.6035354280059977,1.5288791354006466,1.6958646279931664,1039683.0367481789,1011836.1815289322,1072802.552959256,387.33151042175473,376.76156749754233,399.978618980433,337040.7929073111,328099.1493286657,347536.79101634363,0.6479647517484229,0.5663367985738297,0.7259413119578565,8.369375,6.1233125,10.733255208333322,259.5,163.5,371.25,282.16666666666663,246.5125,321.1791666666667,7.9,5.3,10.9,0.0,0.0,0.0,10.9,9.2,12.7,0.65,0.35,1.0,698.25,634.7987499999999,772.55,7621.35,7470.2475,7824.55,0.0,0.0,0.0,0.0,0.0,0.0,47.339999999999996,46.895,47.845,0.024833333333333336,0.02360416666666667,0.026083333333333337,0.09223936907753925,0.07429922795996005,0.109568862541169,0.0009375,0.0006458333333333332,0.00125,0.9990625000000002,0.99875,0.9993541666666668,0.0014148574962746352,0.0013035996214603074,0.0015450839416735107,0.0024474844991345876,0.0022433030886895703,0.002684290662822604,0.0213681425442336,0.01670672131471356,0.025914417085498184,3.290250315330922e-05,3.018749695911538e-05,3.583263576729222e-05,0.01614549500052815,0.010696205997919586,0.02147069226370509,0.03429582589433994,0.02873161613871197,0.04054185137187161,0.008869628807111033,0.008060798928034879,0.009839463606691624,476.81171875,474.7861181640625,478.7246728515625,66.35578471498448,62.636727389341836,70.41295973362415,0.09161762679840185,648.4442178864122,0.24157639343983206,210.21036760988625
moscow,emergency_vehicle,ergs_no_shield,20,11.789199860458538,9.441386058279768,14.368742133736044,32.16208333333333,28.24061979166667,36.76541666666666,9.872151588605146,9.549835307928374,10.162922437887064,318.2727239842057,305.34629602932483,333.6317666051373,98.6,97.25,99.7,100.0,100.0,100.0,48.12999999999998,43.33743749999998,52.772499999999994,62.25,58.5,66.15124999999989,1457.95,1447.8,1467.55,1603.35,1603.0,1603.65,1.6035354280059977,1.5277182275064398,1.6927031607891574,1039683.0367481789,1012447.9800297869,1072343.3755151774,387.33151042175473,376.7020193293143,400.1695857313623,337040.7929073111,328011.01892621705,347595.49237916654,0.6479647517484229,0.5664839852212722,0.7260851279446897,8.369375,6.173739583333334,10.7660625,259.5,164.25,369.01874999999836,282.16666666666663,246.67437500000003,321.2590624999999,7.9,5.3,10.95,0.0,0.0,0.0,10.9,9.2,12.7,0.65,0.35,1.0,698.25,634.9975000000001,771.7512499999999,7621.35,7470.898749999999,7824.605,0.0,0.0,0.0,0.0,0.0,0.0,47.339999999999996,46.894999999999996,47.845,0.024833333333333336,0.02364583333333333,0.026062500000000006,0.09223936907753925,0.07448594582479759,0.10949927164388377,0.0009375,0.0006458333333333332,0.00125,0.9990625000000002,0.9987499999999999,0.9993541666666668,0.0014084475085837766,0.0012993919396103591,0.00153993338914006,0.002391456503537483,0.0021942906026524715,0.00262170969525323,0.020694454350799682,0.016116211557584678,0.024975802265257377,3.306501603219658e-05,3.030002691957634e-05,3.621500232839025e-05,0.01539763549109919,0.010257087837169797,0.020478849063612855,0.03528325386333745,0.030306620212746202,0.04087126786418666,0.008844806663020992,0.008116828351761595,0.009680803120032982,476.4810546875,474.5095703125,478.421484375,65.52613400501431,62.277704274515855,68.99017529376782,0.09161762679840185,648.4442178864122,0.24157639343983206,210.21036760988625
moscow,emergency_vehicle,ergs_no_uncertainty,20,12.513244267109078,9.910230213590662,15.437384822344209,33.91104166666666,28.91080208333333,39.94813020833334,9.772831685870946,9.388796057119706,10.108596579022104,324.5835867566978,307.77936797332603,345.43549784642306,98.65,97.3,99.75,100.0,100.0,100.0,49.72999999999998,44.77999999999999,54.67749999999999,63.2,59.35,67.45,1456.85,1447.5,1465.9,1603.25,1602.85,1603.6,1.6336395658986533,1.5359706090679388,1.7602174742143288,1051199.0913363935,1016859.6724307302,1093189.5666153012,391.8583593606548,378.36835870286154,408.3248267817878,340773.9896651107,329578.75886084343,354523.25744658016,0.6292025130280661,0.5493133611059539,0.7069362728714741,8.979375000000001,6.679578125,11.537994791666659,303.75,183.0,449.25,291.62916666666666,247.96645833333332,344.1724999999998,8.45,5.8,11.45,0.0,0.0,0.0,10.7,9.1,12.5,0.8,0.4,1.2,719.55,642.7475000000001,816.45,7688.55,7505.898749999999,7953.008749999999,0.0,0.0,0.0,0.0,0.0,0.0,47.3,46.849875,47.82,0.02508333333333333,0.023791666666666666,0.026499999999999996,0.08646266488915819,0.06834037795817015,0.1043574261044474,0.0011875,0.0008750000000000001,0.0015,0.9988125000000002,0.9984999999999999,0.9991041666666669,0.0013732424937188624,0.0013012264415010577,0.0014705689306720158,0.0024007540103048075,0.0022319151916162802,0.002610721089738943,0.02079379703965963,0.015743210432426682,0.025447178158546684,3.149500989820808e-05,2.935000811703503e-05,3.427500218094793e-05,0.01630916674446779,0.01071299509360687,0.021638134196080464,0.03477330089214956,0.02813448315725255,0.04258520225259123,0.00876228591157188,0.007945610640462392,0.009694831180269828,476.2078125,474.2562451171875,478.1062744140625,66.59478738001198,64.39426251425088,69.00945052514638,0.09358721735567825,655.6676072580032,0.244415006618216,212.5519972961863
moscow,emergency_vehicle,ergs_v3,20,11.789199860458538,9.429540469797121,14.359029310108555,32.16208333333333,28.179546875,36.69548437499999,9.872151588605146,9.549883560962169,10.168406239718973,318.2727239842057,305.2810947372751,333.6994509688584,98.6,97.25,99.7,100.0,100.0,100.0,48.12999999999998,43.416999999999994,52.772562499999985,62.25,58.5,66.1,1457.95,1447.85,1467.5012499999998,1603.35,1602.95,1603.65,1.6035354280059977,1.5284883950865626,1.6955184858588055,1039683.0367481789,1012688.358341486,1072173.0273466161,387.33151042175473,376.70757655958334,399.8985886822738,337040.7929073111,327998.7194032893,347655.7631419402,0.6479647517484229,0.5666749523576345,0.7260188333021425,8.369375,6.166817708333334,10.779171875,259.5,165.75,369.75,282.16666666666663,246.59135416666663,319.9001041666666,7.9,5.35,10.9,0.0,0.0,0.0,10.9,9.2,12.7,0.65,0.35,1.0,698.25,635.0975000000001,773.3012499999999,7621.35,7471.9,7821.05125,0.0,0.0,0.0,0.0,0.0,0.0,47.339999999999996,46.894999999999996,47.870124999999994,0.024833333333333336,0.023625,0.0260625,0.09223936907753925,0.07450250544062906,0.10966640833851961,0.0009375,0.0006458333333333332,0.00125,0.9990625000000002,0.9987499999999999,0.9993541666666668,0.0013665174978086726,0.001297627238818677,0.001448116252067848,0.002466758498339913,0.002317426272165903,0.0026452466483824527,0.021007475596212223,0.01649452800355636,0.025174843816833044,3.165501111652702e-05,3.0202517300494947e-05,3.353000516653992e-05,0.015637373487988934,0.010411345573782442,0.020755427837073487,0.033817778094904515,0.029407844901118384,0.03838909441134896,0.008622113591102081,0.008110397419993712,0.009159275404961793,477.27109375,475.4056640625,479.0361376953125,73.59492256499361,70.00267988711843,77.56429866501304,0.09161762679840185,648.4442178864122,0.24157639343983206,210.21036760988625
moscow,emergency_vehicle,fixed,20,7.735642163799812,5.807528828558928,10.152244866030042,26.616875000000004,24.033260416666668,29.922515624999996,10.309097979525458,10.03983827170009,10.534241556485895,294.1722780910378,286.6399569576072,303.3434401004707,82.79749999999997,77.31993749999998,88.55012499999998,99.2,97.65,100.0,47.49499999999998,43.75499999999998,51.88506249999998,66.35,61.05,71.5,1462.6,1452.5,1471.3,1603.65,1603.4,1603.9,1.7020971952460635,1.6609966737824713,1.7498044849978678,973958.9187586304,958872.2035918237,992402.863188291,363.06692447462797,356.9803918355843,370.1662170180455,315734.4784053193,310866.47675957275,321664.2054239333,0.6491092750635651,0.586578188665549,0.7022445929677005,6.876666666666667,5.01603125,9.374666666666657,303.0,236.25,379.5,291.3125,262.1125,320.8125,4.35,2.55,6.4,0.0,0.0,0.0,12.0,10.4,13.8,1.05,0.75,1.35,673.45,634.5,719.1,7396.7,7297.6,7497.9,0.0,0.0,0.0,0.0,0.0,0.0,159.0,159.0,159.0,0.0,0.0,0.0,0.0,0.0,0.0,0.0,0.0,0.0,0.0,0.0,0.0,6.330250180326402e-05,6.13375214743428e-05,6.533750041853636e-05,0.00011339049466187129,0.00010813574962958222,0.00011881777404050797,0.00016017815482337013,0.0001512171739697804,0.0001691739784684612,0.0,0.0,0.0,0.0,0.0,0.0,0.0,0.0,0.0,0.0002952561825400658,0.000287106475831024,0.00030367478701029746,474.0916015625,471.26228515624996,476.6603564453125,60.821828939998525,59.220678550883754,62.41692662549918,0.09104735895737288,607.3388325124749,0.22640035199365696,196.88490531307912
moscow,emergency_vehicle,idqn,20,6.211681607164595,4.7854976331794274,7.6580211846282085,19.884166666666665,18.029145833333335,21.731265625000002,10.97288808977043,10.797118935154964,11.153667114927352,282.73019627491027,277.38835472513307,288.125478059895,84.62749999999998,76.785,92.11999999999998,99.1,97.3,100.0,37.179999999999986,32.47237499999999,41.74499999999998,51.15,46.45,55.65,1464.25,1451.5,1476.2512499999998,1603.4,1602.9,1603.8,1.5026065563460285,1.4644519395891635,1.5407142198553176,963713.5570925374,950991.7565594009,976399.2723027855,357.858941262115,352.62494739556666,362.96273202669556,312412.0090983131,308287.98293876264,316520.2352819669,0.6035354196638916,0.5340343009251375,0.672177954854075,5.509166666666665,4.218713541666666,6.867755208333329,161.25,114.75,216.0,262.075,236.35,289.925,3.9,2.7,5.15,0.0,0.0,0.0,10.0,8.3,11.9,0.65,0.3,1.1,578.3,549.9,606.6512499999999,7102.0,7008.15,7201.5,0.0,0.0,0.0,0.0,0.0,0.0,107.225,107.125,107.335,0.0,0.0,0.0,0.0,0.0,0.0,0.0,0.0,0.0,0.0,0.0,0.0,0.0014538050018018112,0.0014024998847162351,0.0015171201912744436,0.0022384455229621375,0.002089257656771224,0.002426384603641053,0.0031169001190573882,0.002841233594231014,0.003386098380938343,0.0,0.0,0.0,0.0,0.0,0.0,0.0,0.0,0.0,0.006394970922249032,0.0061440795537119905,0.006703014321833404,474.8470703125,472.42849121093747,477.0748095703125,59.53186326000141,56.98137004250005,62.44183557711905,0.08142776682624613,601.0437552030294,0.22318756471380505,194.84346332687608
moscow,emergency_vehicle,illm_style_review,20,11.91636723918413,9.553975937218533,14.434693294991835,32.336041666666674,28.389541666666666,36.93438020833334,9.860029771830137,9.539462970581866,10.151523251965815,316.5748921319264,303.6076456071579,331.97644484627915,97.73749999999998,95.99493749999999,99.24249999999999,100.0,100.0,100.0,48.67249999999999,42.864999999999995,54.07506249999998,60.05,53.75,65.9,1450.6,1436.7,1463.1,1603.25,1602.85,1603.6,1.6040594408425803,1.528437504194243,1.698048537857592,1039293.0039764481,1011423.2033644156,1072296.428702375,387.5387741137837,376.8297683647934,400.521138587728,336913.6760430472,327864.7276341487,347577.75320663274,0.609007500569475,0.540283828364323,0.6772711803912622,8.788958333333332,6.756458333333335,10.907713541666668,307.5,219.75,404.25,303.7875,267.2740625,342.5515624999999,7.75,5.2,10.75,0.0,0.0,0.0,10.1,8.8,11.4,0.35,0.1,0.6,707.75,645.3,782.0512499999999,7607.4,7439.94875,7817.45,0.0,0.0,0.0,0.0,0.0,0.0,47.135000000000005,46.730000000000004,47.605000000000004,0.025958333333333333,0.02475,0.027270833333333334,0.0,0.0,0.0,0.0,0.0,0.0,1.0,1.0,1.0,0.0013971974985906854,0.0012794211287837243,0.0015399653751956065,0.0022709935079910787,0.002079382632888155,0.0024974685896013388,0.0028505986413219922,0.0025788753412838545,0.0031453598114181635,2.9429999995045363e-05,2.6942439217236827e-05,3.227249260817188e-05,0.00018232675502076733,0.0001573655820830026,0.00020805126951745464,0.0002525086649111471,0.00022391470270667917,0.0002848322321049636,0.00644432036632174,0.0059351167911398895,0.007072056902451853,475.8810546875,473.98959960937503,477.714853515625,64.62990914499969,60.4876468081247,69.0772554890094,0.09303441386018876,648.2413871675959,0.24172073857089268,210.144192136627
moscow,emergency_vehicle,lightgpt_direct,20,5.5438454467486435,4.509812752500867,6.668679385373547,19.308125,17.927083333333336,20.721473958333334,10.98746770068902,10.843546315768778,11.123894307083253,284.4494098780618,279.4962618496366,289.5939485920004,83.07749999999999,76.17731249999999,89.80537499999994,99.6,98.8,100.0,36.12249999999999,32.93249999999999,39.17249999999999,49.9,46.65,52.65,1473.75,1466.69875,1480.25,1603.85,1603.7,1604.0,1.5170690903745006,1.4812355209333183,1.5543228397736164,962241.1660791052,950998.3533277988,973745.9076738973,356.746590304072,352.21220120306486,361.273716124381,311935.13736948435,308249.38293996593,315667.0888471167,0.6438227145909774,0.5789034500369173,0.705771197223041,4.748749999999999,3.6843645833333336,5.901697916666664,231.0,169.5,305.25,274.825,246.75,303.8378124999999,4.25,3.0,5.6,0.0,0.0,0.0,12.2,10.3,14.1,0.4,0.1,0.75,593.3,566.7,620.7,7150.9,7056.85,7252.0525,0.0,0.0,0.0,0.0,0.0,0.0,110.40000000000002,110.40000000000002,110.40000000000002,1.0,1.0,1.0,0.9256249999999999,0.9232708333333333,0.9279999999999999,0.42225,0.42012499999999997,0.42437499999999995,0.51,0.51,0.51,0.0026258775062160565,0.0025778320159588475,0.0026845330698415633,0.004084517997980582,0.0037669413417170286,0.004422097970367759,0.005518691058154214,0.0052793286477171904,0.005777285539355939,1.4040010864846408e-05,1.3870012480765581e-05,1.4270018582465127e-05,2.6659521099645622e-05,2.572424764366585e-05,2.7759540527767947e-05,3.9043606200721035e-05,3.7772983334434614e-05,4.0338949921715444e-05,0.012037801474758048,0.011788958194814566,0.012329131920653607,475.3755859375,473.2503271484375,477.377548828125,59.23918029500637,57.74728899625057,60.62048342938739,0.08296857738186801,599.9570820707081,0.22243139339967705,194.49146576642727
moscow,emergency_vehicle,llm_no_semantic,20,11.91636723918413,9.609262168743204,14.485607845861479,32.336041666666674,28.371651041666663,36.88988541666666,9.860029771830137,9.544657441418341,10.150777835344757,316.5748921319264,303.84930639923994,331.8392055903406,97.73749999999998,95.99499999999999,99.24249999999999,100.0,100.0,100.0,48.67249999999999,42.92493749999999,54.01506249999999,60.05,53.65,65.85,1450.6,1436.7,1463.25,1603.25,1602.85,1603.6,1.6040594408425803,1.5285246676539082,1.6973203483228303,1039293.0039764481,1011147.0318153101,1072456.2655469177,387.5387741137837,376.709173573894,400.21892097180677,336913.6760430472,327783.0847260228,347532.9353876501,0.609007500569475,0.540470779871019,0.6778562821838111,8.788958333333332,6.7689531249999995,10.903557291666665,307.5,220.5,405.75,303.7875,266.9,342.125,7.75,5.15,10.75,0.0,0.0,0.0,10.1,8.8,11.4,0.35,0.1,0.65,707.75,644.8,782.35,7607.4,7438.65,7818.404999999999,0.0,0.0,0.0,0.0,0.0,0.0,47.135000000000005,46.730000000000004,47.61,0.025958333333333333,0.02475,0.027312499999999997,0.0,0.0,0.0,0.0,0.0,0.0,1.0,1.0,1.0,0.0014080824912525713,0.001294269244899624,0.001547484797047218,0.0022815462437574745,0.002099784319871105,0.002502585673631982,0.0028949352037743632,0.002647519524936795,0.0031586502837380936,2.594750840216875e-05,2.381000369496178e-05,2.8455016145017e-05,0.00018019825976807617,0.00015243371204996933,0.00020818528159725238,0.00029143375391140554,0.00024662838980875665,0.0003466137180046641,0.006495613038383048,0.006000827974008644,0.0070971214801405355,475.7361328125,473.79876953125,477.5599658203125,64.52507664998411,60.13283458335936,69.39993847236357,0.09303441386018876,648.2413871675959,0.24172073857089268,210.144192136627
moscow,emergency_vehicle,max_pressure,20,9.621363934023213,7.686954239734728,11.716432281967617,27.432499999999997,24.793312499999995,30.335468749999997,10.25710139914504,10.040472361116363,10.469275217365732,301.86219271530854,295.27877496940283,308.49114161899877,97.85,95.95,99.45,100.0,100.0,100.0,44.97999999999998,40.187499999999986,49.97249999999999,58.3,52.65,63.65,1455.9,1439.95,1469.3,1603.15,1602.65,1603.55,1.5401350665630882,1.4993153616745236,1.5794401324813974,1007433.3994992019,992155.0596171351,1022880.1431685577,375.2873281966025,369.2788373877937,381.2250670249341,326585.19216552353,321580.28244453034,331667.21192418697,0.6613543154733506,0.5885727921001754,0.7298755038472182,7.053333333333333,5.354578124999999,8.956255208333333,238.5,188.25,295.5,278.5125,254.349375,305.87531249999995,5.45,3.75,7.25,0.0,0.0,0.0,9.2,7.5,10.9,0.6,0.3,0.95,648.4,614.8,682.55,7472.25,7376.75,7570.601250000001,0.0,0.0,0.0,0.0,0.0,0.0,50.91,50.58,51.225,0.0,0.0,0.0,0.0,0.0,0.0,0.0,0.0,0.0,0.0,0.0,0.0,7.026501698419452e-05,6.812002095102799e-05,7.255501121107955e-05,0.00012197974749142299,0.0001134367124031996,0.0001309297135449014,0.00016902605077484604,0.0001544599854547413,0.00018276804821944077,0.0,0.0,0.0,0.0,0.0,0.0,0.0,0.0,0.0,0.0003248855272088096,0.00031408704028096205,0.0003361076962575882,474.378125,471.6585888671875,476.8332470703125,60.70782537499908,58.98856467914185,62.47960239949665,0.08677439860818362,628.408695068585,0.23409370813498584,203.71468182361198
moscow,emergency_vehicle,ppo_ensemble,20,11.91636723918413,9.5546147979099,14.442272998471246,32.336041666666674,28.370000000000005,36.86069270833333,9.860029771830137,9.544526138786976,10.153266060936165,316.5748921319264,303.91191666409156,331.67707765836343,97.73749999999998,95.945,99.2,100.0,100.0,100.0,48.67249999999999,42.92487499999999,54.11999999999999,60.05,53.8,65.85,1450.6,1436.94875,1463.15,1603.25,1602.85,1603.6,1.6040594408425803,1.528600640348578,1.696272837227058,1039293.0039764481,1011353.8996276518,1071949.2811354687,387.5387741137837,376.7279402962816,400.1379078384017,336913.6760430472,327761.4248806331,347732.0538552083,0.609007500569475,0.5391641683321513,0.6788420993190121,8.788958333333332,6.717911458333332,10.97584375,307.5,218.25,406.5,303.7875,267.725,342.4509374999999,7.75,5.2,10.75,0.0,0.0,0.0,10.1,8.8,11.4,0.35,0.1,0.6,707.75,645.75,782.6012499999999,7607.4,7439.398749999999,7821.1025,0.0,0.0,0.0,0.0,0.0,0.0,47.135000000000005,46.730000000000004,47.605000000000004,0.0,0.0,0.0,0.0,0.0,0.0,0.0,0.0,0.0,0.0,0.0,0.0,0.0012380875123199075,0.0011582673819066258,0.0013291189529991243,0.0020547835205798034,0.001912559434917057,0.002227350222114182,0.0025545655494788643,0.002336264524764554,0.0027974778111412866,0.0,0.0,0.0,0.0,0.0,0.0,0.0,0.0,0.0,0.005719961182476254,0.005396373840863412,0.006107539950424931,475.178125,472.9261474609375,477.257431640625,65.31857142000226,62.884633760133006,68.11351484225597,0.09303441386018876,648.2413871675959,0.24172073857089268,210.144192136627
moscow,emergency_vehicle,ppo_event_rule,20,11.566063757356428,9.66374601039327,13.666381876800681,31.527291666666667,28.318677083333334,35.21836458333333,9.901623873786221,9.644786039570546,10.139734597036247,316.16872673758456,306.8411031565176,327.8256445304309,98.98499999999999,97.65,99.9425,100.0,100.0,100.0,48.23249999999999,43.77499999999999,52.540812499999916,58.95,54.49875000000002,63.15,1460.25,1451.55,1468.2,1603.25,1602.8,1603.65,1.5917190895907458,1.5358124159529492,1.6562437015960627,1037174.9409743814,1015254.0983751164,1062731.395502101,386.5116778398068,377.9578412208102,396.7100188343103,336227.3717864478,329150.7889745697,344575.4056705378,0.620522452729007,0.5461317998672438,0.6956195378978807,8.606874999999999,6.657494791666665,10.663583333333328,239.25,153.0,337.5,274.4583333333333,241.86645833333333,309.8709374999999,7.9,5.5,10.8,0.0,0.0,0.0,9.3,7.6,10.9,1.0,0.5,1.55,693.15,649.2,741.5524999999998,7631.85,7519.84875,7754.55,0.0,0.0,0.0,0.0,0.0,0.0,47.285000000000004,46.855,47.79,0.0,0.0,0.0,0.12302796295450488,0.09655841943386294,0.15430161654803015,0.0017708333333333337,0.0014166666666666663,0.002125,0.0,0.0,0.0,0.0014382575085619465,0.001353642073008814,0.001538660132428049,0.0023419682600069784,0.0022062373642038435,0.002498270513649913,0.003160090945486442,0.002959864366025428,0.0033656757103395617,0.0,0.0,0.0,0.0,0.0,0.0,0.0,0.0,0.0,0.006577729077147927,0.006231030040178868,0.006991763376755949,475.5404296875,473.477724609375,477.48575683593754,64.26641918499953,61.65943913862473,67.47268159676896,0.090823325930148,646.9202812876229,0.2410801046872333,209.71612149474367
moscow,lane_closure,ergs_no_calibration,20,9.989819804346395,7.764772278355491,12.573776684767813,29.47208333333333,25.784776041666667,33.892958333333326,10.063257610072494,9.747562267789121,10.337773258266775,310.03718105214335,298.5669652979749,324.3236375528369,97.1,95.25,98.8,100.0,100.0,100.0,43.2675,38.26493749999999,48.21506249999999,54.75,49.25,59.9,1456.2,1445.5,1466.35,1599.5,1599.05,1599.85,1.5624221431933625,1.4943749152003931,1.6505227038546124,1019571.1861516135,994038.9087698054,1050447.062786837,373.11970484026176,363.44789048801823,384.73286337198186,330532.5865396523,322343.00658215315,340465.00275334145,0.6847062076716732,0.6120585398514196,0.7506604518511062,7.012083333333334,4.975822916666668,9.472505208333333,0.0,0.0,0.0,0.0,0.0,0.0,5.8,3.4,8.45,0.0,0.0,0.0,9.8,8.2,11.4,0.5,0.2,0.8,680.4,623.74875,751.2512499999999,7549.1,7410.14625,7731.85375,0.0,0.0,0.0,0.0,0.0,0.0,47.07,46.724999999999994,47.43999999999999,0.028750000000000008,0.028750000000000008,0.028750000000000008,0.0956521739130435,0.08188405797101449,0.11014492753623188,0.0010208333333333332,0.0008124999999999999,0.001229166666666667,0.9989791666666669,0.9987708333333334,0.9992083333333335,0.0010650799929862842,0.0010411768635094631,0.0010895375582185805,0.0017677562680910338,0.0017405274376433224,0.0017988151137906237,0.022689863950130472,0.019831229599568068,0.025048700189005423,2.465497818775475e-05,2.3689970839768647e-05,2.571998629719019e-05,0.017035945992683967,0.013302175909397168,0.020345752160093957,0.028149042615201292,0.02640001727821069,0.029899927936017007,0.007388134635063276,0.006966381855732228,0.007840229262109762,476.1994140625,474.0074169921875,478.3385009765625,40.65913062500768,39.867626053763665,41.47689632613372,0.09012994926547535,637.4311885911932,0.2332727132480536,206.64744391350564
moscow,lane_closure,ergs_no_hysteresis,20,11.71757402448474,8.752043419317518,15.276360892758623,32.54875,27.15411979166667,39.443031249999976,9.904708375159224,9.513974017410359,10.240781580628314,316.05685576194537,302.4218790935516,332.8429973413012,98.0025,96.35499999999999,99.35249999999999,100.0,100.0,100.0,47.5725,41.874999999999986,53.769999999999996,60.15,54.2,66.3,1442.3,1422.75,1458.3,1599.05,1598.0,1599.75,1.5820066678893105,1.513395405485651,1.6633401088697461,1032034.4394745135,1001589.8431233665,1069349.7593932692,378.3174929010485,366.3501112821999,393.2303981615288,334573.1351507512,324540.01284277416,346853.22679193167,0.6603473857945452,0.581536323198682,0.7333297338086253,7.993124999999999,5.757499999999999,10.610031249999999,0.0,0.0,0.0,0.0,0.0,0.0,7.5,4.4,11.15,0.0,0.0,0.0,9.9,8.3,11.4,0.75,0.45,1.1,685.6,632.8,749.5,7519.8,7389.59875,7681.0525,0.0,0.0,0.0,0.0,0.0,0.0,47.1,46.81,47.415,0.028750000000000008,0.028750000000000008,0.028750000000000008,0.10434782608695652,0.09202898550724639,0.11666666666666667,0.0,0.0,0.0,1.0,1.0,1.0,0.001205697504337877,0.001083441749433405,0.0013452878881798824,0.0019281305055483245,0.0018002984237828058,0.0020751320078852583,0.025880740256397906,0.02215800366471802,0.029612979294487658,2.6759994216263295e-05,2.452500630170107e-05,2.944512147223576e-05,0.019798139997292293,0.01472111587948165,0.024466405241575537,0.03019620419736018,0.027218042749416763,0.03351032875671514,0.008206249908325844,0.007412627844431377,0.00905246851903414,477.11015625,474.9327685546875,479.12775390625,44.51809340000618,41.79661990814435,47.76940673487057,0.09117263757014814,645.4047337322245,0.23658890772711832,209.2324412312005
moscow,lane_closure,ergs_no_shield,20,11.71757402448474,8.700760962339654,15.325351252404324,32.54875,27.163947916666665,39.43523958333333,9.904708375159224,9.51424868546882,10.236598989487732,316.05685576194537,302.61371307859736,332.78181033782886,98.0025,96.35743749999999,99.35249999999999,100.0,100.0,100.0,47.5725,41.864937499999996,53.86256249999998,60.15,54.3,66.2,1442.3,1422.65,1458.25,1599.05,1598.0,1599.75,1.5820066678893105,1.5129233844312944,1.6613441347878266,1032034.4394745135,1001648.2138405796,1069896.9065366986,378.3174929010485,366.30375681775797,393.13218237433364,334573.1351507512,324743.17090982525,346815.4724147218,0.6603473857945452,0.5824724685914048,0.7336012885671431,7.993124999999999,5.712072916666668,10.598333333333333,0.0,0.0,0.0,0.0,0.0,0.0,7.5,4.35,11.3,0.0,0.0,0.0,9.9,8.3,11.5,0.75,0.45,1.1,685.6,633.75,748.75,7519.8,7388.99875,7679.45125,0.0,0.0,0.0,0.0,0.0,0.0,47.1,46.81,47.41499999999999,0.028750000000000008,0.028750000000000008,0.028750000000000008,0.10434782608695652,0.09202898550724639,0.11666666666666667,0.0,0.0,0.0,1.0,1.0,1.0,0.0011732125014532358,0.0010693098769843346,0.0012986879905656679,0.0019095214974367985,0.001790675054158782,0.002049816377213573,0.02468710154475403,0.021506498828627662,0.02782335532286227,2.615501871332526e-05,2.395500778220594e-05,2.8700020629912613e-05,0.01870983600150793,0.013926404248952156,0.023026503432309244,0.030172191795427322,0.027124135788745445,0.0334202275035728,0.008066090323110174,0.007343198165477589,0.00881402462968476,476.80546875,474.642763671875,478.8750341796875,44.6646323250141,41.86408240013072,47.944494388768646,0.09117263757014814,645.4047337322245,0.23658890772711832,209.2324412312005
moscow,lane_closure,ergs_no_uncertainty,20,11.71757402448474,8.732854115178599,15.34369915766546,32.54875,27.14039583333333,39.48608333333334,9.904708375159224,9.50874636670856,10.238007660638822,316.05685576194537,302.8107743663513,332.7001700484474,98.0025,96.35499999999999,99.35249999999999,100.0,100.0,100.0,47.5725,41.82243749999999,53.72593749999991,60.15,54.25,66.25,1442.3,1422.45,1458.35,1599.05,1598.0,1599.75,1.5820066678893105,1.5137417974341056,1.6638594004879903,1032034.4394745135,1001433.3038222193,1070044.9586461014,378.3174929010485,366.3911439385204,393.220697217831,334573.1351507512,324840.85044781864,346667.2855834189,0.6603473857945452,0.5801530597367652,0.7326133780759528,7.993124999999999,5.753750000000001,10.608333333333333,0.0,0.0,0.0,0.0,0.0,0.0,7.5,4.35,11.25124999999989,0.0,0.0,0.0,9.9,8.3,11.4,0.75,0.45,1.1,685.6,632.9,749.0512499999999,7519.8,7389.89625,7682.75125,0.0,0.0,0.0,0.0,0.0,0.0,47.1,46.805,47.410000000000004,0.028750000000000008,0.028750000000000008,0.028750000000000008,0.10434782608695652,0.09202898550724639,0.11666666666666667,0.0,0.0,0.0,1.0,1.0,1.0,0.0010562950192252174,0.0010418747615040045,0.0010707326777628623,0.001780529005627613,0.0017476778899799682,0.0018204786471833357,0.02251623365242258,0.02035916313472684,0.024544236094702458,2.4054991081357e-05,2.338000907911919e-05,2.4734996259212494e-05,0.016642001004656768,0.012539381673210281,0.0202756131273927,0.02746243159053845,0.025958881723909855,0.028935146032518205,0.007442985970297337,0.007011753379522311,0.007881253499098722,476.5021484375,474.2978466796875,478.599609375,41.627502490015466,40.66070521913425,42.670499078263234,0.09117263757014814,645.4047337322245,0.23658890772711832,209.2324412312005
moscow,lane_closure,ergs_v3,20,11.71757402448474,8.731022926381797,15.291805198919393,32.54875,27.10082291666667,39.41824479166665,9.904708375159224,9.508946437702928,10.239514095542965,316.05685576194537,302.6223028487709,333.01164753686464,98.0025,96.35749999999999,99.35249999999999,100.0,100.0,100.0,47.5725,41.86749999999999,53.817499999999995,60.15,54.35,66.35,1442.3,1422.9,1458.4,1599.05,1598.0,1599.75,1.5820066678893105,1.5131785828382116,1.663609160071481,1032034.4394745135,1001787.9069223963,1069221.6241294811,378.3174929010485,366.261935556623,393.1559400610364,334573.1351507512,324775.0149615189,346591.3654631294,0.6603473857945452,0.5824833561497589,0.7327516304832605,7.993124999999999,5.736244791666667,10.655421875,0.0,0.0,0.0,0.0,0.0,0.0,7.5,4.35,11.25,0.0,0.0,0.0,9.9,8.3,11.5,0.75,0.45,1.1,685.6,633.4,748.1,7519.8,7389.7475,7681.9037499999995,0.0,0.0,0.0,0.0,0.0,0.0,47.1,46.805,47.41,0.028750000000000008,0.028750000000000008,0.028750000000000008,0.10434782608695652,0.09202898550724639,0.1166666666666667,0.0,0.0,0.0,1.0,1.0,1.0,0.001203927505412139,0.0011039870663080364,0.0013265208853408693,0.0019610967452172185,0.0018509186015289738,0.0020883043371577505,0.02515986384998533,0.021501078210404305,0.02881962648608889,2.6910006999969484e-05,2.503986892406829e-05,2.910000053816475e-05,0.01915564599679781,0.014256444256025114,0.023674360927485382,0.03061565018421967,0.027339285164151777,0.03408670291729499,0.008266432054927764,0.007523144256958002,0.00906619989137309,477.4732421875,475.466005859375,479.35139648437496,49.759344414999944,47.54963350238133,52.2827699066422,0.09117263757014814,645.4047337322245,0.23658890772711832,209.2324412312005
moscow,lane_closure,fixed,20,8.608644580030187,5.505399291593315,13.214445746752293,30.325,23.67681770833334,41.222932291666666,10.210798606277368,9.709489477404773,10.563372829164113,300.6329637806601,285.4487196782476,323.7316365135059,83.86499999999998,77.4124375,90.30999999999999,95.65,92.05,98.9,48.55749999999999,43.15743749999999,54.957499999999996,64.7,58.3,71.55,1446.25,1413.55,1466.45,1599.4,1598.45,1600.0,1.743403648034175,1.6573150819240512,1.869201384946953,985616.0820371208,950580.5873605426,1040761.9915307916,362.08597091198493,348.1284701919394,384.1783124329271,319524.9754725079,308189.0816949601,337780.3531440093,0.6330162092761228,0.5767719875095363,0.6799311600988129,7.274583333333335,5.246026041666668,10.250656249999997,0.0,0.0,0.0,0.0,0.0,0.0,5.35,2.45,9.5,0.0,0.0,0.0,11.2,9.5,13.0,1.0,0.55,1.5,697.55,627.94875,795.55,7365.7,7256.85,7478.7,0.0,0.0,0.0,0.0,0.0,0.0,159.0,159.0,159.0,0.0,0.0,0.0,0.0,0.0,0.0,0.0,0.0,0.0,0.0,0.0,0.0,4.260249843355268e-05,4.1887495899572966e-05,4.338999875471927e-05,6.641300395131111e-05,6.4626489780494e-05,6.817925121868028e-05,8.094874100061128e-05,7.683222571940856e-05,8.568060796678758e-05,0.0,0.0,0.0,0.0,0.0,0.0,0.0,0.0,0.0,0.00019509831137030331,0.0001915817304084663,0.00019873281854052038,474.1,471.186328125,476.72622558593747,39.802796614984985,38.92178045148234,40.85185155173167,0.0947024722701169,616.2411417013385,0.22638862755532382,199.77802643022875
moscow,lane_closure,idqn,20,5.882461644479455,4.57925607461247,7.324536125647572,19.455416666666668,17.681630208333335,21.478755208333336,10.997340052809996,10.820514514804154,11.16627817502893,282.83815234687154,277.30791030196286,289.0539605242557,86.06749999999998,78.51493749999999,93.16512499999997,99.3,98.2,100.0,35.374999999999986,31.61743749999999,38.83006249999998,48.65,45.05,51.95,1463.75,1454.65,1472.3012499999998,1599.45,1598.9,1599.9,1.4967287434090362,1.4650473817251182,1.5335146003995141,957007.8529861041,944116.9095728858,971189.9123723946,348.82381128470024,344.0262713161524,354.2126796837671,310250.00468284107,306079.5468863145,314817.4794557821,0.637058279766356,0.5827893867835676,0.6900959535384621,4.731250000000001,3.805619791666667,5.706270833333331,0.0,0.0,0.0,0.0,0.0,0.0,4.4,2.85,6.15,0.0,0.0,0.0,10.3,8.5,12.2,0.7,0.35,1.1,573.85,553.0,596.25,7088.55,6995.743750000001,7191.35,0.0,0.0,0.0,0.0,0.0,0.0,107.26999999999998,107.19000000000001,107.35499999999999,0.0,0.0,0.0,0.0,0.0,0.0,0.0,0.0,0.0,0.0,0.0,0.0,0.0010735775082139297,0.0010616100129846016,0.0010866526365134633,0.0015791445071226915,0.00154464431971428,0.0016170054900358079,0.001761035935196559,0.0017141163544176373,0.001810986976680578,0.0,0.0,0.0,0.0,0.0,0.0,0.0,0.0,0.0,0.004692670756218528,0.004642787883786393,0.004752444235826463,474.825390625,472.295810546875,477.2599609375,39.89808467499679,39.21147579698415,40.683142490753816,0.08095449704100274,598.3355859739936,0.21808985043902607,193.9729311218488
moscow,lane_closure,illm_style_review,20,11.71757402448474,8.738110059611465,15.27563198655057,32.54875,27.16644270833333,39.40605729166666,9.904708375159224,9.513485596700223,10.236277895905538,316.05685576194537,302.51494526600953,332.7832115712877,98.0025,96.35749999999999,99.35249999999999,100.0,100.0,100.0,47.5725,41.96743749999999,53.72506249999998,60.15,54.25,66.25,1442.3,1422.65,1458.05,1599.05,1598.0,1599.75,1.5820066678893105,1.5136677022174037,1.662968624609307,1032034.4394745135,1001841.9453379433,1069189.1037649051,378.3174929010485,366.4283517252454,393.213040234445,334573.1351507512,324856.9887019713,346639.6321980342,0.6603473857945452,0.5825047335295899,0.7314918944615538,7.993124999999999,5.741661458333333,10.612333333333327,0.0,0.0,0.0,0.0,0.0,0.0,7.5,4.35,11.25,0.0,0.0,0.0,9.9,8.3,11.5,0.75,0.45,1.1,685.6,633.55,747.3012499999999,7519.8,7388.24875,7681.80125,0.0,0.0,0.0,0.0,0.0,0.0,47.1,46.815,47.41499999999999,0.028750000000000008,0.028750000000000008,0.028750000000000008,0.0,0.0,0.0,0.0,0.0,0.0,1.0,1.0,1.0,0.0010443124978337438,0.0010307724877930014,0.001059544989038841,0.0016923275112640111,0.0016712066065956604,0.0017131317562889307,0.0018738741944544011,0.0018431067186320425,0.0019062173957892802,2.2875011200085283e-05,2.2240012185648084e-05,2.351000439375639e-05,0.0001178219867870211,0.00010447274107718834,0.0001297890564601402,0.00015927599929273112,0.00014918299550190542,0.0001674694941902996,0.004907679744517533,0.0048489385520414435,0.004968411857750147,476.0408203125,473.84821777343745,478.18301757812503,40.59042396498844,39.885319561373905,41.36403373273017,0.09117263757014814,645.4047337322245,0.23658890772711832,209.2324412312005
moscow,lane_closure,lightgpt_direct,20,5.6372328172017045,4.542776930897597,6.788426199664074,19.23395833333333,17.729562499999997,20.729374999999997,10.983101227696741,10.823476611679874,11.14451773871802,284.4227791767468,279.5469768003413,289.5724844823495,83.96499999999999,76.70912500000001,91.05749999999999,98.15,95.3,100.0,36.17499999999999,32.565,39.36999999999999,48.55,44.35,51.95,1470.65,1463.6,1477.15,1599.85,1599.7,1600.0,1.5087132973733584,1.469687164829581,1.5489541818128518,960282.7647914763,949355.2149111996,971326.4149584722,349.83472694469606,345.7389010651673,353.9902745759456,311311.6737628529,307739.67294433404,314964.396118335,0.6341004773226453,0.5684540489962501,0.6965309416216052,4.9070833333333335,3.8224947916666663,6.072526041666664,0.0,0.0,0.0,0.0,0.0,0.0,4.15,2.85,5.5,0.0,0.0,0.0,12.3,10.1,14.5,0.7,0.35,1.1,587.55,561.89875,612.9,7129.5,7041.0,7231.0,0.0,0.0,0.0,0.0,0.0,0.0,110.40000000000002,110.40000000000002,110.40000000000002,1.0,1.0,1.0,0.9263958333333331,0.9237916666666666,0.9290625,0.42289583333333336,0.42060416666666667,0.4252291666666667,0.51,0.51,0.51,0.002063334989361465,0.002043769937590696,0.002090790168294916,0.0027919477579416707,0.0027609594539098905,0.0028281422671279873,0.00299003036157228,0.002953736918070353,0.003027094419610511,1.1810008436441421e-05,1.1765013914555311e-05,1.1855003103846684e-05,2.0010739390272644e-05,1.9895228324458002e-05,2.0140473054198078e-05,2.499609842197967e-05,2.4635783923440593e-05,2.535135089710817e-05,0.009194623837894243,0.009126015282721708,0.009295177589913186,475.3349609375,473.0050732421875,477.529892578125,40.28105021000956,39.52181132803846,41.128393596767566,0.08241110877340627,600.2329998384075,0.21866720439084666,194.58803873041404
moscow,lane_closure,llm_no_semantic,20,11.71757402448474,8.749681255376972,15.340761960129917,32.54875,27.183494791666668,39.400640625,9.904708375159224,9.51265076988529,10.237674324984853,316.05685576194537,302.647074404651,333.1041517160415,98.0025,96.35249999999999,99.35249999999999,100.0,100.0,100.0,47.5725,41.73743749999999,53.769999999999996,60.15,54.3,66.3,1442.3,1422.75,1458.05,1599.05,1598.0,1599.75,1.5820066678893105,1.5130816420496112,1.6630386552818845,1032034.4394745135,1001594.3364064023,1069945.4778102108,378.3174929010485,366.4443446860817,393.47630277236027,334573.1351507512,324878.2196423288,346762.1984883829,0.6603473857945452,0.5823143887074236,0.7325356435978452,7.993124999999999,5.733520833333333,10.658786458333328,0.0,0.0,0.0,0.0,0.0,0.0,7.5,4.3,11.3,0.0,0.0,0.0,9.9,8.3,11.4,0.75,0.45,1.1,685.6,633.7987499999999,747.8037499999996,7519.8,7386.9,7681.20125,0.0,0.0,0.0,0.0,0.0,0.0,47.1,46.80500000000001,47.405,0.028750000000000008,0.028750000000000008,0.028750000000000008,0.0,0.0,0.0,0.0,0.0,0.0,1.0,1.0,1.0,0.0010378199920523911,0.0010251199970662127,0.0010498400527285412,0.0016876257458352483,0.001666949878366722,0.0017088500392419517,0.0018500833889120252,0.0018180129887739888,0.0018852484633462147,2.1010002819821237e-05,2.049502800218761e-05,2.1560012828558684e-05,0.00012052999576553692,0.00010656589886639262,0.00013308107294142241,0.00015861419402062876,0.0001458425172488203,0.00016962403408251678,0.004898999808396588,0.00484543526012486,0.00495036614834761,475.809765625,473.6532861328125,477.898251953125,41.481732495001054,40.531057225375115,42.506748020992525,0.09117263757014814,645.4047337322245,0.23658890772711832,209.2324412312005
moscow,lane_closure,max_pressure,20,9.412415726384705,7.661502223424528,11.400525580971069,26.70625,24.324973958333334,29.300218750000003,10.284494269681325,10.070075181458586,10.482375279341412,301.90946644412736,294.22010212336346,310.70591024623155,97.21499999999999,95.17249999999999,99.05749999999999,100.0,100.0,100.0,44.27999999999999,39.967499999999994,48.58249999999999,58.35,53.05,63.0,1455.55,1444.15,1465.4,1599.2,1598.65,1599.65,1.51953272109602,1.4733867915415542,1.5692038811820395,1001448.3707040728,984445.5070948533,1020062.8316273403,366.0998635947043,359.6845884045348,373.043248627554,324657.2972109168,319195.82108732837,330573.3259484315,0.6550254730045164,0.5858615832611642,0.7176072249993063,7.085000000000001,5.444343750000001,9.062729166666667,0.0,0.0,0.0,0.0,0.0,0.0,5.45,3.6,7.55,0.0,0.0,0.0,9.3,7.9,10.8,0.4,0.15,0.7,634.45,597.6,672.7512499999999,7438.9,7324.547500000001,7556.95125,0.0,0.0,0.0,0.0,0.0,0.0,50.87,50.54,51.175,0.0,0.0,0.0,0.0,0.0,0.0,0.0,0.0,0.0,0.0,0.0,0.0,4.808999947272241e-05,4.6964999564806935e-05,4.9385003731003966e-05,7.219625171273946e-05,7.003845573490253e-05,7.437525851128156e-05,8.652094594435759e-05,8.203213732485887e-05,9.124564821395317e-05,0.0,0.0,0.0,0.0,0.0,0.0,0.0,0.0,0.0,0.0002169698202730311,0.00021211255836472753,0.00022230091498285116,474.3642578125,471.53372070312497,476.967021484375,39.79865209998097,39.05869645511004,40.673326534854716,0.08528814744115393,626.2183408604757,0.22892687818578308,203.01231691528065
moscow,lane_closure,ppo_ensemble,20,11.71757402448474,8.697075449204668,15.331964459813515,32.54875,27.153114583333334,39.455437499999995,9.904708375159224,9.512286345474644,10.235411506549722,316.05685576194537,302.5102330554474,332.55056275242663,98.0025,96.4025,99.35499999999999,100.0,100.0,100.0,47.5725,41.86749999999999,53.72256249999998,60.15,54.35,66.4,1442.3,1422.85,1458.2,1599.05,1598.0,1599.75,1.5820066678893105,1.5128931302883,1.6629994686056384,1032034.4394745135,1001701.2143092825,1069725.175042338,378.3174929010485,366.41272005823583,392.8562663521474,334573.1351507512,324737.48911693,346941.9338965614,0.6603473857945452,0.584589602335307,0.7314884019851999,7.993124999999999,5.741875,10.633677083333318,0.0,0.0,0.0,0.0,0.0,0.0,7.5,4.4,11.25,0.0,0.0,0.0,9.9,8.3,11.4,0.75,0.45,1.1,685.6,633.0,748.1012499999999,7519.8,7389.7,7683.25,0.0,0.0,0.0,0.0,0.0,0.0,47.1,46.81000000000002,47.415000000000006,0.0,0.0,0.0,0.0,0.0,0.0,0.0,0.0,0.0,0.0,0.0,0.0,0.0009480700246058404,0.0009348199576925254,0.0009614775901718531,0.001526557994948234,0.0015092656231718137,0.001544830351187556,0.001718351240269839,0.0016904695086239366,0.0017475025612438903,0.0,0.0,0.0,0.0,0.0,0.0,0.0,0.0,0.0,0.004441642562249196,0.004384692154651525,0.00449790405536765,475.1416015625,472.72672363281254,477.419365234375,41.43251429501106,40.33618552687374,42.63155377751362,0.09117263757014814,645.4047337322245,0.23658890772711832,209.2324412312005
moscow,lane_closure,ppo_event_rule,20,9.47778875928184,7.8731923899901,11.245778315804074,28.772083333333335,26.31957291666667,31.628125,10.108434664618109,9.897708212051683,10.301654419479034,306.5974979518386,300.4570011547427,313.25250423363747,97.9575,96.16749999999999,99.505,100.0,100.0,100.0,44.977499999999985,40.227499999999985,49.76018749999998,57.3,51.65,62.85,1455.75,1441.5,1466.85,1599.4,1598.9,1599.8,1.546212380098906,1.5013858370555255,1.5963406866694803,1014014.5482386438,997825.5095999915,1031039.9364281608,371.05071382293386,364.7978678915696,377.79009311317253,328731.1712441772,323549.7453377328,334342.31383442413,0.7324636342539281,0.6728013563134276,0.7827023990444499,5.9852083333333335,4.6314375000000005,7.6693802083333305,0.0,0.0,0.0,0.0,0.0,0.0,5.55,3.65,7.6,0.0,0.0,0.0,9.4,7.9,10.9,0.65,0.3,1.0,650.9,618.44875,685.8,7515.2,7420.75,7619.902499999999,0.0,0.0,0.0,0.0,0.0,0.0,48.11,47.82000000000001,48.425,0.0,0.0,0.0,0.35396341463414627,0.33536585365853655,0.3728658536585366,0.0241875,0.02289583333333333,0.025520833333333333,0.0,0.0,0.0,0.0010884949995670467,0.0010689600019395584,0.001109697568899719,0.001726272018859163,0.001708488667885831,0.0017437002928345463,0.001906434601172804,0.0018850847547131704,0.0019284832363977325,0.0,0.0,0.0,0.0,0.0,0.0,0.0,0.0,0.0,0.005018905936813098,0.004960148311407262,0.005080134019239873,475.5373046875,473.30231933593745,477.6880908203125,40.11894331500516,39.507423744902916,40.72709756575539,0.08661113476687247,633.9968414647017,0.2319936937744991,205.53405729909792
moscow,normal,ergs_no_calibration,20,10.490645895415032,8.679041883394316,12.631644640153327,30.17479166666667,27.148114583333335,33.66044791666667,9.98866189502721,9.728989457424346,10.216931932990045,312.7158507868454,302.9911730224549,325.20661851201163,99.15,98.25,100.0,100.0,100.0,100.0,46.56999999999999,42.46999999999999,50.769999999999996,60.05,57.1,63.2,1454.05,1443.04875,1464.25,1599.4,1599.0,1599.7,1.5683303349447697,1.5080541423788296,1.6379575143301934,1024138.3623646374,1001964.7704658789,1049698.7057076744,374.8422253020169,366.64726072902846,384.75861453873875,332013.2310125791,324933.59271106747,340384.67328980967,0.6784664238412405,0.6050048076588451,0.7471608481089942,7.321041666666668,5.521036458333334,9.311468749999998,0.0,0.0,0.0,0.0,0.0,0.0,6.8,4.7,9.35,0.0,0.0,0.0,11.0,9.6,12.4,0.95,0.65,1.25,687.15,638.4,744.8012499999999,7582.4,7441.6,7755.5,0.0,0.0,0.0,0.0,0.0,0.0,46.975,46.654999999999994,47.35000000000001,0.02083333333333333,0.02083333333333333,0.02083333333333333,0.0,0.0,0.0,0.0,0.0,0.0,1.0,1.0,1.0,0.0014447949884925037,0.0013759544402273604,0.0015205678584607083,0.002204815747099928,0.0020330579237124763,0.0024041145313094597,0.0026870166414300896,0.002388283438651705,0.0030053422656404986,2.3245011107064784e-05,2.1822494454681872e-05,2.493499509000685e-05,0.00017626425513299175,0.0001534527056137448,0.000194837447037571,0.00023552315507549781,0.0002114375234959879,0.0002617047672451006,0.006457774921323612,0.006137375197603333,0.006824860936726407,475.7158203125,473.8015234375,477.5121142578125,64.60958685500081,61.78685771025528,67.72490845936626,0.09062434057818106,640.3265989525056,0.23436427741779225,207.5861141756778
moscow,normal,ergs_no_hysteresis,20,10.490645895415032,8.676959302370204,12.648542917332326,30.17479166666667,27.14644270833333,33.75003124999999,9.98866189502721,9.732712058821317,10.21430141268265,312.7158507868454,302.7647768481611,324.9569814982515,99.15,98.2,100.0,100.0,100.0,100.0,46.56999999999999,42.37249999999999,50.822499999999984,60.05,57.05,63.2,1454.05,1443.0,1464.25,1599.4,1599.0,1599.7,1.5683303349447697,1.5074388497544666,1.6398480840917766,1024138.3623646374,1002289.1478316546,1050426.6047643253,374.8422253020169,366.47718190683065,384.72851777945,332013.2310125791,324887.6774500638,340481.2045916392,0.6784664238412405,0.6054850452467719,0.7465719961765255,7.321041666666668,5.527265625,9.328822916666663,0.0,0.0,0.0,0.0,0.0,0.0,6.8,4.75,9.35,0.0,0.0,0.0,11.0,9.6,12.4,0.95,0.65,1.25,687.15,639.2,745.3012499999999,7582.4,7442.54875,7754.65125,0.0,0.0,0.0,0.0,0.0,0.0,46.975,46.654999999999994,47.345000000000006,0.02083333333333333,0.02083333333333333,0.02083333333333333,0.0,0.0,0.0,0.0,0.0,0.0,1.0,1.0,1.0,0.001343757487484254,0.0013178019197221146,0.0013708976151247043,0.0019802232497022486,0.0019517742205935058,0.002007491347387258,0.0023078692030394426,0.0022062002011007265,0.0024260818481241547,2.2110014106146993e-05,2.110251516569406e-05,2.300251799169928e-05,0.000169599246000871,0.00014838544380472738,0.00018785678255517268,0.00022602976224152366,0.00021266843548073657,0.0002416239034733734,0.006019407605191292,0.005952058582750598,0.006087967257525534,476.280078125,474.218330078125,478.2693798828125,61.65059782499448,60.07181774699726,63.253440890509076,0.09062434057818106,640.3265989525056,0.23436427741779225,207.5861141756778
moscow,normal,ergs_no_shield,20,10.490645895415032,8.67213794604544,12.64186044823267,30.17479166666667,27.125385416666667,33.75719791666666,9.98866189502721,9.726780950790873,10.218373972114291,312.7158507868454,302.7474936783923,325.0395773793273,99.15,98.25,100.0,100.0,100.0,100.0,46.56999999999999,42.467499999999994,50.769999999999996,60.05,57.05,63.25,1454.05,1442.95,1464.35,1599.4,1599.05,1599.7,1.5683303349447697,1.5076831864682347,1.6390900532610615,1024138.3623646374,1002564.775525156,1049590.853281374,374.8422253020169,366.55057190528413,384.73617700119604,332013.2310125791,324927.83256891806,340402.28275314235,0.6784664238412405,0.6072264536814428,0.7469926933380295,7.321041666666668,5.526875,9.332119791666665,0.0,0.0,0.0,0.0,0.0,0.0,6.8,4.7,9.25,0.0,0.0,0.0,11.0,9.6,12.4,0.95,0.65,1.25,687.15,638.65,745.2,7582.4,7441.54875,7759.4574999999995,0.0,0.0,0.0,0.0,0.0,0.0,46.975,46.655,47.35,0.02083333333333333,0.02083333333333333,0.02083333333333333,0.0,0.0,0.0,0.0,0.0,0.0,1.0,1.0,1.0,0.0013352774956729263,0.0013031473050796193,0.001367322751393658,0.0019496392193832433,0.0019114667051617286,0.001987458633739152,0.002331450940750072,0.0021832605706280433,0.0025066852094227177,2.1699987701140345e-05,2.0837509946431965e-05,2.2464984795078635e-05,0.00016614124702755354,0.00014724462014419247,0.0001821874665038194,0.00022200930112740015,0.00020776900871424003,0.0002363797239988342,0.005977973174425036,0.005894047155323075,0.006060629850434554,475.9865234375,474.0398095703125,477.8496142578125,61.3539870150038,60.10940796400158,62.58353049751022,0.09062434057818106,640.3265989525056,0.23436427741779225,207.5861141756778
moscow,normal,ergs_no_uncertainty,20,10.490645895415032,8.668044194617211,12.603885871410975,30.17479166666667,27.14017708333334,33.71752083333333,9.98866189502721,9.733912980576266,10.219439332704756,312.7158507868454,302.78903504831965,325.17542123700616,99.15,98.2,100.0,100.0,100.0,100.0,46.56999999999999,42.41499999999999,50.81756249999999,60.05,57.1,63.15,1454.05,1442.8,1464.25,1599.4,1599.0,1599.7,1.5683303349447697,1.5071633053902174,1.6388687886954107,1024138.3623646374,1002126.7267781338,1050040.2539880718,374.8422253020169,366.55236383067376,384.52040567985995,332013.2310125791,324969.7612820349,340378.814698659,0.6784664238412405,0.6057667721373681,0.7472930326645147,7.321041666666668,5.542901041666666,9.283171874999997,0.0,0.0,0.0,0.0,0.0,0.0,6.8,4.75,9.35,0.0,0.0,0.0,11.0,9.6,12.4,0.95,0.65,1.25,687.15,639.3,746.1512499999999,7582.4,7440.8462500000005,7756.85625,0.0,0.0,0.0,0.0,0.0,0.0,46.975,46.655,47.355,0.02083333333333333,0.02083333333333333,0.02083333333333333,0.0,0.0,0.0,0.0,0.0,0.0,1.0,1.0,1.0,0.001392197498353198,0.001344797319106874,0.00144783785493928,0.0020489604896283707,0.001966001205895736,0.002158210469387995,0.002506585453986189,0.0023139604495474473,0.0027283548285849937,2.2607485880143942e-05,2.1384985229815358e-05,2.3862484158598815e-05,0.0001812644966412335,0.00015391447189904282,0.00020713806231651677,0.00024181913112988687,0.00021387246486119686,0.0002738497020909562,0.006203518661188558,0.006027648772608801,0.006432276472159881,475.8021484375,473.8913916015625,477.6427783203125,64.05017234499682,61.816828819747464,66.38787228123853,0.09062434057818106,640.3265989525056,0.23436427741779225,207.5861141756778
moscow,normal,ergs_v3,20,10.490645895415032,8.666899560548114,12.638176085359886,30.17479166666667,27.175166666666673,33.79757291666666,9.98866189502721,9.722272456224431,10.220535485207026,312.7158507868454,302.9037256249925,325.004334715704,99.15,98.25,100.0,100.0,100.0,100.0,46.56999999999999,42.46243749999999,50.820062499999985,60.05,57.1,63.25,1454.05,1442.85,1464.3,1599.4,1599.05,1599.7,1.5683303349447697,1.5068523468620245,1.6393897780062918,1024138.3623646374,1002128.0629388301,1050051.9924007887,374.8422253020169,366.54701447808094,384.7499422453271,332013.2310125791,324967.1176731781,340274.82567548106,0.6784664238412405,0.6056239829402335,0.7470832418554385,7.321041666666668,5.546213541666666,9.31859895833333,0.0,0.0,0.0,0.0,0.0,0.0,6.8,4.75,9.3,0.0,0.0,0.0,11.0,9.6,12.4,0.95,0.65,1.25,687.15,638.65,745.9012499999999,7582.4,7438.898749999999,7756.8,0.0,0.0,0.0,0.0,0.0,0.0,46.975,46.650000000000006,47.349999999999994,0.02083333333333333,0.02083333333333333,0.02083333333333333,0.0,0.0,0.0,0.0,0.0,0.0,1.0,1.0,1.0,0.0013748949975706636,0.001346826749140746,0.0014019926338369258,0.0020049852563533933,0.001980622794857481,0.002027233489920036,0.0024098685930948683,0.002324395354987062,0.0025029918470041547,2.2182505927048623e-05,2.1455023597809488e-05,2.3037509672576563e-05,0.00016942000453127543,0.00014885643219167828,0.00018764672673569286,0.00021284735604422156,0.00019698809771798547,0.0002283434377794037,0.006132388620519324,0.006085479307275819,0.0061777553646952576,476.799609375,474.74783203124997,478.7990283203125,70.6903389499872,68.75067101934795,72.63991648823618,0.09062434057818106,640.3265989525056,0.23436427741779225,207.5861141756778
moscow,normal,fixed,20,7.770987056330942,5.515536553664279,10.441746519471083,26.559375,23.496656249999997,30.18586458333333,10.336255702826707,10.06322452844107,10.580839955984802,291.68525652416224,283.5512874062403,301.6599552905231,82.1575,75.86249999999998,88.655,96.7,93.95,99.00249999999978,47.47249999999999,42.817499999999995,52.62749999999998,64.25,57.6,71.1,1453.3,1438.85,1464.8,1599.6,1599.25,1599.85,1.6905845777392767,1.6486235725197034,1.739309698850017,965426.5052256895,948764.9842424265,984398.2394584605,353.99390924014335,347.4355614372435,361.3843774851572,312979.61849046627,307626.4231011107,319222.35927540157,0.6351393014756055,0.5773901342293066,0.6843009057543459,6.909166666666667,5.258947916666667,8.858557291666664,0.0,0.0,0.0,0.0,0.0,0.0,4.1,2.05,6.45,0.0,0.0,0.0,12.5,10.8,14.2,1.1,0.7,1.55,654.5,619.0,693.75,7291.4,7186.3,7397.452499999999,0.0,0.0,0.0,0.0,0.0,0.0,159.0,159.0,159.0,0.0,0.0,0.0,0.0,0.0,0.0,0.0,0.0,0.0,0.0,0.0,0.0,6.496749701909721e-05,6.303992900939193e-05,6.692000315524637e-05,0.00010224272613413629,9.819947386858982e-05,0.00010616754750662949,0.00013919444027123956,0.00012842412599857188,0.00015016733153315703,0.0,0.0,0.0,0.0,0.0,0.0,0.0,0.0,0.0,0.00029658344560529155,0.0002864583794618941,0.0003077032553117331,473.597265625,470.72438476562496,476.231865234375,60.04066538498737,58.2712056748585,61.79773674048891,0.08976328277148421,603.5424513789006,0.22130151865475328,195.6611768507541
moscow,normal,idqn,20,5.712678102973115,4.578597333122794,6.8957729085078245,19.312708333333333,17.66916666666667,21.078578124999996,10.995484729302342,10.834098143077124,11.15204510081095,283.9016936451567,278.4693706849293,289.9267351726083,85.7075,78.1575,92.85499999999999,98.8,96.65,100.0,34.632499999999986,31.302312499999978,37.67749999999999,48.9,44.848750000000024,52.65,1470.5,1464.3,1476.45,1599.7,1599.4,1599.95,1.5054058224163882,1.4675699722437554,1.5448872958943167,958479.539523564,944799.3195460854,973569.022847752,349.3734391284601,344.1633962637463,354.9674990740998,310727.09958533046,306256.71290975483,315506.68786633917,0.64515245171088,0.5932199289486082,0.69511885427713,4.563333333333334,3.722286458333333,5.430645833333332,0.0,0.0,0.0,0.0,0.0,0.0,4.25,3.0,5.5,0.0,0.0,0.0,9.8,7.8,11.8,0.65,0.35,0.95,583.05,560.95,605.4012499999999,7132.75,7040.35,7240.5025,0.0,0.0,0.0,0.0,0.0,0.0,107.23499999999999,107.14500000000001,107.32000000000002,0.0,0.0,0.0,0.0,0.0,0.0,0.0,0.0,0.0,0.0,0.0,0.0,0.0015155675035202875,0.001466934508571285,0.0015707853287312901,0.0021495090023381635,0.002046971745388873,0.0022719482117754515,0.0029018136415979797,0.0026558683302646355,0.0031568663229205388,0.0,0.0,0.0,0.0,0.0,0.0,0.0,0.0,0.0,0.006541334223729792,0.006312386699904892,0.006804794854132422,474.473828125,471.95076660156246,476.83362304687495,61.67821275999886,59.33199952488998,64.2906681087715,0.08174266587220917,599.1620550875565,0.21839934933328758,194.24085740159435
moscow,normal,illm_style_review,20,10.490645895415032,8.676568883203524,12.635977501928492,30.17479166666667,27.173484375000008,33.72419791666667,9.98866189502721,9.728108739380763,10.219879679998531,312.7158507868454,302.8114312966643,325.2726282569393,99.15,98.2,100.0,100.0,100.0,100.0,46.56999999999999,42.47493749999999,50.82249999999999,60.05,57.05,63.2,1454.05,1443.1,1464.3,1599.4,1599.0,1599.7,1.5683303349447697,1.5075020716197343,1.638846941906516,1024138.3623646374,1002497.6979933288,1050130.8241419124,374.8422253020169,366.54808472788,384.7566330103325,332013.2310125791,324906.55873423757,340416.375120834,0.6784664238412405,0.6060918241793785,0.7477733664945064,7.321041666666668,5.568958333333334,9.286499999999995,0.0,0.0,0.0,0.0,0.0,0.0,6.8,4.75,9.25,0.0,0.0,0.0,11.0,9.6,12.4,0.95,0.65,1.25,687.15,639.1,745.7512499999999,7582.4,7439.398749999999,7754.808749999999,0.0,0.0,0.0,0.0,0.0,0.0,46.975,46.650000000000006,47.35,0.02083333333333333,0.02083333333333333,0.02083333333333333,0.0,0.0,0.0,0.0,0.0,0.0,1.0,1.0,1.0,0.0015129575040191412,0.0014385571843740764,0.001591195571309072,0.0023281532630790016,0.0021345681459424663,0.002538573373109102,0.002891884847311301,0.0026109503250860123,0.003173483810941978,2.282999630551785e-05,2.174498797103297e-05,2.4162497866200283e-05,0.00018555749644292517,0.00016045658563234607,0.0002114984088693745,0.0002613494346151127,0.00022546987456735214,0.00030523544730094693,0.006721502040381892,0.006371330134456205,0.007098464641175166,475.64453125,473.7357275390625,477.4695361328125,66.58256288502017,64.00010461377533,69.33281233428526,0.09062434057818106,640.3265989525056,0.23436427741779225,207.5861141756778
moscow,normal,lightgpt_direct,20,5.409673780249909,4.308840565075989,6.576361947479779,18.960625,17.424125000000004,20.602296875,11.022698264141003,10.84324612626943,11.186280657469393,282.53952336798363,277.02432009486137,288.6957251611551,82.75999999999999,75.46999999999998,89.86499999999998,98.65,95.95,100.0,35.52749999999999,32.079999999999984,38.68506249999998,47.0,43.55,49.9,1468.45,1461.2,1474.95,1599.75,1599.5,1599.95,1.5010473531789266,1.4578473357371795,1.5490920812137603,956145.8127019914,943936.3429073051,970077.3847051015,348.3141497998191,343.7419545087068,353.54758060319637,309970.5264940567,305954.17137293814,314534.3920789302,0.6632591760161805,0.6035631554027098,0.7173646573987177,4.428125,3.4431197916666676,5.5433385416666665,0.0,0.0,0.0,0.0,0.0,0.0,3.5,2.45,4.65,0.0,0.0,0.0,13.3,10.9,15.9,0.6,0.25,1.0,581.1,551.95,613.1,7105.7,6995.75,7234.851250000001,0.0,0.0,0.0,0.0,0.0,0.0,110.40000000000002,110.40000000000002,110.40000000000002,1.0,1.0,1.0,0.9251458333333333,0.9223119791666664,0.9279583333333333,0.421625,0.41916666666666663,0.42404166666666665,0.51,0.51,0.51,0.003029945003800094,0.002902923931760597,0.0031545857571472877,0.004918180739041416,0.004319842578639509,0.005503660447167931,0.006183094260632055,0.005471710544382219,0.0069023874695776505,1.1437505600042642e-05,1.1022499384125695e-05,1.186501765914727e-05,2.2092738363426164e-05,2.0388470380566998e-05,2.3762486627674643e-05,3.118205466307694e-05,2.89568102030898e-05,3.331738156994101e-05,0.013843279215111073,0.013108213430053892,0.014588874096980968,475.1271484375,472.94822265625,477.1826416015625,67.12733836998814,63.74196526961504,70.43263961648174,0.08177941652476181,597.6845211451736,0.21773036399426107,193.76185434852738
moscow,normal,llm_no_semantic,20,10.490645895415032,8.662001783482665,12.667294058337044,30.17479166666667,27.164359375,33.812114583333326,9.98866189502721,9.725022793667044,10.218625157192166,312.7158507868454,302.86496896155035,325.2474330812779,99.15,98.2,100.0,100.0,100.0,100.0,46.56999999999999,42.46743749999999,50.77506249999998,60.05,57.05,63.25,1454.05,1442.8,1464.35,1599.4,1599.05,1599.7,1.5683303349447697,1.508078942301568,1.6380754460228253,1024138.3623646374,1002215.6237403658,1050006.4440725485,374.8422253020169,366.584008453339,384.55766000731563,332013.2310125791,324931.62024128885,340344.1967019534,0.6784664238412405,0.6060422787016803,0.747622964855587,7.321041666666668,5.524786458333334,9.301489583333332,0.0,0.0,0.0,0.0,0.0,0.0,6.8,4.75,9.3,0.0,0.0,0.0,11.0,9.6,12.4,0.95,0.65,1.25,687.15,639.19875,745.0012499999999,7582.4,7439.99875,7754.3025,0.0,0.0,0.0,0.0,0.0,0.0,46.975,46.65,47.35,0.02083333333333333,0.02083333333333333,0.02083333333333333,0.0,0.0,0.0,0.0,0.0,0.0,1.0,1.0,1.0,0.0015698700153734535,0.0014778917100920807,0.0016574951890652302,0.002470377507852389,0.0022534754526059245,0.0026979217068583226,0.003104873351927379,0.002739575361784953,0.0034780585752145245,2.5334980455227198e-05,2.2997412015683947e-05,2.7799993476946837e-05,0.00020018724986584852,0.0001670943482240545,0.00023488356149755404,0.0002762935924110933,0.00024069627327262405,0.00031577033960493266,0.007062608945149503,0.006654702783300309,0.007467481602819841,475.5134765625,473.5099169921875,477.3855908203125,68.9965202049876,65.98645046962163,72.21686525073295,0.09062434057818106,640.3265989525056,0.23436427741779225,207.5861141756778
moscow,normal,max_pressure,20,8.159977174236772,6.129663233726165,10.608326672212959,25.184583333333332,22.387661458333334,28.470234375,10.450834090217445,10.194434720744436,10.670070796770307,295.40576561035743,288.3791970455334,304.18411788344844,95.4525,93.3025,97.455,100.0,100.0,100.0,39.78499999999999,34.83993749999999,45.540062499999976,54.65,49.14875000000002,60.25,1453.95,1437.79875,1466.55,1599.1,1598.3,1599.7,1.4914495150431113,1.4515565642212813,1.5377187975243003,988596.0570761081,972348.7622542147,1007886.8954391518,361.35730171787566,355.0086673240392,368.99131861665563,320490.69925498345,315208.82914124895,326896.79063326865,0.7235036560367927,0.6412664255278879,0.7925509436668331,5.944166666666666,3.973114583333332,8.422098958333333,0.0,0.0,0.0,0.0,0.0,0.0,3.85,2.0,6.1,0.0,0.0,0.0,10.5,8.5,12.5,0.35,0.15,0.55,611.7,572.75,658.1512499999999,7351.55,7241.1,7480.8525,0.0,0.0,0.0,0.0,0.0,0.0,50.980000000000004,50.6,51.33,0.0,0.0,0.0,0.0,0.0,0.0,0.0,0.0,0.0,0.0,0.0,0.0,7.14974943548441e-05,6.961750317714178e-05,7.32875757239526e-05,0.00010825899866176768,0.00010567322938732104,0.00011088250872126078,0.00015155793773010353,0.0001400241128852939,0.00016377964971179586,0.0,0.0,0.0,0.0,0.0,0.0,0.0,0.0,0.0,0.0003226128736261874,0.0003160841504276403,0.0003293069769099222,473.96953125,471.1800732421875,476.532431640625,61.039781614998354,59.654229165391875,62.38817189550173,0.08320694275356898,618.2202845826453,0.2259754247500942,200.41942295977955
moscow,normal,ppo_ensemble,20,10.490645895415032,8.664582347726565,12.63561060077297,30.17479166666667,27.158307291666674,33.79752083333333,9.98866189502721,9.724317955843711,10.218560559668289,312.7158507868454,302.8018152875699,324.9229267592603,99.15,98.2,100.0,100.0,100.0,100.0,46.56999999999999,42.459937499999995,50.72499999999999,60.05,57.05,63.25,1454.05,1442.9,1464.4,1599.4,1599.05,1599.7,1.5683303349447697,1.5081874472217631,1.6384428224285108,1024138.3623646374,1002510.4465598919,1049579.1564488625,374.8422253020169,366.44638762695604,384.8881541083092,332013.2310125791,324998.95358880574,340416.3300920598,0.6784664238412405,0.605460392937663,0.7477487346153028,7.321041666666668,5.545208333333333,9.280874999999996,0.0,0.0,0.0,0.0,0.0,0.0,6.8,4.7,9.3,0.0,0.0,0.0,11.0,9.6,12.4,0.95,0.65,1.25,687.15,638.3,746.5,7582.4,7440.7,7757.20125,0.0,0.0,0.0,0.0,0.0,0.0,46.975,46.65,47.35,0.0,0.0,0.0,0.0,0.0,0.0,0.0,0.0,0.0,0.0,0.0,0.0,0.0013355674949707464,0.0012625601228501183,0.0014129500532726524,0.0019917314720805735,0.0018710919678196654,0.002129278988242731,0.0026433540397556464,0.0023885419853337205,0.0029134088695282065,0.0,0.0,0.0,0.0,0.0,0.0,0.0,0.0,0.0,0.005983301092362833,0.005687024694219669,0.0063017500385499775,474.84765625,472.50563964843747,476.9879150390625,65.44313238500035,62.83357516889606,68.3063805757479,0.09062434057818106,640.3265989525056,0.23436427741779225,207.5861141756778
moscow,normal,ppo_event_rule,20,10.490645895415032,8.642189931169977,12.661126056657828,30.17479166666667,27.16625,33.76402604166666,9.98866189502721,9.732281763368372,10.216778827208211,312.7158507868454,302.8661674407134,324.91136474984967,99.15,98.2,100.0,100.0,100.0,100.0,46.56999999999999,42.456812500000005,50.81749999999999,60.05,57.05,63.25,1454.05,1443.0,1464.35,1599.4,1599.05,1599.7,1.5683303349447697,1.5081794216002717,1.6382874099962206,1024138.3623646374,1002327.0780771538,1049679.291247974,374.8422253020169,366.56937689928714,384.72395274860105,332013.2310125791,324869.32842213125,340409.439416477,0.6784664238412405,0.6059837685455391,0.7482179716699064,7.321041666666668,5.518510416666667,9.292088541666665,0.0,0.0,0.0,0.0,0.0,0.0,6.8,4.748750000000021,9.25,0.0,0.0,0.0,11.0,9.6,12.4,0.95,0.65,1.25,687.15,638.95,745.4012499999999,7582.4,7441.2,7754.15125,0.0,0.0,0.0,0.0,0.0,0.0,46.975,46.655,47.35,0.0,0.0,0.0,0.0,0.0,0.0,0.0,0.0,0.0,0.0,0.0,0.0,0.0016400549910031259,0.001561496884387452,0.001715207597517292,0.0026182942488230756,0.002414663191739236,0.002818265972302469,0.003460608491441231,0.003135176914547625,0.003755809928265803,0.0,0.0,0.0,0.0,0.0,0.0,0.0,0.0,0.0,0.007422773584629695,0.007016239672377399,0.007820559945117564,475.3130859375,473.2148291015625,477.28595703125,70.00054373501916,66.18405404763705,73.7682571740223,0.09062434057818106,640.3265989525056,0.23436427741779225,207.5861141756778
moscow,packet_loss,ergs_no_calibration,20,12.668295776583046,9.126419996906833,17.41294605087692,36.60604166666667,28.260578125,50.24690625,9.735464625904577,9.202546945531747,10.147238806482765,323.9347875957724,305.4495029625495,350.8738383907352,97.85249999999999,96.05749999999999,99.4,100.0,100.0,100.0,51.23499999999998,43.44249999999998,60.64499999999998,64.7,56.8,74.15124999999989,1434.7,1395.64875,1459.25,1599.0,1597.8,1599.75,1.639786904042189,1.5268073537942157,1.8021293540568835,1054088.7157547434,1008687.2989321644,1125015.0849195307,387.0930556590016,369.01206178310423,414.61876969826693,341723.02516623866,326931.6332457204,364442.7400562494,0.6479317292992081,0.5681294499726322,0.7208555531635366,8.987291666666664,6.116869791666665,12.53646875,0.0,0.0,0.0,0.0,0.0,0.0,8.3,4.5,13.5,0.0,0.0,0.0,10.7,8.7,12.8,0.9,0.45,1.4,737.7,653.15,860.0549999999995,7599.05,7462.34875,7778.7525,0.0,0.0,0.0,0.0,0.0,0.0,46.665000000000006,46.35,46.98,0.07499999999999998,0.07499999999999998,0.07499999999999998,0.0,0.0,0.0,0.0,0.0,0.0,1.0,1.0,1.0,0.001464290008880198,0.0014105072628444759,0.001524791884512524,0.0022147872313507825,0.0020674584301814316,0.0023914018213254153,0.0028042844493174897,0.002524827775056473,0.0031223953852255325,2.124999591615051e-05,2.0412500743987037e-05,2.21075648732949e-05,0.0001932230193051509,0.00018441215474013,0.00020391706086957123,0.000248769416997675,0.0002295844151056373,0.0002721756238592209,0.0064756754661438095,0.006211138735293085,0.006794894444822501,477.7759765625,475.2665576171875,480.190244140625,64.25010646000737,61.638393618505795,66.91846923811913,0.09707792421421099,659.217458258126,0.242084462575986,213.71045976625308
moscow,packet_loss,ergs_no_hysteresis,20,12.668295776583046,9.125742792769037,17.385432207421648,36.60604166666667,28.292901041666667,49.97203645833331,9.735464625904577,9.210589347121807,10.137730408124076,323.9347875957724,305.4847517716021,350.5663799388173,97.85249999999999,96.1,99.5,100.0,100.0,100.0,51.23499999999998,43.37493749999999,60.58756249999998,64.7,56.85,73.95,1434.7,1395.5,1459.25,1599.0,1597.8,1599.75,1.639786904042189,1.5261136988288988,1.8026238501876684,1054088.7157547434,1008917.8027438786,1122742.1105336081,387.0930556590016,368.96457968805885,414.81802289428657,341723.02516623866,326961.1000173675,364305.9592312384,0.6479317292992081,0.5682238897394762,0.7212494975354391,8.987291666666664,6.107473958333333,12.493963541666666,0.0,0.0,0.0,0.0,0.0,0.0,8.3,4.5,13.5,0.0,0.0,0.0,10.7,8.7,12.8,0.9,0.45,1.4,737.7,653.25,861.4024999999998,7599.05,7463.7,7774.8025,0.0,0.0,0.0,0.0,0.0,0.0,46.665000000000006,46.355000000000004,46.98499999999999,0.07499999999999998,0.07499999999999998,0.07499999999999998,0.0,0.0,0.0,0.0,0.0,0.0,1.0,1.0,1.0,0.0013881499995477497,0.0013565524378645931,0.0014202251185633941,0.002016995253507047,0.001986135986153385,0.002046824600256513,0.0024344587495434083,0.002325135448742366,0.00256850262036314,2.03074945602566e-05,1.9447499507805332e-05,2.117499534506351e-05,0.00017880498664453622,0.00017390655214694555,0.00018362450617132704,0.00021882881014607852,0.00021039985897805313,0.00022760040506691442,0.006117629736230204,0.006064083517056536,0.0061704508031408395,478.6779296875,476.1997998046875,481.0976611328125,61.43810938498355,59.48656730012445,63.50252225798424,0.09707792421421099,659.217458258126,0.242084462575986,213.71045976625308
moscow,packet_loss,ergs_no_shield,20,12.668295776583046,9.112737369631134,17.371171033941586,36.60604166666667,28.127869791666665,49.80063020833334,9.735464625904577,9.19494559661089,10.143183097881677,323.9347875957724,305.49837093353034,350.5887060364252,97.85249999999999,96.10499999999999,99.4,100.0,100.0,100.0,51.23499999999998,43.48249999999998,60.595812499999916,64.7,56.85,73.95,1434.7,1396.5,1459.15,1599.0,1597.8,1599.75,1.639786904042189,1.526059736197593,1.8030780380384481,1054088.7157547434,1008674.3511604056,1124149.6887546862,387.0930556590016,369.0751416780347,414.7920178751497,341723.02516623866,326956.9939692397,364605.718264302,0.6479317292992081,0.5673769250167667,0.7215515049452892,8.987291666666664,6.137078125,12.49924999999999,0.0,0.0,0.0,0.0,0.0,0.0,8.3,4.5,13.5,0.0,0.0,0.0,10.7,8.7,12.8,0.9,0.45,1.4,737.7,652.69875,861.15,7599.05,7462.898749999999,7773.15125,0.0,0.0,0.0,0.0,0.0,0.0,46.665000000000006,46.355000000000004,46.980000000000004,0.07499999999999998,0.07499999999999998,0.07499999999999998,0.0,0.0,0.0,0.0,0.0,0.0,1.0,1.0,1.0,0.0014015300141181797,0.0013722124526975676,0.0014308057034941157,0.0020493302709655836,0.002009960893301468,0.0020889873440391965,0.002510116590710821,0.002368168772563512,0.0026692663892652476,2.0027492428198457e-05,1.9427417355473154e-05,2.066748864308465e-05,0.000175958499603439,0.00017059098130266638,0.00018135426913795517,0.0002213555966154673,0.00021363304028927825,0.00022934175217669708,0.006143063243354037,0.006073794330128699,0.0062119685820366125,478.262890625,475.7150341796875,480.711533203125,61.45966292500962,59.88035051850209,63.06069336999207,0.09707792421421099,659.217458258126,0.242084462575986,213.71045976625308
moscow,packet_loss,ergs_no_uncertainty,20,12.668295776583046,9.137030985491176,17.397677861798805,36.60604166666667,28.213109375,49.787640624999995,9.735464625904577,9.201224708932656,10.141989627304534,323.9347875957724,305.2208285633959,350.9369554760821,97.85249999999999,96.05749999999999,99.4,100.0,100.0,100.0,51.23499999999998,43.43249999999998,60.53006249999998,64.7,56.99875000000002,73.95,1434.7,1394.9,1459.5,1599.0,1597.8,1599.75,1.639786904042189,1.526780794116277,1.8051737772451721,1054088.7157547434,1007697.7477305942,1124982.421861585,387.0930556590016,369.0817012122987,415.10962858779703,341723.02516623866,326986.074562449,364851.71001816,0.6479317292992081,0.5671127105423045,0.7208727062029971,8.987291666666664,6.137895833333334,12.416177083333322,0.0,0.0,0.0,0.0,0.0,0.0,8.3,4.5,13.45,0.0,0.0,0.0,10.7,8.7,12.8,0.9,0.45,1.4,737.7,653.75,860.25,7599.05,7463.74875,7774.0525,0.0,0.0,0.0,0.0,0.0,0.0,46.665000000000006,46.355000000000004,46.980124999999994,0.07499999999999998,0.07499999999999998,0.07499999999999998,0.0,0.0,0.0,0.0,0.0,0.0,1.0,1.0,1.0,0.0014084850146900863,0.0013500550262688193,0.0014772602730954531,0.002145412262470927,0.002018585826466733,0.0023149998491935543,0.002686396697943562,0.0024431482216939896,0.002990728643701002,2.086999302264303e-05,2.01649904192891e-05,2.1629987386404534e-05,0.00018545952945714806,0.00017982776338612883,0.0001917411269023432,0.0002441978944116273,0.00022231610667804502,0.000276037547105807,0.006300148470957841,0.006068750311064328,0.006603479916298158,477.990625,475.4392138671875,480.4639013671875,63.47161237499677,60.741791910989846,66.44253310299608,0.09707792421421099,659.217458258126,0.242084462575986,213.71045976625308
moscow,packet_loss,ergs_v3,20,12.668295776583046,9.097418326603565,17.310866220927743,36.60604166666667,28.209286458333334,49.96251041666667,9.735464625904577,9.202333418331639,10.139481304548264,323.9347875957724,305.4370935583653,351.2702158964684,97.85249999999999,96.1,99.4,100.0,100.0,100.0,51.23499999999998,43.29499999999998,60.77999999999999,64.7,56.9,74.05124999999988,1434.7,1395.55,1459.3,1599.0,1597.8,1599.75,1.639786904042189,1.5261124670304929,1.8044669337237256,1054088.7157547434,1008337.812615204,1124435.7472423182,387.0930556590016,369.1458864358755,415.34193596210133,341723.02516623866,326916.7057349365,364503.04349699774,0.6479317292992081,0.5675868921936741,0.7199288557624839,8.987291666666664,6.078322916666668,12.452182291666658,0.0,0.0,0.0,0.0,0.0,0.0,8.3,4.45,13.5,0.0,0.0,0.0,10.7,8.7,12.8,0.9,0.45,1.45,737.7,653.74875,861.2037499999997,7599.05,7462.84875,7779.8075,0.0,0.0,0.0,0.0,0.0,0.0,46.665000000000006,46.35,46.985,0.07499999999999998,0.07499999999999998,0.07499999999999998,0.0,0.0,0.0,0.0,0.0,0.0,1.0,1.0,1.0,0.0014364174887305126,0.001408294870707323,0.001463957486121217,0.002096790007781237,0.00207009200212633,0.002123187324294122,0.0026066828127368326,0.002474821745132793,0.002754317347511819,2.0675003179349004e-05,1.9985015242127702e-05,2.130250803020317e-05,0.00017792800208553665,0.0001721902446006424,0.0001841287777278921,0.0002236246989341454,0.00021485189629456746,0.00023215520324010885,0.006299785377697037,0.006256182541767379,0.0063439537877645,479.271484375,476.78866210937497,481.687744140625,70.6111350650026,67.93855031288564,73.87831991064463,0.09707792421421099,659.217458258126,0.242084462575986,213.71045976625308
moscow,packet_loss,fixed,20,7.770987056330942,5.496442701981824,10.423622519823239,26.559375,23.479562499999997,30.096890625,10.336255702826707,10.059987459855664,10.579081344844065,291.68525652416224,283.69201584501434,301.76397326420664,82.1575,75.76243749999999,88.80756249999999,96.7,93.95,99.15,47.47249999999999,42.7699375,52.77006249999999,64.25,57.7,71.0,1453.3,1438.5,1464.75,1599.6,1599.25,1599.85,1.6905845777392767,1.6479344834662284,1.7407294199243308,965426.5052256895,948765.2643671151,984278.5043256702,353.99390924014335,347.54791760770553,361.3860741635715,312979.61849046627,307567.16321720165,319129.6367915397,0.6351393014756055,0.5776448990073078,0.685173087994613,6.909166666666667,5.262458333333334,8.922708333333334,0.0,0.0,0.0,0.0,0.0,0.0,4.1,2.1,6.45,0.0,0.0,0.0,12.5,10.8,14.2,1.1,0.7,1.55,654.5,619.4,693.3512499999999,7291.4,7186.2,7399.65,0.0,0.0,0.0,0.0,0.0,0.0,159.0,159.0,159.0,0.0,0.0,0.0,0.0,0.0,0.0,0.0,0.0,0.0,0.0,0.0,0.0,6.394499796442687e-05,6.222499636351131e-05,6.58275801106356e-05,0.0001019307514070533,9.86094869149383e-05,0.00010557583798799893,0.00013898439705371845,0.0001283020056100212,0.0001517170404302304,0.0,0.0,0.0,0.0,0.0,0.0,0.0,0.0,0.0,0.0002908694044648049,0.00028327382176757967,0.00029947782829407914,474.9654296875,471.64451171875,478.0144580078125,59.75508199499454,58.33608860049819,61.29692013299747,0.08976328277148421,603.5424513789006,0.22130151865475328,195.6611768507541
moscow,packet_loss,idqn,20,6.909981913546682,4.9732368067110135,9.051555456922884,21.174583333333334,18.45104166666667,24.268906249999986,10.844907273972474,10.567233491558225,11.107032443325386,289.14544528724457,280.2364021497413,299.7329410725858,84.865,77.4774375,92.01768749999998,97.85,95.4,99.8,36.919999999999995,32.06999999999999,41.97006249999998,47.85,42.45,53.25,1467.75,1460.45,1474.8,1599.75,1599.3,1600.0,1.5108187309855314,1.4523691200657896,1.5777689248295161,970426.7258091256,951175.6949495504,992184.7162249916,353.9855022078653,346.6828877932664,362.2917447530772,314600.29611307866,308416.5224204582,321673.66080911463,0.5926081387780442,0.5164227956990185,0.6659326927848264,6.220625,4.517067708333333,8.1204375,0.0,0.0,0.0,0.0,0.0,0.0,5.1,3.25,7.0,0.0,0.0,0.0,9.1,7.4,10.9,0.65,0.35,1.0,581.55,541.75,627.0024999999998,7219.75,7086.398749999999,7361.55125,0.0,0.0,0.0,0.0,0.0,0.0,102.48999999999998,102.195,102.795,0.0,0.0,0.0,0.0,0.0,0.0,0.0,0.0,0.0,0.0,0.0,0.0,0.0015730700077256187,0.0015233918229932896,0.001624077824089909,0.0023273010065895496,0.002147038114388124,0.0025274335966387292,0.0032747162011219156,0.0029312186697890833,0.003612597922144046,0.0,0.0,0.0,0.0,0.0,0.0,0.0,0.0,0.0,0.006953543818995565,0.006678870539518659,0.007241755273232734,475.608984375,472.607421875,478.4744189453125,64.40477435499197,61.79180007273826,66.97797330500994,0.08054988053602964,606.6114866754965,0.22127551317885,196.6559125570112
moscow,packet_loss,illm_style_review,20,12.668295776583046,9.157732621561857,17.33342258275658,36.60604166666667,28.213536458333333,49.81436979166666,9.735464625904577,9.204325182887743,10.138425495413733,323.9347875957724,305.5994965736491,350.50491613192486,97.85249999999999,96.09906250000002,99.5,100.0,100.0,100.0,51.23499999999998,43.44749999999998,60.83499999999998,64.7,56.8,74.15,1434.7,1394.54875,1459.3012499999998,1599.0,1597.8,1599.75,1.639786904042189,1.5270697661421437,1.8029514697157674,1054088.7157547434,1008947.5277474438,1123926.5188597778,387.0930556590016,369.11638238893937,415.334607628961,341723.02516623866,326935.3576602164,364397.10667916364,0.6479317292992081,0.5675988863326394,0.7206751383920106,8.987291666666664,6.110760416666668,12.498770833333333,0.0,0.0,0.0,0.0,0.0,0.0,8.3,4.45,13.55,0.0,0.0,0.0,10.7,8.7,12.8,0.9,0.45,1.45,737.7,653.85,862.25,7599.05,7463.05,7779.75125,0.0,0.0,0.0,0.0,0.0,0.0,46.665000000000006,46.35,46.98,0.07499999999999998,0.07499999999999998,0.07499999999999998,0.0,0.0,0.0,0.0,0.0,0.0,1.0,1.0,1.0,0.0015382699988549576,0.0014693695012829265,0.0016094299937685719,0.0023758874982013362,0.0021733936536547844,0.002599491262102673,0.0029124061004840744,0.0026133296422689444,0.003245056348723298,2.1107518114149572e-05,2.0145013622823174e-05,2.1987516229273753e-05,0.00019536623440217222,0.00018518538852367779,0.00020535051190381627,0.00026317833550274395,0.0002377809969068041,0.00029066914424474854,0.006789687849013718,0.006425313961101588,0.007180704697417242,477.418359375,474.9259521484375,479.86572265625,66.37167138497462,63.16659752184874,69.56853471445385,0.09707792421421099,659.217458258126,0.242084462575986,213.71045976625308
moscow,packet_loss,lightgpt_direct,20,5.409673780249909,4.331339473892801,6.577648686533107,18.960625,17.441421874999996,20.58500520833333,11.022698264141003,10.847716800979551,11.187864646214903,282.53952336798363,276.98764962221253,288.80900826178123,82.75999999999999,75.35249999999999,89.85999999999999,98.65,95.95,100.0,35.52749999999999,32.16168750000001,38.635062499999975,47.0,43.6,49.9,1468.45,1461.25,1475.0,1599.75,1599.5,1599.95,1.5010473531789266,1.4583757093959695,1.5500973277565235,956145.8127019914,943887.5114524568,969858.18432519,348.3141497998191,343.6417529735895,353.461928117531,309970.5264940567,305920.96743854036,314470.37888410926,0.6632591760161805,0.6042680616901,0.7181109678908406,4.428125,3.444786458333333,5.541875,0.0,0.0,0.0,0.0,0.0,0.0,3.5,2.45,4.65,0.0,0.0,0.0,13.3,10.9,15.9,0.6,0.25,1.0,581.1,552.14875,614.2,7105.7,6995.59875,7232.85,0.0,0.0,0.0,0.0,0.0,0.0,110.40000000000002,110.40000000000002,110.40000000000002,1.0,1.0,1.0,0.9248333333333333,0.9210624999999999,0.9284791666666665,0.4291458333333334,0.42647916666666674,0.43162500000000004,0.51,0.51,0.51,0.0030970299994805828,0.0029928984924481486,0.003200700324086938,0.004846468261966947,0.004298991004819981,0.0053919913269201035,0.006170019188604782,0.005485288315397337,0.006804482119463499,1.5884978347457944e-05,1.542497775517404e-05,1.6349973157048227e-05,2.9352525889407833e-05,2.727178828354226e-05,3.140777989756315e-05,4.056225024396549e-05,3.760349466028849e-05,4.33174827092443e-05,0.014087236493643204,0.013452524759650463,0.01470727798375184,476.2806640625,473.57044921875,478.92033691406255,68.02417800498078,65.52556018410921,70.49793464073431,0.08177941652476181,597.6845211451736,0.21773036399426107,193.76185434852738
moscow,packet_loss,llm_no_semantic,20,12.668295776583046,9.161094118238134,17.389153864522626,36.60604166666667,28.197895833333334,49.76088020833333,9.735464625904577,9.204191322228242,10.139562106626173,323.9347875957724,305.55446948901493,350.7921761098306,97.85249999999999,96.1,99.4,100.0,100.0,100.0,51.23499999999998,43.24743749999998,60.59249999999999,64.7,56.85,74.05,1434.7,1395.6,1459.45,1599.0,1597.8,1599.75,1.639786904042189,1.5261166819449352,1.803491205408019,1054088.7157547434,1008156.779099203,1123728.307350256,387.0930556590016,369.1026652581195,414.49919073106787,341723.02516623866,326863.09488344734,364429.32219659135,0.6479317292992081,0.5689647673419101,0.7207196243121775,8.987291666666664,6.136651041666667,12.489588541666665,0.0,0.0,0.0,0.0,0.0,0.0,8.3,4.5,13.5,0.0,0.0,0.0,10.7,8.7,12.8,0.9,0.45,1.4,737.7,652.69875,861.0,7599.05,7462.95,7776.702499999999,0.0,0.0,0.0,0.0,0.0,0.0,46.665000000000006,46.35,46.975,0.07499999999999998,0.07499999999999998,0.07499999999999998,0.0,0.0,0.0,0.0,0.0,0.0,1.0,1.0,1.0,0.0015773550112498924,0.001500852263707202,0.0016503853237372823,0.00250668048422085,0.002279237467475467,0.00274216344335582,0.0032571132039884085,0.002837923446096828,0.0036991045190094113,2.0685006165876985e-05,1.9825005438178778e-05,2.1552504040300847e-05,0.00019993776251794765,0.00018950536403281143,0.00021096178514562773,0.0002600199681473899,0.00023700438914092968,0.0002853666135371898,0.007024449611320355,0.006629730503332313,0.007417235084155539,477.0828125,474.5695263671875,479.61708984374997,68.27743757002172,65.32029681101208,71.26362545526747,0.09707792421421099,659.217458258126,0.242084462575986,213.71045976625308
moscow,packet_loss,max_pressure,20,9.225599577011073,7.521094089549843,11.011654607747042,27.097291666666667,24.738531250000005,29.61480729166667,10.280864990251702,10.081280900629256,10.47905921019758,300.3170009422075,294.87418316912186,305.67178282401125,96.905,94.51999999999998,98.9,100.0,100.0,100.0,44.86749999999999,39.614999999999995,50.11749999999999,59.5,53.45,65.15,1450.25,1436.0,1463.3,1599.1,1598.35,1599.7,1.5267409886871843,1.4840571117212553,1.567466424325391,1000534.6970526783,988351.3445825996,1012588.7738500843,365.9685995558134,361.1557197170344,370.77087718091565,324361.1297638709,320415.67165723874,328376.7616314654,0.6833258936792924,0.628300326276196,0.7369636047222302,6.44375,5.1539375,7.845645833333332,0.0,0.0,0.0,0.0,0.0,0.0,4.95,3.2,6.8,0.0,0.0,0.0,8.7,7.0,10.4,0.5,0.2,0.8,631.3,599.8,661.9012499999999,7398.0,7310.1,7491.0,0.0,0.0,0.0,0.0,0.0,0.0,50.745,50.42,51.074999999999996,0.0,0.0,0.0,0.0,0.0,0.0,0.0,0.0,0.0,0.0,0.0,0.0,7.200998370535672e-05,7.074740911775735e-05,7.331499095016624e-05,0.00010691749892430377,0.00010414495576696932,0.00010971927284117554,0.00014667119737714516,0.00013763542140950434,0.00015611472645105082,0.0,0.0,0.0,0.0,0.0,0.0,0.0,0.0,0.0,0.00032452568491862625,0.0003180366870771346,0.00033090770853030135,475.170703125,472.0626904296875,478.1765771484375,61.187458855006845,59.95904711425726,62.507909841761425,0.0853338740200054,625.6861341083599,0.22885910797061684,202.83980349188352
moscow,packet_loss,ppo_ensemble,20,12.668295776583046,9.129237560788974,17.37638872060926,36.60604166666667,28.213739583333332,49.87373958333332,9.735464625904577,9.203842692593984,10.137352998380496,323.9347875957724,305.3221719017726,350.31178119593255,97.85249999999999,96.10499999999999,99.5,100.0,100.0,100.0,51.23499999999998,43.477499999999985,60.565187499999965,64.7,56.8,74.05,1434.7,1395.35,1459.35,1599.0,1597.8,1599.75,1.639786904042189,1.5271133752353536,1.8028260821167634,1054088.7157547434,1008444.0769416319,1125251.6968369244,387.0930556590016,369.0664113901685,414.9988555539296,341723.02516623866,326875.81803794776,364626.2150555866,0.6479317292992081,0.5667774072686642,0.7202081732275989,8.987291666666664,6.120979166666668,12.440843749999997,0.0,0.0,0.0,0.0,0.0,0.0,8.3,4.45,13.6,0.0,0.0,0.0,10.7,8.7,12.8,0.9,0.45,1.45,737.7,652.2,862.3012499999999,7599.05,7464.898749999999,7773.50125,0.0,0.0,0.0,0.0,0.0,0.0,46.665000000000006,46.355,46.980000000000004,0.0,0.0,0.0,0.0,0.0,0.0,0.0,0.0,0.0,0.0,0.0,0.0,0.0013634550123242661,0.0012908870811952512,0.0014387374954822007,0.0020411152587621463,0.0019120016568776913,0.0021776335953254595,0.002692542905104344,0.0024136399336202857,0.0029791730390890713,0.0,0.0,0.0,0.0,0.0,0.0,0.0,0.0,0.0,0.006099476314912963,0.005773244609145979,0.0064540464487955525,475.9326171875,473.08626953125,478.65769531250004,67.84768599501112,63.9736784557678,72.13292704538136,0.09707792421421099,659.217458258126,0.242084462575986,213.71045976625308
moscow,packet_loss,ppo_event_rule,20,13.223547203263632,10.035424997438621,17.557074585977084,37.02395833333334,29.44495833333334,49.148994791666674,9.67295014524084,9.175391206774274,10.03430428913512,325.0405851972053,307.5871095238594,352.1060867490617,99.4,98.25,100.0,100.0,100.0,100.0,53.56999999999999,47.0175,61.77756249999998,66.45,59.2,76.15,1432.15,1395.45,1457.7,1598.65,1597.7,1599.45,1.6544789953442212,1.5496345949122343,1.8170012963613453,1057386.4992660792,1015673.3539251146,1123326.9392067867,388.2667609858629,371.8284448894636,414.46487042151864,342792.12191121525,329338.6369708565,364192.799778086,0.632606118004792,0.5508462534629243,0.712181317762483,9.238125,6.6366562500000015,12.310036458333329,0.0,0.0,0.0,0.0,0.0,0.0,8.15,5.25,11.8,0.0,0.0,0.0,11.3,9.6,13.0,0.65,0.25,1.15,735.55,661.05,848.2037499999997,7616.25,7472.49875,7810.601250000001,0.0,0.0,0.0,0.0,0.0,0.0,46.645,46.36,46.95,0.0,0.0,0.0,0.002375,0.0018749999999999995,0.002875,0.0011875,0.0009374999999999997,0.0014375,0.0,0.0,0.0,0.0016507299907971174,0.0015758247292978922,0.00172338286320155,0.002665633512369822,0.002443125673140457,0.0028886796209044393,0.0034885621896828486,0.003085076706585821,0.0038852112372434883,0.0,0.0,0.0,0.0,0.0,0.0,0.0,0.0,0.0,0.007516275000388204,0.007107084607237589,0.007923934760805626,476.7029296875,473.94802734374997,479.346875,70.32789546499843,66.97503835489145,73.70764378475243,0.09657639914656163,661.4246390805238,0.24287164856964494,214.4259981304321
moscow,sensor_delay_noise,ergs_no_calibration,20,11.011959354449672,9.416250941897253,12.681108803118246,33.116041666666675,30.614578125,35.692093750000005,9.724518330222896,9.530279057411347,9.917565490365003,319.73122450821234,312.2078369708528,327.57056053485746,98.6,97.15,99.7,100.0,100.0,100.0,51.43499999999998,47.577499999999986,55.24999999999998,66.85,62.2,71.4,1455.4,1442.65,1465.2,1599.5,1599.1,1599.85,1.6073935158707138,1.5640541661344425,1.65233564757407,1042477.7138065057,1025858.2446813487,1059648.0277723551,381.94921354474053,375.4638662767953,388.59448181055893,337958.7262018729,332559.56310109294,343704.7730577415,0.6897389384229639,0.6321684599243323,0.7422987258836758,7.5372916666666665,5.923328124999999,9.396942708333325,0.0,0.0,0.0,0.0,0.0,0.0,6.0,4.1,7.95,0.0,0.0,0.0,10.5,8.6,12.5,0.75,0.5,1.0,716.25,679.15,753.7512499999999,7664.05,7533.05,7799.70125,0.0,0.0,0.0,0.0,0.0,0.0,48.415,48.13,48.7,0.07499999999999998,0.07499999999999998,0.07499999999999998,0.15166666666666667,0.14305555555555555,0.16055555555555553,0.0,0.0,0.0,1.0,1.0,1.0,0.0012582600116729735,0.0012158850293053547,0.001299372493449482,0.0255388632448739,0.02400738857238317,0.026920095440618724,0.0665252698080148,0.06104272035162718,0.0724876522069127,1.9264992442913353e-05,1.844749494921416e-05,2.0047486759722233e-05,0.026912466508802007,0.0263508820387069,0.027459503960650163,0.033096258651290573,0.03203104192478351,0.03418887742184308,0.018072012384711542,0.01725703590285371,0.018932959616775203,478.08125,475.4364599609375,480.702978515625,55.80875258499291,52.93099304837495,58.503690697852726,0.0934558099177328,651.7522437052239,0.2387928812408506,211.2902320736936
moscow,sensor_delay_noise,ergs_no_hysteresis,20,11.011959354449672,9.423933285243153,12.663525991353488,33.116041666666675,30.607281250000003,35.71921354166666,9.724518330222896,9.526618316510062,9.91688678374301,319.73122450821234,312.26014491442857,327.41261507291307,98.6,97.15,99.7,100.0,100.0,100.0,51.43499999999998,47.58749999999999,55.19256249999997,66.85,62.15,71.45,1455.4,1442.75,1465.35,1599.5,1599.1,1599.85,1.6073935158707138,1.5639864375151453,1.6514398896954163,1042477.7138065057,1025756.6606086306,1059948.34748653,381.94921354474053,375.3843949717793,388.691139959161,337958.7262018729,332522.3188847335,343682.9980696153,0.6897389384229639,0.6326089381528492,0.7425095223500545,7.5372916666666665,5.891651041666667,9.394171875,0.0,0.0,0.0,0.0,0.0,0.0,6.0,4.1,8.0,0.0,0.0,0.0,10.5,8.6,12.5,0.75,0.5,1.0,716.25,679.09875,753.55,7664.05,7535.19875,7798.75125,0.0,0.0,0.0,0.0,0.0,0.0,48.415,48.135,48.7,0.07499999999999998,0.07499999999999998,0.07499999999999998,0.15166666666666667,0.14305555555555555,0.16055555555555553,0.0,0.0,0.0,1.0,1.0,1.0,0.001236967506702058,0.0011837623840256128,0.0012911086990061446,0.025569633003324245,0.0239347501164884,0.027083899101759002,0.06749931669444768,0.06214354698550879,0.0734393369401149,1.9137494382448496e-05,1.827491716539953e-05,1.9997483541374095e-05,0.02686980574886546,0.02612101153468391,0.027603207775115126,0.03389626076130664,0.03194872398888257,0.03647801317799025,0.017983347964578168,0.017100864346399656,0.018883435288008003,479.1076171875,476.446474609375,481.6871240234375,54.28036553500569,51.533116442009195,57.0969663101343,0.0934558099177328,651.7522437052239,0.2387928812408506,211.2902320736936
moscow,sensor_delay_noise,ergs_no_shield,20,11.011959354449672,9.415563691551874,12.724438480647036,33.116041666666675,30.580171874999998,35.73354166666667,9.724518330222896,9.524187485743706,9.918759176528845,319.73122450821234,312.1706284787461,327.4467251165657,98.6,97.15,99.85,100.0,100.0,100.0,51.43499999999998,47.577499999999986,55.18999999999998,66.85,62.25,71.3,1455.4,1442.5,1465.4,1599.5,1599.1,1599.85,1.6073935158707138,1.5635432060806733,1.651990111743734,1042477.7138065057,1025774.0574345767,1060039.2610634821,381.94921354474053,375.50966053501054,388.6397302350553,337958.7262018729,332492.52480513236,343572.03500820795,0.6897389384229639,0.6327571430436769,0.742263168817992,7.5372916666666665,5.897895833333333,9.397708333333334,0.0,0.0,0.0,0.0,0.0,0.0,6.0,4.1,8.0,0.0,0.0,0.0,10.5,8.6,12.5,0.75,0.5,1.05,716.25,679.24875,753.0512499999999,7664.05,7534.84875,7798.1,0.0,0.0,0.0,0.0,0.0,0.0,48.415,48.135000000000005,48.69500000000001,0.07499999999999998,0.07499999999999998,0.07499999999999998,0.15166666666666667,0.14305555555555555,0.16055555555555553,0.0,0.0,0.0,1.0,1.0,1.0,0.0012460924976039679,0.0011954218769824364,0.0012981774984655203,0.026441925753897484,0.024594006262865106,0.028180640055004872,0.06713666019699294,0.0616239231253158,0.07290346081766898,1.8797488883137704e-05,1.791998802218586e-05,1.9622560212155798e-05,0.026416868256346777,0.025641948698030315,0.027118489732412848,0.03230411834910048,0.031131212702968352,0.03342751727857685,0.017871831252608297,0.01696482350919865,0.018773322990199525,478.6740234375,475.9556591796875,481.25843261718745,55.49911986002117,52.8243045442547,58.22037465140369,0.0934558099177328,651.7522437052239,0.2387928812408506,211.2902320736936
moscow,sensor_delay_noise,ergs_no_uncertainty,20,11.011959354449672,9.41584749321317,12.654045050421134,33.116041666666675,30.576875,35.76794270833333,9.724518330222896,9.52604102531404,9.91854397857598,319.73122450821234,312.2471268279066,327.50382737211834,98.6,97.1,99.85,100.0,100.0,100.0,51.43499999999998,47.52493749999999,55.18249999999998,66.85,62.3,71.3,1455.4,1442.8,1465.3512499999997,1599.5,1599.1,1599.85,1.6073935158707138,1.5640735255272398,1.6523927207736693,1042477.7138065057,1025512.2712926586,1060221.6057230963,381.94921354474053,375.5915949962373,388.67369211025493,337958.7262018729,332499.2834885281,343628.5915740129,0.6897389384229639,0.6321706121055963,0.741953054918911,7.5372916666666665,5.897072916666667,9.398567708333333,0.0,0.0,0.0,0.0,0.0,0.0,6.0,4.1,8.0,0.0,0.0,0.0,10.5,8.6,12.4,0.75,0.5,1.001249999999891,716.25,679.2,753.25,7664.05,7533.69875,7796.35,0.0,0.0,0.0,0.0,0.0,0.0,48.415,48.13000000000001,48.705,0.07499999999999998,0.07499999999999998,0.07499999999999998,0.15166666666666667,0.14305555555555555,0.16055555555555553,0.0,0.0,0.0,1.0,1.0,1.0,0.0012415075005264952,0.001197752453517751,0.0012845463772828225,0.02716071325354274,0.02556661991622237,0.028668530918577705,0.0669703355068922,0.0623214756616027,0.07198573231397153,1.813000999391079e-05,1.7382507139700467e-05,1.888750703074038e-05,0.02697234149381983,0.026481023265427204,0.027499240577846636,0.03264952044864187,0.031600572486461906,0.03379036259781571,0.017916086228554683,0.017173610353737278,0.01867253108113275,478.32890625,475.6183447265625,480.9800927734375,55.35931519499282,52.41580780249497,58.34236548224246,0.0934558099177328,651.7522437052239,0.2387928812408506,211.2902320736936
moscow,sensor_delay_noise,ergs_v3,20,11.011959354449672,9.404934450304982,12.71507897988138,33.116041666666675,30.56435416666667,35.75252083333334,9.724518330222896,9.525179836456907,9.920542153770883,319.73122450821234,312.1224249409325,327.61938645663696,98.6,97.1,99.7,100.0,100.0,100.0,51.43499999999998,47.577499999999986,55.200062499999966,66.85,62.2,71.35,1455.4,1442.8487499999999,1465.3,1599.5,1599.1,1599.85,1.6073935158707138,1.563740608809085,1.6522872592955715,1042477.7138065057,1025733.6261856257,1059997.4503485851,381.94921354474053,375.52721921407516,388.69478798351287,337958.7262018729,332498.05404750636,343595.28784662776,0.6897389384229639,0.633018008699807,0.7416377934510441,7.5372916666666665,5.893505208333333,9.424375000000001,0.0,0.0,0.0,0.0,0.0,0.0,6.0,4.1,7.95,0.0,0.0,0.0,10.5,8.6,12.5,0.75,0.5,1.0,716.25,678.5975000000001,753.25,7664.05,7535.4,7797.902499999999,0.0,0.0,0.0,0.0,0.0,0.0,48.415,48.13,48.695,0.07499999999999998,0.07499999999999998,0.07499999999999998,0.15166666666666667,0.14305555555555555,0.1605555555555555,0.0,0.0,0.0,1.0,1.0,1.0,0.001247950008837506,0.0011952843246399423,0.0012999200032209046,0.026030739740817765,0.024146153744106367,0.027804889692619288,0.06819940701400616,0.06315281957862018,0.07355995153598471,1.9335001707077026e-05,1.8262445737491363e-05,2.0384986564749853e-05,0.02700184875720878,0.026316758628156085,0.027653105083860267,0.03358047894632911,0.03208424188187638,0.035077933637549026,0.018094394318913045,0.01724596203122605,0.01893926697266579,479.6845703125,477.000390625,482.2589990234375,62.8287758950144,59.07266829351676,66.43544571476203,0.0934558099177328,651.7522437052239,0.2387928812408506,211.2902320736936
moscow,sensor_delay_noise,fixed,20,7.770987056330942,5.530833735619486,10.407366234621758,26.559375,23.48933854166667,30.158578125,10.336255702826707,10.063203096824381,10.580729941234654,291.68525652416224,283.7176338772461,301.6927546896488,82.1575,75.81749999999998,88.81006249999999,96.7,93.9,99.1,47.47249999999999,42.81743749999999,52.6675,64.25,57.65,71.1,1453.3,1438.7,1464.8,1599.6,1599.25,1599.9,1.6905845777392767,1.6485178119240982,1.7400551242722662,965426.5052256895,948634.6321036672,984638.8260088246,353.99390924014335,347.57248903634576,361.40551646485636,312979.61849046627,307545.4310176236,319270.53578575933,0.6351393014756055,0.578594711757536,0.6849846073881094,6.909166666666667,5.273713541666666,8.869390624999998,0.0,0.0,0.0,0.0,0.0,0.0,4.1,2.05,6.45,0.0,0.0,0.0,12.5,10.8,14.1,1.1,0.7,1.5,654.5,619.2,693.45,7291.4,7186.24625,7399.6,0.0,0.0,0.0,0.0,0.0,0.0,159.0,159.0,159.0,0.0,0.0,0.0,0.0,0.0,0.0,0.0,0.0,0.0,0.0,0.0,0.0,6.251248705666513e-05,5.8815002339542844e-05,6.621748041652608e-05,9.225299232639371e-05,8.6746461893199e-05,9.773250651051058e-05,0.00011851954768644639,0.00010685098451067454,0.00013114810617989846,0.0,0.0,0.0,0.0,0.0,0.0,0.0,0.0,0.0,0.00027882264680455487,0.0002623101593326283,0.0002955440730511327,475.214453125,471.7305810546875,478.454951171875,56.99868824000005,53.6272588607356,60.392674010519826,0.08976328277148421,603.5424513789006,0.22130151865475328,195.6611768507541
moscow,sensor_delay_noise,idqn,20,6.36191061698557,4.961483450972055,8.014315213164805,20.496875,18.55768229166667,22.760630208333332,10.899036088466191,10.699628353534504,11.074990394947205,285.45157589838016,279.4371271489294,292.91000545697295,87.60999999999999,81.25999999999999,93.71593749999991,100.0,100.0,100.0,38.47249999999999,34.38749999999999,42.57256249999998,50.35,47.1,54.15,1464.75,1454.8,1474.05,1599.6,1599.25,1599.9,1.489808863692577,1.4453860994783876,1.5411226638619224,963552.8367333782,949589.0708787877,980450.57428229,351.3964904572026,346.0559564490217,357.7299204323476,312371.84387320414,307770.5768810004,317745.4541940872,0.6388526571011204,0.5687680941932522,0.7033726668260637,5.376041666666667,4.0722916666666675,6.904583333333333,0.0,0.0,0.0,0.0,0.0,0.0,4.3,2.9,5.9,0.0,0.0,0.0,10.1,8.3,12.0,1.0,0.55,1.45,579.6,549.95,614.05,7155.25,7036.09875,7293.95125,0.0,0.0,0.0,0.0,0.0,0.0,102.75999999999999,102.52000000000001,103.0,0.0,0.0,0.0,0.0,0.0,0.0,0.0,0.0,0.0,0.0,0.0,0.0,0.0013732050021644682,0.0013271372506278567,0.0014176485656935253,0.0018745202379068355,0.0018092789434522273,0.0019388793480829912,0.0021379744486184783,0.0019939019040743004,0.002315869959522385,0.0,0.0,0.0,0.0,0.0,0.0,0.0,0.0,0.0,0.005938072836474425,0.005741103231522073,0.0061299620094394216,475.9359375,472.8316064453125,478.97913574218745,54.04652269000653,51.44700722738766,56.639225222026866,0.08100345899863737,602.3711157372958,0.21967772596724344,195.2812227264342
moscow,sensor_delay_noise,illm_style_review,20,11.465051613941835,8.936034450541747,14.807986559089116,35.36770833333334,30.257890625,43.002333333333326,9.643606939950711,9.24175977157931,9.94896275967863,325.265301623975,311.41287313616846,345.5893258850218,98.9025,97.85749999999999,99.705,100.0,100.0,100.0,52.08749999999998,47.38749999999999,57.43999999999998,65.05,59.85,70.75,1448.45,1427.3,1464.7,1599.25,1598.75,1599.7,1.652031867692968,1.5667931211651762,1.767416448894448,1051565.144163405,1020335.798562825,1096562.783162121,385.64051291922084,373.624165454648,402.6135156396825,340904.8421704834,330605.2704972804,354842.9658833172,0.7173268900270106,0.655872155509211,0.7707374269525965,7.3125,5.359989583333333,9.74088541666666,0.0,0.0,0.0,0.0,0.0,0.0,5.6,3.3,8.45,0.0,0.0,0.0,10.0,8.3,11.8,0.5,0.3,0.7,740.95,674.19875,834.85,7684.9,7538.24875,7870.6075,0.0,0.0,0.0,0.0,0.0,0.0,48.075,47.81,48.35,0.07499999999999998,0.07499999999999998,0.07499999999999998,0.15166666666666667,0.14194444444444443,0.16222916666666606,0.011104166666666667,0.010354166666666668,0.011958333333333331,0.9888958333333335,0.9880624999999998,0.9896458333333333,0.001316624996252358,0.001245084254333051,0.001398957627970958,0.001942054259998258,0.001872513230628101,0.0020254048299539135,0.0022089425584999834,0.002082950649403209,0.0023705987604538668,1.610000035725534e-05,1.4827507984591648e-05,1.7297577214776533e-05,4.4581990223377916e-05,4.1922479882487056e-05,4.744326544459906e-05,5.828565667616208e-05,5.485042874788637e-05,6.214981054363312e-05,0.005924005751019448,0.005673668417085436,0.006222862937915731,477.75078125,475.0849365234375,480.356669921875,55.401676795008825,52.53732480976047,58.18695071125374,0.0964163489440331,657.5364353061779,0.24113835417803398,213.1654476601428
moscow,sensor_delay_noise,lightgpt_direct,20,5.409673780249909,4.314862027278258,6.591281942950049,18.960625,17.438093750000004,20.605229166666664,11.022698264141003,10.843383220717397,11.188143531369766,282.53952336798363,276.9330966324872,288.69580259665423,82.75999999999999,75.4149375,90.0050625,98.65,95.95,100.0,35.52749999999999,32.127437499999985,38.67756249999998,47.0,43.55,49.9,1468.45,1461.45,1474.9,1599.75,1599.5,1599.95,1.5010473531789266,1.4579340719289267,1.5501445279240644,956145.8127019914,943775.7812118455,969983.3440606353,348.3141497998191,343.7223598091724,353.4562015621739,309970.5264940567,305949.0604381512,314578.8923056306,0.6632591760161805,0.6037662298991986,0.7182558333751069,4.428125,3.4322864583333335,5.523963541666667,0.0,0.0,0.0,0.0,0.0,0.0,3.5,2.45,4.65,0.0,0.0,0.0,13.3,10.9,15.9,0.6,0.25,1.0,581.1,552.2,613.35,7105.7,6994.4975,7230.9,0.0,0.0,0.0,0.0,0.0,0.0,110.40000000000002,110.40000000000002,110.40000000000002,1.0,1.0,1.0,0.9300208333333334,0.9273541666666667,0.9327708333333332,0.4294583333333333,0.42720833333333336,0.43170833333333325,0.51,0.51,0.51,0.002656092506367713,0.0025450150133110583,0.0027797607576940204,0.003312885011255275,0.0031958461020039977,0.003446642460265138,0.0037534189950092687,0.00347246830369695,0.0040995129459639405,1.4032504986971617e-05,1.3630016474053263e-05,1.4487570151686663e-05,2.2191506286617364e-05,2.1546484196733208e-05,2.293599069525953e-05,2.9332413512747677e-05,2.7781915360537782e-05,3.108240896108322e-05,0.011659860155664826,0.011193085026651818,0.012171565481570723,476.6361328125,473.74666015624996,479.4328125,55.43861897502793,52.903606431271186,57.94012134278906,0.08177941652476181,597.6845211451736,0.21773036399426107,193.76185434852738
moscow,sensor_delay_noise,llm_no_semantic,20,11.011959354449672,9.420541919985324,12.663760546713366,33.116041666666675,30.566411458333334,35.72836458333334,9.724518330222896,9.52605133486582,9.919312453674817,319.73122450821234,311.99291632232905,327.42562710056455,98.6,97.15,99.7,100.0,100.0,100.0,51.43499999999998,47.57999999999999,55.18006249999998,66.85,62.2,71.35,1455.4,1442.5,1465.4,1599.5,1599.1,1599.85,1.6073935158707138,1.563577578261279,1.6517713364116915,1042477.7138065057,1025230.8752160119,1059658.064612614,381.94921354474053,375.33416482182696,388.666685294245,337958.7262018729,332573.077161493,343597.39902640943,0.6897389384229639,0.632879001209939,0.7411056770762076,7.5372916666666665,5.891031250000001,9.370880208333329,0.0,0.0,0.0,0.0,0.0,0.0,6.0,4.1,7.95,0.0,0.0,0.0,10.5,8.6,12.5,0.75,0.5,1.05,716.25,679.45,753.6012499999999,7664.05,7536.7,7794.9037499999995,0.0,0.0,0.0,0.0,0.0,0.0,48.415,48.135,48.7,0.07499999999999998,0.07499999999999998,0.07499999999999998,0.0,0.0,0.0,0.0,0.0,0.0,1.0,1.0,1.0,0.0013559224928030745,0.0012736048724036665,0.0014513777449610642,0.0020522462361259384,0.001949925399465428,0.0021662817202231957,0.002462335912743581,0.0022925908656136005,0.0026482445036439435,2.023749693762511e-05,1.954249448317569e-05,2.0987505558878182e-05,0.00018478498706826936,0.00017500956137519094,0.00019376664554147276,0.00021850478532724088,0.00020767998603259924,0.00022897682733892004,0.0061399713202667456,0.005814530008447846,0.006510273661412511,477.415234375,474.68766113281254,480.05118164062503,57.512937204999616,54.75168438475215,60.05472569972321,0.0934558099177328,651.7522437052239,0.2387928812408506,211.2902320736936
moscow,sensor_delay_noise,max_pressure,20,9.300406079478972,7.845931978025737,10.890256016486674,28.62958333333333,26.570177083333334,30.848125,10.104529503309186,9.916784472486595,10.279565982194395,306.95396316974995,300.82818501661995,313.7335690525687,97.10249999999999,95.10249999999999,98.9,100.0,100.0,100.0,46.62749999999998,43.179999999999986,50.07762499999998,59.4,56.25,62.3,1456.0,1447.95,1463.45,1599.65,1599.4,1599.9,1.5596677469628626,1.5198644865100195,1.5987955400774088,1010583.348169088,997530.0931637913,1024656.506948302,369.73992548816517,364.65449540445564,375.2673739884003,327618.8326477555,323430.3402157542,332272.10855303146,0.7265290032971016,0.6668253707476077,0.7803520969742557,6.1225000000000005,4.747692708333334,7.656463541666666,0.0,0.0,0.0,0.0,0.0,0.0,5.0,3.35,6.85,0.0,0.0,0.0,9.6,7.8,11.5,0.65,0.35,1.0,665.45,632.64875,699.8,7493.95,7394.6475,7599.5,0.0,0.0,0.0,0.0,0.0,0.0,55.355000000000004,55.025,55.654999999999994,0.0,0.0,0.0,0.0,0.0,0.0,0.0,0.0,0.0,0.0,0.0,0.0,6.520749011542648e-05,6.251249280467164e-05,6.774498375307303e-05,9.525198023766275e-05,9.067548557504778e-05,9.968332404241661e-05,0.0001168111118022352,0.00010770614993234626,0.00012586801434663345,0.0,0.0,0.0,0.0,0.0,0.0,0.0,0.0,0.0,0.00029014853092020434,0.0002780356372006483,0.0003015111156702106,475.4591796875,472.15703125,478.64493164062503,55.14469012499903,52.67548817812465,57.38760647274786,0.08879829729314981,631.7527885281705,0.23113801487085625,204.80657184243773
moscow,sensor_delay_noise,ppo_ensemble,20,11.011959354449672,9.420949430456728,12.71704101577118,33.116041666666675,30.639770833333326,35.731911458333336,9.724518330222896,9.526301181951501,9.91774674727209,319.73122450821234,312.11880395824977,327.46244125237,98.6,97.1,99.7,100.0,100.0,100.0,51.43499999999998,47.52493749999999,55.199999999999974,66.85,62.15,71.35,1455.4,1442.89875,1465.3512499999997,1599.5,1599.1,1599.85,1.6073935158707138,1.5640792870150044,1.6519382630779833,1042477.7138065057,1025669.2396049708,1059790.4689029309,381.94921354474053,375.4400034375106,388.59270586777296,337958.7262018729,332467.6246938809,343590.06283381995,0.6897389384229639,0.6337271454361089,0.7419004330553385,7.5372916666666665,5.908125,9.420026041666665,0.0,0.0,0.0,0.0,0.0,0.0,6.0,4.1,8.0,0.0,0.0,0.0,10.5,8.7,12.5,0.75,0.5,1.0,716.25,679.65,752.95,7664.05,7535.69875,7797.30125,0.0,0.0,0.0,0.0,0.0,0.0,48.415,48.135,48.69500000000001,0.0,0.0,0.0,0.0,0.0,0.0,0.0,0.0,0.0,0.0,0.0,0.0,0.0011149375088280067,0.001069572509659338,0.0011655806296766967,0.0016940490060369483,0.0016493080505242685,0.0017450838683434992,0.0019265261398395514,0.0018375766767916495,0.0020375300438405233,0.0,0.0,0.0,0.0,0.0,0.0,0.0,0.0,0.0,0.005133446044524639,0.004989697999684116,0.005284556176509999,476.2845703125,473.314638671875,479.1513818359375,56.32544245999888,54.06824731563262,58.55959931237943,0.0934558099177328,651.7522437052239,0.2387928812408506,211.2902320736936
moscow,sensor_delay_noise,ppo_event_rule,20,11.011959354449672,9.413266145245712,12.687376487372871,33.116041666666675,30.598046875,35.69271354166666,9.724518330222896,9.526627028070472,9.917626535398146,319.73122450821234,312.1865784134935,327.4758196557846,98.6,97.15,99.7,100.0,100.0,100.0,51.43499999999998,47.52999999999999,55.19506249999997,66.85,62.2,71.35,1455.4,1443.0,1465.35,1599.5,1599.1,1599.85,1.6073935158707138,1.5641033301921738,1.6516853311802977,1042477.7138065057,1025590.9347280109,1059930.2783083026,381.94921354474053,375.3768555029682,388.62183855492316,337958.7262018729,332492.3198253677,343571.07421374414,0.6897389384229639,0.6326983432744574,0.7422467682339386,7.5372916666666665,5.943270833333334,9.397010416666653,0.0,0.0,0.0,0.0,0.0,0.0,6.0,4.15,8.0,0.0,0.0,0.0,10.5,8.7,12.5,0.75,0.5,1.0,716.25,679.7,753.70125,7664.05,7536.347500000001,7795.601250000001,0.0,0.0,0.0,0.0,0.0,0.0,48.415,48.13,48.699999999999996,0.0,0.0,0.0,0.0,0.0,0.0,0.0,0.0,0.0,0.0,0.0,0.0,0.0014679175103083253,0.0013810096938686911,0.0015593602579610888,0.002115673993539531,0.0020148174821806608,0.002225797250408504,0.0024772336366586374,0.0023202903187382606,0.0026372275616115062,0.0,0.0,0.0,0.0,0.0,0.0,0.0,0.0,0.0,0.006496357741974256,0.006143909713213765,0.006885718240254896,477.0291015625,474.205849609375,479.8605517578125,57.69589772499167,55.12297084985286,59.963685668640245,0.0934558099177328,651.7522437052239,0.2387928812408506,211.2902320736936
