network,scenario,seed,method,mean_active_vehicles,mean_stopped_vehicles,mean_speed_m_s,mean_waiting_time_s,throughput_vehicles,departed_vehicles,teleports,emergency_stops,collisions,switches_per_signal_hour,simulation_steps,signals,wall_time_s,controller_decisions,llm_call_rate,override_accept_rate,candidate_application_rate,fallback_rate,budget_block_rate,mean_calibrated_lcb_gain,mean_model_uncertainty,mean_llm_confidence
cologne8,high,1001,fixed,113.14166666666667,42.65,5.516821910700532,6.979382142349537,2973.0,3073.0,0.0,0.0,134.0,144.0,3600.0,8.0,18.30779790005181,0.0,0.0,0.0,0.0,0.0,0.0,0.0,0.0,0.0
cologne8,high,1001,max_pressure,110.82916666666667,41.37083333333333,5.465335943919702,10.439988739896522,2966.0,3073.0,0.0,0.0,90.0,50.875,3600.0,8.0,22.70994219998829,0.0,0.0,0.0,0.0,0.0,0.0,0.0,0.0,0.0
cologne8,high,1001,ppo_ensemble,99.85416666666667,28.470833333333335,6.1218624355920435,3.8507040954025733,2988.0,3073.0,0.0,0.0,112.0,65.75,3600.0,8.0,22.23113430000376,0.0,0.0,0.0,0.0,0.0,0.0,0.0,0.0,0.0
cologne8,high,1001,lightgpt_direct,109.5375,39.9,5.681425462710423,9.231909693547928,2981.0,3073.0,0.0,0.0,156.0,44.875,3600.0,8.0,24.59692769998219,1920.0,1.0,0.28177083333333336,0.9859375,0.0140625,0.0,0.0,0.0,0.5889189126093373
cologne8,high,1001,lightgpt_review,99.85416666666667,28.470833333333335,6.1218624355920435,3.8507040954025733,2988.0,3073.0,0.0,0.0,112.0,65.75,3600.0,8.0,21.952347700018436,1920.0,1.0,0.0,0.9380208333333333,0.06197916666666667,0.0,0.0,0.0,0.8933556463021323
cologne8,high,1001,ergs_no_event,99.85416666666667,28.470833333333335,6.1218624355920435,3.8507040954025733,2988.0,3073.0,0.0,0.0,112.0,65.75,3600.0,8.0,104.75204019993544,1920.0,1.0,0.0,0.0,1.0,0.0,-0.4228568537093111,0.0,0.8933556463021323
cologne8,high,1001,ergs_no_guard,99.85416666666667,28.470833333333335,6.1218624355920435,3.8507040954025733,2988.0,3073.0,0.0,0.0,112.0,65.75,3600.0,8.0,22.33796070003882,1920.0,0.020833333333333332,0.0,0.0,1.0,0.7192708333333333,0.0,0.0,0.998834120484912
cologne8,high,1001,ergs_no_calibration,99.85416666666667,28.470833333333335,6.1218624355920435,3.8507040954025733,2988.0,3073.0,0.0,0.0,112.0,65.75,3600.0,8.0,24.020824400009587,1920.0,0.020833333333333332,0.0,0.0,1.0,0.7192708333333333,0.0,0.0,0.998834120484912
cologne8,high,1001,ergs_no_hysteresis,99.85416666666667,28.470833333333335,6.1218624355920435,3.8507040954025733,2988.0,3073.0,0.0,0.0,112.0,65.75,3600.0,8.0,25.300149700022303,1920.0,0.020833333333333332,0.0,0.0,1.0,0.69375,-0.42569908007296264,0.0,0.998834120484912
cologne8,high,1001,ergs_v2,99.85416666666667,28.470833333333335,6.1218624355920435,3.8507040954025733,2988.0,3073.0,0.0,0.0,112.0,65.75,3600.0,8.0,26.124421499902382,1920.0,0.020833333333333332,0.0,0.0,1.0,0.7192708333333333,-0.42569908007296264,0.0,0.998834120484912
cologne8,high,1003,fixed,118.65,45.57083333333333,5.410803114032479,6.972775135792877,2996.0,3090.0,0.0,0.0,132.0,144.0,3600.0,8.0,23.642211600090377,0.0,0.0,0.0,0.0,0.0,0.0,0.0,0.0,0.0
cologne8,high,1003,max_pressure,111.8375,41.15416666666667,5.559359223243722,10.074450959610632,3005.0,3090.0,0.0,0.0,108.0,51.375,3600.0,8.0,28.21172649995424,0.0,0.0,0.0,0.0,0.0,0.0,0.0,0.0,0.0
cologne8,high,1003,ppo_ensemble,98.65,27.104166666666668,6.257063621650019,3.612115524403243,3019.0,3090.0,0.0,0.0,108.0,65.875,3600.0,8.0,26.000900399987586,0.0,0.0,0.0,0.0,0.0,0.0,0.0,0.0,0.0
cologne8,high,1003,lightgpt_direct,120.3375,48.108333333333334,5.4197339342108535,10.972404135450375,2996.0,3090.0,0.0,0.0,118.0,44.875,3600.0,8.0,24.438727000029758,1920.0,1.0,0.27447916666666666,0.9833333333333333,0.016666666666666666,0.0,0.0,0.0,0.5882348309973682
cologne8,high,1003,lightgpt_review,98.65,27.104166666666668,6.257063621650019,3.612115524403243,3019.0,3090.0,0.0,0.0,108.0,65.875,3600.0,8.0,24.34030849998817,1920.0,1.0,0.0,0.9390625,0.0609375,0.0,0.0,0.0,0.893809538610539
cologne8,high,1003,ergs_no_event,98.65,27.104166666666668,6.257063621650019,3.612115524403243,3019.0,3090.0,0.0,0.0,108.0,65.875,3600.0,8.0,107.50900310010184,1920.0,1.0,0.0,0.0,1.0,0.0,-0.42329417663403207,0.0,0.893809538610539
cologne8,high,1003,ergs_no_guard,98.65,27.104166666666668,6.257063621650019,3.612115524403243,3019.0,3090.0,0.0,0.0,108.0,65.875,3600.0,8.0,18.783394400030375,1920.0,0.020833333333333332,0.0,0.0,1.0,0.715625,0.0,0.0,0.9978368284509121
cologne8,high,1003,ergs_no_calibration,98.65,27.104166666666668,6.257063621650019,3.612115524403243,3019.0,3090.0,0.0,0.0,108.0,65.875,3600.0,8.0,24.939715099986643,1920.0,0.020833333333333332,0.0,0.0,1.0,0.715625,0.0,0.0,0.9978368284509121
cologne8,high,1003,ergs_no_hysteresis,98.65,27.104166666666668,6.257063621650019,3.612115524403243,3019.0,3090.0,0.0,0.0,108.0,65.875,3600.0,8.0,21.912420099950396,1920.0,0.020833333333333332,0.0,0.0,1.0,0.6880208333333333,-0.4282951879069555,0.0,0.9978368284509121
cologne8,high,1003,ergs_v2,98.65,27.104166666666668,6.257063621650019,3.612115524403243,3019.0,3090.0,0.0,0.0,108.0,65.875,3600.0,8.0,22.00085750001017,1920.0,0.020833333333333332,0.0,0.0,1.0,0.715625,-0.4282951879069555,0.0,0.9978368284509121
cologne8,high,1007,fixed,113.4375,42.00833333333333,5.508642446663706,6.784788481615522,2980.0,3057.0,0.0,0.0,108.0,144.0,3600.0,8.0,23.122767099994235,0.0,0.0,0.0,0.0,0.0,0.0,0.0,0.0,0.0
cologne8,high,1007,max_pressure,115.3125,44.69166666666667,5.26274722898984,10.615509636681631,2971.0,3057.0,0.0,0.0,122.0,50.75,3600.0,8.0,24.699897399987094,0.0,0.0,0.0,0.0,0.0,0.0,0.0,0.0,0.0
cologne8,high,1007,ppo_ensemble,98.52083333333333,27.829166666666666,6.128676455806417,3.830001601959552,2979.0,3057.0,0.0,0.0,120.0,67.25,3600.0,8.0,22.08878869994078,0.0,0.0,0.0,0.0,0.0,0.0,0.0,0.0,0.0
cologne8,high,1007,lightgpt_direct,106.29166666666667,36.6875,5.8574002040850885,8.83363975623207,2998.0,3057.0,0.0,0.0,178.0,45.25,3600.0,8.0,20.97577649995219,1920.0,1.0,0.2625,0.9890625,0.0109375,0.0,0.0,0.0,0.5895123082156764
cologne8,high,1007,lightgpt_review,98.52083333333333,27.829166666666666,6.128676455806417,3.830001601959552,2979.0,3057.0,0.0,0.0,120.0,67.25,3600.0,8.0,20.007631599903107,1920.0,1.0,0.0,0.9348958333333334,0.06510416666666667,0.0,0.0,0.0,0.8900906041184609
cologne8,high,1007,ergs_no_event,98.52083333333333,27.829166666666666,6.128676455806417,3.830001601959552,2979.0,3057.0,0.0,0.0,120.0,67.25,3600.0,8.0,108.44172030000482,1920.0,1.0,0.0,0.0,1.0,0.0,-0.42229493930129536,0.0,0.8900906041184609
cologne8,high,1007,ergs_no_guard,98.52083333333333,27.829166666666666,6.128676455806417,3.830001601959552,2979.0,3057.0,0.0,0.0,120.0,67.25,3600.0,8.0,23.811691400012933,1920.0,0.020833333333333332,0.0,0.0,1.0,0.7177083333333333,0.0,0.0,0.9984370677625578
cologne8,high,1007,ergs_no_calibration,98.52083333333333,27.829166666666666,6.128676455806417,3.830001601959552,2979.0,3057.0,0.0,0.0,120.0,67.25,3600.0,8.0,20.6104658000404,1920.0,0.020833333333333332,0.0,0.0,1.0,0.7177083333333333,0.0,0.0,0.9984370677625578
cologne8,high,1007,ergs_no_hysteresis,98.52083333333333,27.829166666666666,6.128676455806417,3.830001601959552,2979.0,3057.0,0.0,0.0,120.0,67.25,3600.0,8.0,23.524408499943092,1920.0,0.020833333333333332,0.0,0.0,1.0,0.690625,-0.4322450090866109,0.0,0.9984370677625578
cologne8,high,1007,ergs_v2,98.52083333333333,27.829166666666666,6.128676455806417,3.830001601959552,2979.0,3057.0,0.0,0.0,120.0,67.25,3600.0,8.0,23.891831299988553,1920.0,0.020833333333333332,0.0,0.0,1.0,0.7177083333333333,-0.4322450090866109,0.0,0.9984370677625578
cologne8,high,1009,fixed,116.14166666666667,43.88333333333333,5.3741750518473905,7.1063789823496,2998.0,3087.0,0.0,0.0,106.0,144.0,3600.0,8.0,18.521163400029764,0.0,0.0,0.0,0.0,0.0,0.0,0.0,0.0,0.0
cologne8,high,1009,max_pressure,119.22916666666667,46.62083333333333,5.233308164031174,11.291302938896274,2998.0,3087.0,0.0,0.0,124.0,50.125,3600.0,8.0,25.965588499908336,0.0,0.0,0.0,0.0,0.0,0.0,0.0,0.0,0.0
cologne8,high,1009,ppo_ensemble,102.13333333333334,29.341666666666665,6.083357635373249,3.853214552905698,3003.0,3087.0,0.0,0.0,110.0,67.125,3600.0,8.0,23.142681499943137,0.0,0.0,0.0,0.0,0.0,0.0,0.0,0.0,0.0
cologne8,high,1009,lightgpt_direct,117.95,45.77916666666667,5.357904077126639,10.941750115691748,2990.0,3087.0,0.0,0.0,146.0,44.125,3600.0,8.0,22.97068979998585,1920.0,1.0,0.2942708333333333,0.9859375,0.0140625,0.0,0.0,0.0,0.5881875829524184
cologne8,high,1009,lightgpt_review,102.13333333333334,29.341666666666665,6.083357635373249,3.853214552905698,3003.0,3087.0,0.0,0.0,110.0,67.125,3600.0,8.0,23.89172710001003,1920.0,1.0,0.0,0.9359375,0.0640625,0.0,0.0,0.0,0.8902887703021674
cologne8,high,1009,ergs_no_event,102.13333333333334,29.341666666666665,6.083357635373249,3.853214552905698,3003.0,3087.0,0.0,0.0,110.0,67.125,3600.0,8.0,120.02642589993775,1920.0,1.0,0.0,0.0,1.0,0.0,-0.4227322622260163,0.0,0.8902887703021674
cologne8,high,1009,ergs_no_guard,102.13333333333334,29.341666666666665,6.083357635373249,3.853214552905698,3003.0,3087.0,0.0,0.0,110.0,67.125,3600.0,8.0,21.04554580000695,1920.0,0.020833333333333332,0.0,0.0,1.0,0.7270833333333333,0.0,0.0,0.9978475780063738
cologne8,high,1009,ergs_no_calibration,102.13333333333334,29.341666666666665,6.083357635373249,3.853214552905698,3003.0,3087.0,0.0,0.0,110.0,67.125,3600.0,8.0,21.694539400050417,1920.0,0.020833333333333332,0.0,0.0,1.0,0.7270833333333333,0.0,0.0,0.9978475780063738
cologne8,high,1009,ergs_no_hysteresis,102.13333333333334,29.341666666666665,6.083357635373249,3.853214552905698,3003.0,3087.0,0.0,0.0,110.0,67.125,3600.0,8.0,21.149169099982828,1920.0,0.020833333333333332,0.0,0.0,1.0,0.6994791666666667,-0.4420639026070832,0.0,0.9978475780063738
cologne8,high,1009,ergs_v2,102.13333333333334,29.341666666666665,6.083357635373249,3.853214552905698,3003.0,3087.0,0.0,0.0,110.0,67.125,3600.0,8.0,21.507712400052696,1920.0,0.020833333333333332,0.0,0.0,1.0,0.7270833333333333,-0.4420639026070832,0.0,0.9978475780063738
cologne8,high,1013,fixed,112.72083333333333,42.229166666666664,5.49466012419836,6.942163416383045,2951.0,3035.0,0.0,0.0,160.0,144.0,3600.0,8.0,21.590777299948968,0.0,0.0,0.0,0.0,0.0,0.0,0.0,0.0,0.0
cologne8,high,1013,max_pressure,113.47916666666667,42.99583333333333,5.3192264496006265,10.78231446338095,2956.0,3035.0,0.0,0.0,130.0,52.0,3600.0,8.0,25.32450039999094,0.0,0.0,0.0,0.0,0.0,0.0,0.0,0.0,0.0
cologne8,high,1013,ppo_ensemble,98.04166666666667,27.7375,6.090755081218721,3.8045135344749026,2963.0,3035.0,0.0,0.0,118.0,66.875,3600.0,8.0,21.922913099988364,0.0,0.0,0.0,0.0,0.0,0.0,0.0,0.0,0.0
cologne8,high,1013,lightgpt_direct,115.3625,45.233333333333334,5.269440653075234,11.220853267926238,2940.0,3035.0,0.0,0.0,146.0,44.5,3600.0,8.0,21.97204389993567,1920.0,1.0,0.3,0.9838541666666667,0.016145833333333335,0.0,0.0,0.0,0.5866869314954662
cologne8,high,1013,lightgpt_review,98.04166666666667,27.7375,6.090755081218721,3.8045135344749026,2963.0,3035.0,0.0,0.0,118.0,66.875,3600.0,8.0,20.42458839993924,1920.0,1.0,0.0,0.9348958333333334,0.06510416666666667,0.0,0.0,0.0,0.8892324134809922
cologne8,high,1013,ergs_no_event,98.04166666666667,27.7375,6.090755081218721,3.8045135344749026,2963.0,3035.0,0.0,0.0,118.0,66.875,3600.0,8.0,102.80208020005375,1920.0,1.0,0.0,0.0,1.0,0.0,-0.42256768634353065,0.0,0.8892324134809922
cologne8,high,1013,ergs_no_guard,98.04166666666667,27.7375,6.090755081218721,3.8045135344749026,2963.0,3035.0,0.0,0.0,118.0,66.875,3600.0,8.0,20.97792760003358,1920.0,0.020833333333333332,0.0,0.0,1.0,0.7369791666666666,0.0,0.0,0.9974876561962468
cologne8,high,1013,ergs_no_calibration,98.04166666666667,27.7375,6.090755081218721,3.8045135344749026,2963.0,3035.0,0.0,0.0,118.0,66.875,3600.0,8.0,21.869924600003287,1920.0,0.020833333333333332,0.0,0.0,1.0,0.7369791666666666,0.0,0.0,0.9974876561962468
cologne8,high,1013,ergs_no_hysteresis,98.04166666666667,27.7375,6.090755081218721,3.8045135344749026,2963.0,3035.0,0.0,0.0,118.0,66.875,3600.0,8.0,21.408998899976723,1920.0,0.020833333333333332,0.0,0.0,1.0,0.7109375,-0.4486098316207315,0.0,0.9974876561962468
cologne8,high,1013,ergs_v2,98.04166666666667,27.7375,6.090755081218721,3.8045135344749026,2963.0,3035.0,0.0,0.0,118.0,66.875,3600.0,8.0,23.633468799991533,1920.0,0.020833333333333332,0.0,0.0,1.0,0.7369791666666666,-0.4486098316207315,0.0,0.9974876561962468
cologne8,high,1019,fixed,116.7875,44.46666666666667,5.380093570254143,7.030896108008266,2981.0,3078.0,0.0,0.0,110.0,144.0,3600.0,8.0,21.095901599968784,0.0,0.0,0.0,0.0,0.0,0.0,0.0,0.0,0.0
cologne8,high,1019,max_pressure,113.225,42.15416666666667,5.449991340867958,10.058995446969428,2992.0,3078.0,0.0,0.0,122.0,50.875,3600.0,8.0,25.917361499974504,0.0,0.0,0.0,0.0,0.0,0.0,0.0,0.0,0.0
cologne8,high,1019,ppo_ensemble,98.31666666666666,26.616666666666667,6.1823324482139554,3.5538784084264354,2991.0,3078.0,0.0,0.0,80.0,67.125,3600.0,8.0,21.07649559993297,0.0,0.0,0.0,0.0,0.0,0.0,0.0,0.0,0.0
cologne8,high,1019,lightgpt_direct,105.825,36.38333333333333,5.828201932181341,8.707822689729326,2996.0,3078.0,0.0,0.0,112.0,44.5,3600.0,8.0,20.847672499949113,1920.0,1.0,0.2713541666666667,0.9895833333333334,0.010416666666666666,0.0,0.0,0.0,0.5897208561041338
cologne8,high,1019,lightgpt_review,98.31666666666666,26.616666666666667,6.1823324482139554,3.5538784084264354,2991.0,3078.0,0.0,0.0,80.0,67.125,3600.0,8.0,21.983039399958216,1920.0,1.0,0.0,0.9380208333333333,0.06197916666666667,0.0,0.0,0.0,0.8917949772396203
cologne8,high,1019,ergs_no_event,98.31666666666666,26.616666666666667,6.1823324482139554,3.5538784084264354,2991.0,3078.0,0.0,0.0,80.0,67.125,3600.0,8.0,118.70262629992794,1920.0,1.0,0.0,0.0,1.0,0.0,-0.4234023477937818,0.0,0.8917949772396203
cologne8,high,1019,ergs_no_guard,98.31666666666666,26.616666666666667,6.1823324482139554,3.5538784084264354,2991.0,3078.0,0.0,0.0,80.0,67.125,3600.0,8.0,19.98572029999923,1920.0,0.020833333333333332,0.0,0.0,1.0,0.7239583333333334,0.0,0.0,0.99806875691945
cologne8,high,1019,ergs_no_calibration,98.31666666666666,26.616666666666667,6.1823324482139554,3.5538784084264354,2991.0,3078.0,0.0,0.0,80.0,67.125,3600.0,8.0,20.455682400031947,1920.0,0.020833333333333332,0.0,0.0,1.0,0.7239583333333334,0.0,0.0,0.99806875691945
cologne8,high,1019,ergs_no_hysteresis,98.31666666666666,26.616666666666667,6.1823324482139554,3.5538784084264354,2991.0,3078.0,0.0,0.0,80.0,67.125,3600.0,8.0,21.31432370003313,1920.0,0.020833333333333332,0.0,0.0,1.0,0.7,-0.45255965280038685,0.0,0.99806875691945
cologne8,high,1019,ergs_v2,98.31666666666666,26.616666666666667,6.1823324482139554,3.5538784084264354,2991.0,3078.0,0.0,0.0,80.0,67.125,3600.0,8.0,21.670721899950877,1920.0,0.020833333333333332,0.0,0.0,1.0,0.7239583333333334,-0.45255965280038685,0.0,0.99806875691945
cologne8,high,1021,fixed,115.95833333333333,44.795833333333334,5.399958373044895,7.377561948340283,2990.0,3085.0,0.0,0.0,142.0,144.0,3600.0,8.0,19.97709999990184,0.0,0.0,0.0,0.0,0.0,0.0,0.0,0.0,0.0
cologne8,high,1021,max_pressure,111.2625,41.05,5.513348829950065,10.292899300625237,2996.0,3085.0,0.0,0.0,164.0,50.25,3600.0,8.0,27.25783160002902,0.0,0.0,0.0,0.0,0.0,0.0,0.0,0.0,0.0
cologne8,high,1021,ppo_ensemble,98.03333333333333,27.3875,6.265518878852886,3.6533187672706853,3017.0,3085.0,0.0,0.0,68.0,67.125,3600.0,8.0,21.219119200017303,0.0,0.0,0.0,0.0,0.0,0.0,0.0,0.0,0.0
cologne8,high,1021,lightgpt_direct,100.84166666666667,32.81666666666667,6.0386102637153805,7.786869658573014,2995.0,3085.0,0.0,0.0,128.0,45.0,3600.0,8.0,21.265316399978474,1920.0,1.0,0.2677083333333333,0.9890625,0.0109375,0.0,0.0,0.0,0.5897240281646478
cologne8,high,1021,lightgpt_review,98.03333333333333,27.3875,6.265518878852886,3.6533187672706853,3017.0,3085.0,0.0,0.0,68.0,67.125,3600.0,8.0,23.406585599994287,1920.0,1.0,0.0,0.9385416666666667,0.06145833333333333,0.0,0.0,0.0,0.8910324250987204
cologne8,high,1021,ergs_no_event,98.03333333333333,27.3875,6.265518878852886,3.6533187672706853,3017.0,3085.0,0.0,0.0,68.0,67.125,3600.0,8.0,105.05150360008702,1920.0,1.0,0.0,0.0,1.0,0.0,-0.4240301298194952,0.0,0.8910324250987204
cologne8,high,1021,ergs_no_guard,98.03333333333333,27.3875,6.265518878852886,3.6533187672706853,3017.0,3085.0,0.0,0.0,68.0,67.125,3600.0,8.0,22.734518299927004,1920.0,0.020833333333333332,0.0,0.0,1.0,0.7213541666666666,0.0,0.0,0.9984514368268236
cologne8,high,1021,ergs_no_calibration,98.03333333333333,27.3875,6.265518878852886,3.6533187672706853,3017.0,3085.0,0.0,0.0,68.0,67.125,3600.0,8.0,24.056807100074366,1920.0,0.020833333333333332,0.0,0.0,1.0,0.7213541666666666,0.0,0.0,0.9984514368268236
cologne8,high,1021,ergs_no_hysteresis,98.03333333333333,27.3875,6.265518878852886,3.6533187672706853,3017.0,3085.0,0.0,0.0,68.0,67.125,3600.0,8.0,18.369680000003427,1920.0,0.020833333333333332,0.0,0.0,1.0,0.6875,-0.4289720445797869,0.0,0.9986431340941418
cologne8,high,1021,ergs_v2,98.03333333333333,27.3875,6.265518878852886,3.6533187672706853,3017.0,3085.0,0.0,0.0,68.0,67.125,3600.0,8.0,21.36847750004381,1920.0,0.020833333333333332,0.0,0.0,1.0,0.7213541666666666,-0.4322450090866109,0.0,0.9984514368268236
cologne8,high,1031,fixed,115.11666666666666,43.31666666666667,5.456223311761571,6.912574884158188,2995.0,3089.0,0.0,0.0,144.0,144.0,3600.0,8.0,19.44106290000491,0.0,0.0,0.0,0.0,0.0,0.0,0.0,0.0,0.0
cologne8,high,1031,max_pressure,124.7,52.575,4.940791000111411,12.55515952333563,2995.0,3089.0,0.0,0.0,158.0,50.125,3600.0,8.0,24.40059819992166,0.0,0.0,0.0,0.0,0.0,0.0,0.0,0.0,0.0
cologne8,high,1031,ppo_ensemble,99.78333333333333,28.725,6.1644779222690635,3.816359455089447,3016.0,3089.0,0.0,0.0,108.0,66.25,3600.0,8.0,22.63638909999281,0.0,0.0,0.0,0.0,0.0,0.0,0.0,0.0,0.0
cologne8,high,1031,lightgpt_direct,107.35,37.69583333333333,5.7905965389598535,8.708324028963112,3004.0,3089.0,0.0,0.0,106.0,44.75,3600.0,8.0,20.20821359998081,1920.0,1.0,0.26510416666666664,0.9875,0.0125,0.0,0.0,0.0,0.5892208052321853
cologne8,high,1031,lightgpt_review,99.78333333333333,28.725,6.1644779222690635,3.816359455089447,3016.0,3089.0,0.0,0.0,108.0,66.25,3600.0,8.0,20.425341699970886,1920.0,1.0,0.0,0.9338541666666667,0.06614583333333333,0.0,0.0,0.0,0.8914539450839046
cologne8,high,1031,ergs_no_event,99.78333333333333,28.725,6.1644779222690635,3.816359455089447,3016.0,3089.0,0.0,0.0,108.0,66.25,3600.0,8.0,99.60950249992311,1920.0,1.0,0.0,0.0,1.0,0.0,-0.4211075620104271,0.0,0.8914539450839046
cologne8,high,1031,ergs_no_guard,99.78333333333333,28.725,6.1644779222690635,3.816359455089447,3016.0,3089.0,0.0,0.0,108.0,66.25,3600.0,8.0,20.46219029999338,1920.0,0.020833333333333332,0.0,0.0,1.0,0.7192708333333333,0.0,0.0,0.9978115828570698
cologne8,high,1031,ergs_no_calibration,99.78333333333333,28.725,6.1644779222690635,3.816359455089447,3016.0,3089.0,0.0,0.0,108.0,66.25,3600.0,8.0,21.286873499979265,1920.0,0.020833333333333332,0.0,0.0,1.0,0.7192708333333333,0.0,0.0,0.9978115828570698
cologne8,high,1031,ergs_no_hysteresis,99.78333333333333,28.725,6.1644779222690635,3.816359455089447,3016.0,3089.0,0.0,0.0,108.0,66.25,3600.0,8.0,20.162379599991255,1920.0,0.020833333333333332,0.0,0.0,1.0,0.6911458333333333,-0.3974847939998759,0.0,0.998003280124388
cologne8,high,1031,ergs_v2,99.78333333333333,28.725,6.1644779222690635,3.816359455089447,3016.0,3089.0,0.0,0.0,108.0,66.25,3600.0,8.0,21.17448509996757,1920.0,0.020833333333333332,0.0,0.0,1.0,0.7192708333333333,-0.4007577585067,0.0,0.9978115828570698
cologne8,high,1033,fixed,112.075,41.416666666666664,5.525511029704295,6.91274934208457,2978.0,3069.0,0.0,0.0,138.0,144.0,3600.0,8.0,19.868925599963404,0.0,0.0,0.0,0.0,0.0,0.0,0.0,0.0,0.0
cologne8,high,1033,max_pressure,115.84166666666667,44.75416666666667,5.295681566035358,10.880885978569067,2971.0,3069.0,0.0,0.0,102.0,52.75,3600.0,8.0,24.252165500074625,0.0,0.0,0.0,0.0,0.0,0.0,0.0,0.0,0.0
cologne8,high,1033,ppo_ensemble,98.0625,27.2125,6.198165532083566,3.5814121469462843,2985.0,3069.0,0.0,0.0,114.0,67.625,3600.0,8.0,20.242449300014414,0.0,0.0,0.0,0.0,0.0,0.0,0.0,0.0,0.0
cologne8,high,1033,lightgpt_direct,106.05416666666666,37.18333333333333,5.753337403839548,9.142340337568516,2988.0,3069.0,0.0,0.0,106.0,45.375,3600.0,8.0,20.809912999975495,1920.0,1.0,0.271875,0.9890625,0.0109375,0.0,0.0,0.0,0.5896464339013132
cologne8,high,1033,lightgpt_review,98.0625,27.2125,6.198165532083566,3.5814121469462843,2985.0,3069.0,0.0,0.0,114.0,67.625,3600.0,8.0,20.036828099982813,1920.0,1.0,0.0,0.9322916666666666,0.06770833333333333,0.0,0.0,0.0,0.889352570910593
cologne8,high,1033,ergs_no_event,98.0625,27.2125,6.198165532083566,3.5814121469462843,2985.0,3069.0,0.0,0.0,114.0,67.625,3600.0,8.0,101.43461920006666,1920.0,1.0,0.0,0.0,1.0,0.0,-0.4210652584683752,0.0,0.889352570910593
cologne8,high,1033,ergs_no_guard,98.0625,27.2125,6.198165532083566,3.5814121469462843,2985.0,3069.0,0.0,0.0,114.0,67.625,3600.0,8.0,20.002436200040393,1920.0,0.020833333333333332,0.0,0.0,1.0,0.7380208333333333,0.0,0.0,0.99863212050217
cologne8,high,1033,ergs_no_calibration,98.0625,27.2125,6.198165532083566,3.5814121469462843,2985.0,3069.0,0.0,0.0,114.0,67.625,3600.0,8.0,23.280510199954733,1920.0,0.020833333333333332,0.0,0.0,1.0,0.7380208333333333,0.0,0.0,0.99863212050217
cologne8,high,1033,ergs_no_hysteresis,98.0625,27.2125,6.198165532083566,3.5814121469462843,2985.0,3069.0,0.0,0.0,114.0,67.625,3600.0,8.0,20.74778270011302,1920.0,0.020833333333333332,0.0,0.0,1.0,0.7130208333333333,-0.44274075927991463,0.0,0.99863212050217
cologne8,high,1033,ergs_v2,98.0625,27.2125,6.198165532083566,3.5814121469462843,2985.0,3069.0,0.0,0.0,114.0,67.625,3600.0,8.0,23.64005070005078,1920.0,0.020833333333333332,0.0,0.0,1.0,0.7380208333333333,-0.44274075927991463,0.0,0.99863212050217
cologne8,high,1039,fixed,114.89166666666667,42.86666666666667,5.5008227755125265,6.88945227608923,3002.0,3088.0,0.0,0.0,128.0,144.0,3600.0,8.0,20.50136770005338,0.0,0.0,0.0,0.0,0.0,0.0,0.0,0.0,0.0
cologne8,high,1039,max_pressure,128.2375,54.458333333333336,4.9466588040312995,12.15368227502125,3002.0,3088.0,0.0,0.0,192.0,50.875,3600.0,8.0,23.962393599911593,0.0,0.0,0.0,0.0,0.0,0.0,0.0,0.0,0.0
cologne8,high,1039,ppo_ensemble,99.17083333333333,27.220833333333335,6.223752260039803,3.588628773300468,3026.0,3088.0,0.0,0.0,116.0,66.375,3600.0,8.0,22.1351359001128,0.0,0.0,0.0,0.0,0.0,0.0,0.0,0.0,0.0
cologne8,high,1039,lightgpt_direct,110.5,39.9375,5.587159924990819,9.896284944464226,3005.0,3088.0,0.0,0.0,130.0,45.5,3600.0,8.0,22.095722900005057,1920.0,1.0,0.2734375,0.9802083333333333,0.019791666666666666,0.0,0.0,0.0,0.5881077953346193
cologne8,high,1039,lightgpt_review,99.17083333333333,27.220833333333335,6.223752260039803,3.588628773300468,3026.0,3088.0,0.0,0.0,116.0,66.375,3600.0,8.0,20.802267700084485,1920.0,1.0,0.0,0.94375,0.05625,0.0,0.0,0.0,0.8943527251107827
cologne8,high,1039,ergs_no_event,99.17083333333333,27.220833333333335,6.223752260039803,3.588628773300468,3026.0,3088.0,0.0,0.0,116.0,66.375,3600.0,8.0,121.46279110002797,1920.0,1.0,0.0,0.0,1.0,0.0,-0.4256030635980707,0.0,0.8943527251107827
cologne8,high,1039,ergs_no_guard,99.17083333333333,27.220833333333335,6.223752260039803,3.588628773300468,3026.0,3088.0,0.0,0.0,116.0,66.375,3600.0,8.0,20.445970900007524,1920.0,0.020833333333333332,0.0,0.0,1.0,0.7229166666666667,0.0,0.0,0.9976739393881131
cologne8,high,1039,ergs_no_calibration,99.17083333333333,27.220833333333335,6.223752260039803,3.588628773300468,3026.0,3088.0,0.0,0.0,116.0,66.375,3600.0,8.0,21.628603699966334,1920.0,0.020833333333333332,0.0,0.0,1.0,0.7229166666666667,0.0,0.0,0.9976739393881131
cologne8,high,1039,ergs_no_hysteresis,99.17083333333333,27.220833333333335,6.223752260039803,3.588628773300468,3026.0,3088.0,0.0,0.0,116.0,66.375,3600.0,8.0,15.546736299991608,1920.0,0.020833333333333332,0.0,0.0,1.0,0.6927083333333334,-0.44533686711390735,0.0,0.9976739393881131
cologne8,high,1039,ergs_v2,99.17083333333333,27.220833333333335,6.223752260039803,3.588628773300468,3026.0,3088.0,0.0,0.0,116.0,66.375,3600.0,8.0,14.643884899909608,1920.0,0.020833333333333332,0.0,0.0,1.0,0.7229166666666667,-0.44533686711390735,0.0,0.9976739393881131
cologne8,high,1049,fixed,116.82083333333334,44.78333333333333,5.3810645991357875,7.180275369080724,2998.0,3095.0,0.0,0.0,152.0,144.0,3600.0,8.0,19.15607310004998,0.0,0.0,0.0,0.0,0.0,0.0,0.0,0.0,0.0
cologne8,high,1049,max_pressure,116.44166666666666,44.7,5.248188341333702,11.147684560436282,3005.0,3095.0,0.0,0.0,136.0,51.75,3600.0,8.0,20.713809399981983,0.0,0.0,0.0,0.0,0.0,0.0,0.0,0.0,0.0
cologne8,high,1049,ppo_ensemble,99.40833333333333,27.341666666666665,6.232978962736428,3.5220023546959123,3018.0,3094.0,0.0,0.0,120.0,66.125,3600.0,8.0,17.2674559999723,0.0,0.0,0.0,0.0,0.0,0.0,0.0,0.0,0.0
cologne8,high,1049,lightgpt_direct,108.6375,38.69583333333333,5.74885446185162,9.479881786548065,3015.0,3095.0,0.0,0.0,162.0,44.375,3600.0,8.0,23.777935400023125,1920.0,1.0,0.2921875,0.9901041666666667,0.009895833333333333,0.0,0.0,0.0,0.5882536400829278
cologne8,high,1049,lightgpt_review,99.40833333333333,27.341666666666665,6.232978962736428,3.5220023546959123,3018.0,3094.0,0.0,0.0,120.0,66.125,3600.0,8.0,22.47044059995096,1920.0,1.0,0.0,0.946875,0.053125,0.0,0.0,0.0,0.8972570303911719
cologne8,high,1049,ergs_no_event,99.40833333333333,27.341666666666665,6.232978962736428,3.5220023546959123,3018.0,3094.0,0.0,0.0,120.0,66.125,3600.0,8.0,107.08346930006519,1920.0,1.0,0.0,0.0,1.0,0.0,-0.4263013515272041,0.0,0.8972570303911719
cologne8,high,1049,ergs_no_guard,99.40833333333333,27.341666666666665,6.232978962736428,3.5220023546959123,3018.0,3094.0,0.0,0.0,120.0,66.125,3600.0,8.0,21.610721400007606,1920.0,0.020833333333333332,0.0,0.0,1.0,0.7286458333333333,0.0,0.0,0.9976689121253306
cologne8,high,1049,ergs_no_calibration,99.40833333333333,27.341666666666665,6.232978962736428,3.5220023546959123,3018.0,3094.0,0.0,0.0,120.0,66.125,3600.0,8.0,22.288552599959075,1920.0,0.020833333333333332,0.0,0.0,1.0,0.7286458333333333,0.0,0.0,0.9976689121253306
cologne8,high,1049,ergs_no_hysteresis,99.40833333333333,27.341666666666665,6.232978962736428,3.5220023546959123,3018.0,3094.0,0.0,0.0,120.0,66.125,3600.0,8.0,26.620696100057103,1920.0,0.020833333333333332,0.0,0.0,1.0,0.7010416666666667,-0.44533686711390735,0.0,0.9976689121253306
cologne8,high,1049,ergs_v2,99.40833333333333,27.341666666666665,6.232978962736428,3.5220023546959123,3018.0,3094.0,0.0,0.0,120.0,66.125,3600.0,8.0,25.135375599958934,1920.0,0.020833333333333332,0.0,0.0,1.0,0.7286458333333333,-0.44533686711390724,0.0,0.9976689121253306
cologne8,high,1051,fixed,111.9375,41.479166666666664,5.550243498865581,6.949578675177784,2972.0,3052.0,0.0,0.0,94.0,144.0,3600.0,8.0,23.005190100055188,0.0,0.0,0.0,0.0,0.0,0.0,0.0,0.0,0.0
cologne8,high,1051,max_pressure,113.9,44.55416666666667,5.377749174221166,11.007121827501276,2966.0,3052.0,0.0,0.0,128.0,51.125,3600.0,8.0,27.75365349999629,0.0,0.0,0.0,0.0,0.0,0.0,0.0,0.0,0.0
cologne8,high,1051,ppo_ensemble,94.87083333333334,25.0875,6.327340020654009,3.5627576858600976,2974.0,3052.0,0.0,0.0,90.0,64.625,3600.0,8.0,23.541585800005123,0.0,0.0,0.0,0.0,0.0,0.0,0.0,0.0,0.0
cologne8,high,1051,lightgpt_direct,107.59166666666667,38.391666666666666,5.621826893215132,9.418286486516552,2962.0,3052.0,0.0,0.0,130.0,44.625,3600.0,8.0,25.33162200008519,1920.0,1.0,0.27239583333333334,0.9885416666666667,0.011458333333333333,0.0,0.0,0.0,0.5893184817301264
cologne8,high,1051,lightgpt_review,94.87083333333334,25.0875,6.327340020654009,3.5627576858600976,2974.0,3052.0,0.0,0.0,90.0,64.625,3600.0,8.0,23.052875299938023,1920.0,1.0,0.0,0.9411458333333333,0.058854166666666666,0.0,0.0,0.0,0.8973400050380642
cologne8,high,1051,ergs_no_event,94.87083333333334,25.0875,6.327340020654009,3.5627576858600976,2974.0,3052.0,0.0,0.0,90.0,64.625,3600.0,8.0,112.68445699999575,1920.0,1.0,0.0,0.0,1.0,0.0,-0.4231460210750915,0.0,0.8973400050380642
cologne8,high,1051,ergs_no_guard,94.87083333333334,25.0875,6.327340020654009,3.5627576858600976,2974.0,3052.0,0.0,0.0,90.0,64.625,3600.0,8.0,20.422667099977843,1920.0,0.020833333333333332,0.0,0.0,1.0,0.71875,0.0,0.0,0.9984193441575406
cologne8,high,1051,ergs_no_calibration,94.87083333333334,25.0875,6.327340020654009,3.5627576858600976,2974.0,3052.0,0.0,0.0,90.0,64.625,3600.0,8.0,23.176538600004278,1920.0,0.020833333333333332,0.0,0.0,1.0,0.71875,0.0,0.0,0.9984193441575406
cologne8,high,1051,ergs_no_hysteresis,94.87083333333334,25.0875,6.327340020654009,3.5627576858600976,2974.0,3052.0,0.0,0.0,90.0,64.625,3600.0,8.0,23.004510700004175,1920.0,0.020833333333333332,0.0,0.0,1.0,0.6927083333333334,-0.43551797359343497,0.0,0.998228343831132
cologne8,high,1051,ergs_v2,94.87083333333334,25.0875,6.327340020654009,3.5627576858600976,2974.0,3052.0,0.0,0.0,90.0,64.625,3600.0,8.0,22.217063499963842,1920.0,0.020833333333333332,0.0,0.0,1.0,0.71875,-0.4322450090866109,0.0,0.9984193441575406
cologne8,high,1061,fixed,119.325,45.95,5.367524207435947,7.082720967120128,3003.0,3091.0,0.0,0.0,142.0,144.0,3600.0,8.0,19.762462300015613,0.0,0.0,0.0,0.0,0.0,0.0,0.0,0.0,0.0
cologne8,high,1061,max_pressure,114.31666666666666,42.4125,5.528707708219672,10.078346381131256,3007.0,3091.0,0.0,0.0,100.0,50.625,3600.0,8.0,26.59903259994462,0.0,0.0,0.0,0.0,0.0,0.0,0.0,0.0,0.0
cologne8,high,1061,ppo_ensemble,100.82916666666667,28.725,6.1312136475332135,3.709255497720927,3018.0,3091.0,0.0,0.0,120.0,67.25,3600.0,8.0,21.509749999968335,0.0,0.0,0.0,0.0,0.0,0.0,0.0,0.0,0.0
cologne8,high,1061,lightgpt_direct,110.28333333333333,39.93333333333333,5.708887140810867,9.333389668003791,3002.0,3091.0,0.0,0.0,106.0,44.25,3600.0,8.0,22.499240200035274,1920.0,1.0,0.2890625,0.9875,0.0125,0.0,0.0,0.0,0.589603552620996
cologne8,high,1061,lightgpt_review,100.82916666666667,28.725,6.1312136475332135,3.709255497720927,3018.0,3091.0,0.0,0.0,120.0,67.25,3600.0,8.0,21.27070910006296,1920.0,1.0,0.0,0.934375,0.065625,0.0,0.0,0.0,0.8886342726910182
cologne8,high,1061,ergs_no_event,100.82916666666667,28.725,6.1312136475332135,3.709255497720927,3018.0,3091.0,0.0,0.0,120.0,67.25,3600.0,8.0,106.7789163000416,1920.0,1.0,0.0,0.0,1.0,0.0,-0.4224853984022879,0.0,0.8886342726910182
cologne8,high,1061,ergs_no_guard,100.82916666666667,28.725,6.1312136475332135,3.709255497720927,3018.0,3091.0,0.0,0.0,120.0,67.25,3600.0,8.0,22.942797899944708,1920.0,0.020833333333333332,0.0,0.0,1.0,0.7203125,0.0,0.0,0.9972942213357918
cologne8,high,1061,ergs_no_calibration,100.82916666666667,28.725,6.1312136475332135,3.709255497720927,3018.0,3091.0,0.0,0.0,120.0,67.25,3600.0,8.0,22.746384300058708,1920.0,0.020833333333333332,0.0,0.0,1.0,0.7203125,0.0,0.0,0.9972942213357918
cologne8,high,1061,ergs_no_hysteresis,100.82916666666667,28.725,6.1312136475332135,3.709255497720927,3018.0,3091.0,0.0,0.0,120.0,67.25,3600.0,8.0,22.96380540006794,1920.0,0.020833333333333332,0.0,0.0,1.0,0.6953125,-0.46565151082768325,0.0,0.9972942213357918
cologne8,high,1061,ergs_v2,100.82916666666667,28.725,6.1312136475332135,3.709255497720927,3018.0,3091.0,0.0,0.0,120.0,67.25,3600.0,8.0,23.466875400044955,1920.0,0.020833333333333332,0.0,0.0,1.0,0.7203125,-0.46565151082768325,0.0,0.9972942213357918
cologne8,high,1063,fixed,109.69166666666666,40.395833333333336,5.546318392994601,6.913541593169756,2941.0,3029.0,0.0,0.0,120.0,144.0,3600.0,8.0,19.111210100003518,0.0,0.0,0.0,0.0,0.0,0.0,0.0,0.0,0.0
cologne8,high,1063,max_pressure,107.75833333333334,38.82083333333333,5.582690841925482,10.291739859029573,2938.0,3029.0,0.0,0.0,140.0,48.875,3600.0,8.0,24.482356099993922,0.0,0.0,0.0,0.0,0.0,0.0,0.0,0.0,0.0
cologne8,high,1063,ppo_ensemble,99.42916666666666,28.4875,6.099983610657487,3.7216379851118595,2954.0,3029.0,0.0,0.0,88.0,67.0,3600.0,8.0,22.26899150002282,0.0,0.0,0.0,0.0,0.0,0.0,0.0,0.0,0.0
cologne8,high,1063,lightgpt_direct,107.48333333333333,38.37083333333333,5.666613986012968,9.119736389886123,2947.0,3029.0,0.0,0.0,132.0,44.875,3600.0,8.0,23.177638900000602,1920.0,1.0,0.284375,0.9859375,0.0140625,0.0,0.0,0.0,0.5889962757136707
cologne8,high,1063,lightgpt_review,99.42916666666666,28.4875,6.099983610657487,3.7216379851118595,2954.0,3029.0,0.0,0.0,88.0,67.0,3600.0,8.0,23.362339799990878,1920.0,1.0,0.0,0.9333333333333333,0.06666666666666667,0.0,0.0,0.0,0.8898438946167903
cologne8,high,1063,ergs_no_event,99.42916666666666,28.4875,6.099983610657487,3.7216379851118595,2954.0,3029.0,0.0,0.0,88.0,67.0,3600.0,8.0,123.26295490004122,1920.0,1.0,0.0,0.0,1.0,0.0,-0.42143439463253735,0.0,0.8898438946167903
cologne8,high,1063,ergs_no_guard,99.42916666666666,28.4875,6.099983610657487,3.7216379851118595,2954.0,3029.0,0.0,0.0,88.0,67.0,3600.0,8.0,20.705970600014552,1920.0,0.020833333333333332,0.0,0.0,1.0,0.7239583333333334,0.0,0.0,0.997862411043165
cologne8,high,1063,ergs_no_calibration,99.42916666666666,28.4875,6.099983610657487,3.7216379851118595,2954.0,3029.0,0.0,0.0,88.0,67.0,3600.0,8.0,20.511303600040264,1920.0,0.020833333333333332,0.0,0.0,1.0,0.7239583333333334,0.0,0.0,0.997862411043165
cologne8,high,1063,ergs_no_hysteresis,99.42916666666666,28.4875,6.099983610657487,3.7216379851118595,2954.0,3029.0,0.0,0.0,88.0,67.0,3600.0,8.0,21.780407099984586,1920.0,0.020833333333333332,0.0,0.0,1.0,0.6927083333333334,-0.44533686711390735,0.0,0.9976637015495693
cologne8,high,1063,ergs_v2,99.42916666666666,28.4875,6.099983610657487,3.7216379851118595,2954.0,3029.0,0.0,0.0,88.0,67.0,3600.0,8.0,21.296030799974687,1920.0,0.020833333333333332,0.0,0.0,1.0,0.7239583333333334,-0.4420639026070832,0.0,0.997862411043165
cologne8,high,1069,fixed,119.35416666666667,46.94583333333333,5.297755868146445,7.311865112529999,2992.0,3077.0,0.0,0.0,146.0,144.0,3600.0,8.0,17.34445090009831,0.0,0.0,0.0,0.0,0.0,0.0,0.0,0.0,0.0
cologne8,high,1069,max_pressure,115.9625,45.375,5.296854965789933,11.29931619264109,2980.0,3077.0,0.0,0.0,120.0,50.875,3600.0,8.0,25.86708140000701,0.0,0.0,0.0,0.0,0.0,0.0,0.0,0.0,0.0
cologne8,high,1069,ppo_ensemble,96.2875,25.9125,6.253293256727763,3.6299018112186476,2999.0,3077.0,0.0,0.0,116.0,65.5,3600.0,8.0,20.448674399987794,0.0,0.0,0.0,0.0,0.0,0.0,0.0,0.0,0.0
cologne8,high,1069,lightgpt_direct,110.75416666666666,39.170833333333334,5.652967905398803,8.934239262673358,2997.0,3077.0,0.0,0.0,156.0,45.75,3600.0,8.0,21.9862319000531,1920.0,1.0,0.28020833333333334,0.9890625,0.0109375,0.0,0.0,0.0,0.5879516341533014
cologne8,high,1069,lightgpt_review,96.2875,25.9125,6.253293256727763,3.6299018112186476,2999.0,3077.0,0.0,0.0,116.0,65.5,3600.0,8.0,20.48130320000928,1920.0,1.0,0.0,0.9463541666666667,0.05364583333333333,0.0,0.0,0.0,0.8967142263755193
cologne8,high,1069,ergs_no_event,96.2875,25.9125,6.253293256727763,3.6299018112186476,2999.0,3077.0,0.0,0.0,116.0,65.5,3600.0,8.0,106.83397460007109,1920.0,1.0,0.0,0.0,1.0,0.0,-0.4264236238676378,0.0,0.8967142263755193
cologne8,high,1069,ergs_no_guard,96.2875,25.9125,6.253293256727763,3.6299018112186476,2999.0,3077.0,0.0,0.0,116.0,65.5,3600.0,8.0,19.080399099970236,1920.0,0.020833333333333332,0.0,0.0,1.0,0.7359375,0.0,0.0,0.9978566673012711
cologne8,high,1069,ergs_no_calibration,96.2875,25.9125,6.253293256727763,3.6299018112186476,2999.0,3077.0,0.0,0.0,116.0,65.5,3600.0,8.0,22.47203800000716,1920.0,0.020833333333333332,0.0,0.0,1.0,0.7359375,0.0,0.0,0.9978566673012711
cologne8,high,1069,ergs_no_hysteresis,96.2875,25.9125,6.253293256727763,3.6299018112186476,2999.0,3077.0,0.0,0.0,116.0,65.5,3600.0,8.0,23.616457600030117,1920.0,0.020833333333333332,0.0,0.0,1.0,0.7098958333333333,-0.4420639026070832,0.0,0.9978566673012711
cologne8,high,1069,ergs_v2,96.2875,25.9125,6.253293256727763,3.6299018112186476,2999.0,3077.0,0.0,0.0,116.0,65.5,3600.0,8.0,21.49948390002828,1920.0,0.020833333333333332,0.0,0.0,1.0,0.7359375,-0.4420639026070832,0.0,0.9978566673012711
cologne8,high,1087,fixed,115.1375,43.958333333333336,5.362360863584247,7.152133978188886,2969.0,3060.0,0.0,0.0,136.0,144.0,3600.0,8.0,19.993793400004506,0.0,0.0,0.0,0.0,0.0,0.0,0.0,0.0,0.0
cologne8,high,1087,max_pressure,112.10833333333333,41.63333333333333,5.42019978683495,10.861045422097376,2983.0,3060.0,0.0,0.0,122.0,51.375,3600.0,8.0,23.954990500002168,0.0,0.0,0.0,0.0,0.0,0.0,0.0,0.0,0.0
cologne8,high,1087,ppo_ensemble,98.725,27.779166666666665,6.181221861405305,3.9476924592861122,2990.0,3060.0,0.0,0.0,104.0,65.125,3600.0,8.0,21.004344099899754,0.0,0.0,0.0,0.0,0.0,0.0,0.0,0.0,0.0
cologne8,high,1087,lightgpt_direct,108.275,39.84583333333333,5.614272777638108,10.137202323266719,2957.0,3050.0,0.0,0.0,126.0,45.0,3600.0,8.0,20.20021710009314,1920.0,1.0,0.2875,0.9838541666666667,0.016145833333333335,0.0,0.0,0.0,0.587920042636738
cologne8,high,1087,lightgpt_review,98.725,27.779166666666665,6.181221861405305,3.9476924592861122,2990.0,3060.0,0.0,0.0,104.0,65.125,3600.0,8.0,19.74961549998261,1920.0,1.0,0.0,0.9416666666666667,0.058333333333333334,0.0,0.0,0.0,0.8955273565337374
cologne8,high,1087,ergs_no_event,98.725,27.779166666666665,6.181221861405305,3.9476924592861122,2990.0,3060.0,0.0,0.0,104.0,65.125,3600.0,8.0,120.02969389990903,1920.0,1.0,0.0,0.0,1.0,0.0,-0.4239101766219227,0.0,0.8955273565337374
cologne8,high,1087,ergs_no_guard,98.725,27.779166666666665,6.181221861405305,3.9476924592861122,2990.0,3060.0,0.0,0.0,104.0,65.125,3600.0,8.0,21.018856399925426,1920.0,0.020833333333333332,0.0,0.0,1.0,0.7302083333333333,0.0,0.0,0.9984018582689803
cologne8,high,1087,ergs_no_calibration,98.725,27.779166666666665,6.181221861405305,3.9476924592861122,2990.0,3060.0,0.0,0.0,104.0,65.125,3600.0,8.0,21.956554099917412,1920.0,0.020833333333333332,0.0,0.0,1.0,0.7302083333333333,0.0,0.0,0.9984018582689803
cologne8,high,1087,ergs_no_hysteresis,98.725,27.779166666666665,6.181221861405305,3.9476924592861122,2990.0,3060.0,0.0,0.0,104.0,65.125,3600.0,8.0,21.68331120000221,1920.0,0.020833333333333332,0.0,0.0,1.0,0.6989583333333333,-0.41847629438648315,0.0,0.9984018582689803
cologne8,high,1087,ergs_v2,98.725,27.779166666666665,6.181221861405305,3.9476924592861122,2990.0,3060.0,0.0,0.0,104.0,65.125,3600.0,8.0,22.764451600029133,1920.0,0.020833333333333332,0.0,0.0,1.0,0.7302083333333333,-0.41847629438648315,0.0,0.9984018582689803
cologne8,high,1091,fixed,111.42916666666666,41.07083333333333,5.51321857400331,6.852390323046492,2954.0,3043.0,0.0,0.0,128.0,144.0,3600.0,8.0,18.15818060003221,0.0,0.0,0.0,0.0,0.0,0.0,0.0,0.0,0.0
cologne8,high,1091,max_pressure,113.98333333333333,44.59583333333333,5.314858980920687,11.582539775942633,2963.0,3043.0,1.0,0.0,146.0,50.875,3600.0,8.0,23.551433200016618,0.0,0.0,0.0,0.0,0.0,0.0,0.0,0.0,0.0
cologne8,high,1091,ppo_ensemble,97.89583333333333,27.029166666666665,6.151071304377254,3.7327649325026147,2981.0,3043.0,0.0,0.0,130.0,65.5,3600.0,8.0,19.623812400037423,0.0,0.0,0.0,0.0,0.0,0.0,0.0,0.0,0.0
cologne8,high,1091,lightgpt_direct,107.82083333333334,39.3,5.651556581856547,9.482098069189716,2961.0,3043.0,0.0,0.0,110.0,45.5,3600.0,8.0,19.20576660009101,1920.0,1.0,0.275,0.9848958333333333,0.015104166666666667,0.0,0.0,0.0,0.588685676490343
cologne8,high,1091,lightgpt_review,97.89583333333333,27.029166666666665,6.151071304377254,3.7327649325026147,2981.0,3043.0,0.0,0.0,130.0,65.5,3600.0,8.0,20.553692299989052,1920.0,1.0,0.0,0.9338541666666667,0.06614583333333333,0.0,0.0,0.0,0.8926452658826943
cologne8,high,1091,ergs_no_event,97.89583333333333,27.029166666666665,6.151071304377254,3.7327649325026147,2981.0,3043.0,0.0,0.0,130.0,65.5,3600.0,8.0,102.90104819997214,1920.0,1.0,0.0,0.0,1.0,0.0,-0.42069844144707413,0.0,0.8926452658826943
cologne8,high,1091,ergs_no_guard,97.89583333333333,27.029166666666665,6.151071304377254,3.7327649325026147,2981.0,3043.0,0.0,0.0,130.0,65.5,3600.0,8.0,19.736784599954262,1920.0,0.020833333333333332,0.0,0.0,1.0,0.7260416666666667,0.0,0.0,0.9970979119562513
cologne8,high,1091,ergs_no_calibration,97.89583333333333,27.029166666666665,6.151071304377254,3.7327649325026147,2981.0,3043.0,0.0,0.0,130.0,65.5,3600.0,8.0,24.281301300041378,1920.0,0.020833333333333332,0.0,0.0,1.0,0.7260416666666667,0.0,0.0,0.9970979119562513
cologne8,high,1091,ergs_no_hysteresis,97.89583333333333,27.029166666666665,6.151071304377254,3.7327649325026147,2981.0,3043.0,0.0,0.0,130.0,65.5,3600.0,8.0,20.96781539998483,1920.0,0.020833333333333332,0.0,0.0,1.0,0.6916666666666667,-0.46565151082768325,0.0,0.9972896092235695
cologne8,high,1091,ergs_v2,97.89583333333333,27.029166666666665,6.151071304377254,3.7327649325026147,2981.0,3043.0,0.0,0.0,130.0,65.5,3600.0,8.0,20.61773749999702,1920.0,0.020833333333333332,0.0,0.0,1.0,0.7260416666666667,-0.4689244753345074,0.0,0.9970979119562513
cologne8,high,1093,fixed,116.35416666666667,45.1,5.414829826179543,7.279346181556367,2974.0,3063.0,0.0,0.0,184.0,144.0,3600.0,8.0,19.94428479997441,0.0,0.0,0.0,0.0,0.0,0.0,0.0,0.0,0.0
cologne8,high,1093,max_pressure,118.99166666666666,47.766666666666666,5.1955522970625205,11.035708169154212,2976.0,3063.0,0.0,0.0,124.0,51.0,3600.0,8.0,24.358001700020395,0.0,0.0,0.0,0.0,0.0,0.0,0.0,0.0,0.0
cologne8,high,1093,ppo_ensemble,99.24166666666666,27.745833333333334,6.228290124389813,3.610750347528917,2981.0,3063.0,0.0,0.0,132.0,65.375,3600.0,8.0,20.365654699970037,0.0,0.0,0.0,0.0,0.0,0.0,0.0,0.0,0.0
cologne8,high,1093,lightgpt_direct,105.12083333333334,35.24583333333333,5.80381190462024,8.028301906036724,2988.0,3063.0,0.0,0.0,130.0,45.875,3600.0,8.0,21.175721899955533,1920.0,1.0,0.2640625,0.9828125,0.0171875,0.0,0.0,0.0,0.5898715317143408
cologne8,high,1093,lightgpt_review,99.24166666666666,27.745833333333334,6.228290124389813,3.610750347528917,2981.0,3063.0,0.0,0.0,132.0,65.375,3600.0,8.0,20.296748799970374,1920.0,1.0,0.0,0.9395833333333333,0.06041666666666667,0.0,0.0,0.0,0.894804500772103
cologne8,high,1093,ergs_no_event,99.24166666666666,27.745833333333334,6.228290124389813,3.610750347528917,2981.0,3063.0,0.0,0.0,132.0,65.375,3600.0,8.0,98.44608350005001,1920.0,1.0,0.0,0.0,1.0,0.0,-0.42317190429359836,0.0,0.894804500772103
cologne8,high,1093,ergs_no_guard,99.24166666666666,27.745833333333334,6.228290124389813,3.610750347528917,2981.0,3063.0,0.0,0.0,132.0,65.375,3600.0,8.0,21.021586199989542,1920.0,0.020833333333333332,0.0,0.0,1.0,0.7208333333333333,0.0,0.0,0.9984272304254435
cologne8,high,1093,ergs_no_calibration,99.24166666666666,27.745833333333334,6.228290124389813,3.610750347528917,2981.0,3063.0,0.0,0.0,132.0,65.375,3600.0,8.0,23.246856200043112,1920.0,0.020833333333333332,0.0,0.0,1.0,0.7208333333333333,0.0,0.0,0.9984272304254435
cologne8,high,1093,ergs_no_hysteresis,99.24166666666666,27.745833333333334,6.228290124389813,3.610750347528917,2981.0,3063.0,0.0,0.0,132.0,65.375,3600.0,8.0,22.76230119995307,1920.0,0.020833333333333332,0.0,0.0,1.0,0.6942708333333333,-0.44601372378673865,0.0,0.9984272304254435
cologne8,high,1093,ergs_v2,99.24166666666666,27.745833333333334,6.228290124389813,3.610750347528917,2981.0,3063.0,0.0,0.0,132.0,65.375,3600.0,8.0,23.934515899978578,1920.0,0.020833333333333332,0.0,0.0,1.0,0.7208333333333333,-0.44601372378673865,0.0,0.9984272304254435
cologne8,high,1097,fixed,115.70416666666667,43.9375,5.406568786946859,7.085232972969597,2959.0,3068.0,0.0,0.0,132.0,144.0,3600.0,8.0,19.85965410002973,0.0,0.0,0.0,0.0,0.0,0.0,0.0,0.0,0.0
cologne8,high,1097,max_pressure,111.91666666666667,41.46666666666667,5.40141755069695,10.385762425820712,2983.0,3068.0,0.0,0.0,88.0,50.5,3600.0,8.0,23.27220380003564,0.0,0.0,0.0,0.0,0.0,0.0,0.0,0.0,0.0
cologne8,high,1097,ppo_ensemble,99.45,27.791666666666668,6.2020197852576,3.6077026889818793,3003.0,3068.0,0.0,0.0,98.0,66.125,3600.0,8.0,22.891125299967825,0.0,0.0,0.0,0.0,0.0,0.0,0.0,0.0,0.0
cologne8,high,1097,lightgpt_direct,110.57083333333334,40.43333333333333,5.67133453358513,9.25511526250688,2968.0,3064.0,0.0,0.0,106.0,45.625,3600.0,8.0,20.379710200009868,1920.0,1.0,0.28125,0.9802083333333333,0.019791666666666666,0.0,0.0,0.0,0.5885020365347863
cologne8,high,1097,lightgpt_review,99.45,27.791666666666668,6.2020197852576,3.6077026889818793,3003.0,3068.0,0.0,0.0,98.0,66.125,3600.0,8.0,20.543800799991004,1920.0,1.0,0.0,0.9359375,0.0640625,0.0,0.0,0.0,0.8941777812000247
cologne8,high,1097,ergs_no_event,99.45,27.791666666666668,6.2020197852576,3.6077026889818793,3003.0,3068.0,0.0,0.0,98.0,66.125,3600.0,8.0,103.78775789996143,1920.0,1.0,0.0,0.0,1.0,0.0,-0.4213685270148396,0.0,0.8941777812000247
cologne8,high,1097,ergs_no_guard,99.45,27.791666666666668,6.2020197852576,3.6077026889818793,3003.0,3068.0,0.0,0.0,98.0,66.125,3600.0,8.0,21.288495399989188,1920.0,0.020833333333333332,0.0,0.0,1.0,0.7223958333333333,0.0,0.0,0.9976408130880482
cologne8,high,1097,ergs_no_calibration,99.45,27.791666666666668,6.2020197852576,3.6077026889818793,3003.0,3068.0,0.0,0.0,98.0,66.125,3600.0,8.0,21.370977199985646,1920.0,0.020833333333333332,0.0,0.0,1.0,0.7223958333333333,0.0,0.0,0.9976408130880482
cologne8,high,1097,ergs_no_hysteresis,99.45,27.791666666666668,6.2020197852576,3.6077026889818793,3003.0,3068.0,0.0,0.0,98.0,66.125,3600.0,8.0,22.475114300032146,1920.0,0.020833333333333332,0.0,0.0,1.0,0.7005208333333334,-0.4453368671139074,0.0,0.9976408130880482
cologne8,high,1097,ergs_v2,99.45,27.791666666666668,6.2020197852576,3.6077026889818793,3003.0,3068.0,0.0,0.0,98.0,66.125,3600.0,8.0,23.510641200002283,1920.0,0.020833333333333332,0.0,0.0,1.0,0.7223958333333333,-0.4453368671139074,0.0,0.9976408130880482
cologne8,high,1103,fixed,119.56666666666666,46.766666666666666,5.2752956897435945,7.26053852291727,2967.0,3071.0,0.0,0.0,142.0,144.0,3600.0,8.0,18.827823400031775,0.0,0.0,0.0,0.0,0.0,0.0,0.0,0.0,0.0
cologne8,high,1103,max_pressure,116.925,45.15,5.267397479027066,10.816653108308072,2985.0,3071.0,0.0,0.0,104.0,50.75,3600.0,8.0,24.69518329994753,0.0,0.0,0.0,0.0,0.0,0.0,0.0,0.0,0.0
cologne8,high,1103,ppo_ensemble,98.50416666666666,27.720833333333335,6.181178240706461,3.7952944352985005,2992.0,3071.0,0.0,0.0,92.0,64.875,3600.0,8.0,20.455960600054823,0.0,0.0,0.0,0.0,0.0,0.0,0.0,0.0,0.0
cologne8,high,1103,lightgpt_direct,109.0875,38.52916666666667,5.6630276206851144,8.636346189317015,2982.0,3071.0,0.0,0.0,124.0,45.125,3600.0,8.0,21.717178800026886,1920.0,1.0,0.28229166666666666,0.9854166666666667,0.014583333333333334,0.0,0.0,0.0,0.5889100545686622
cologne8,high,1103,lightgpt_review,98.50416666666666,27.720833333333335,6.181178240706461,3.7952944352985005,2992.0,3071.0,0.0,0.0,92.0,64.875,3600.0,8.0,18.85085689998232,1920.0,1.0,0.0,0.9354166666666667,0.06458333333333334,0.0,0.0,0.0,0.8940054059756969
cologne8,high,1103,ergs_no_event,98.50416666666666,27.720833333333335,6.181178240706461,3.7952944352985005,2992.0,3071.0,0.0,0.0,92.0,64.875,3600.0,8.0,114.30158660002053,1920.0,1.0,0.0,0.0,1.0,0.0,-0.42114986555247913,0.0,0.8940054059756969
cologne8,high,1103,ergs_no_guard,98.50416666666666,27.720833333333335,6.181178240706461,3.7952944352985005,2992.0,3071.0,0.0,0.0,92.0,64.875,3600.0,8.0,22.67051059997175,1920.0,0.020833333333333332,0.0,0.0,1.0,0.715625,0.0,0.0,0.9976343671269828
cologne8,high,1103,ergs_no_calibration,98.50416666666666,27.720833333333335,6.181178240706461,3.7952944352985005,2992.0,3071.0,0.0,0.0,92.0,64.875,3600.0,8.0,22.622557800030336,1920.0,0.020833333333333332,0.0,0.0,1.0,0.715625,0.0,0.0,0.9976343671269828
cologne8,high,1103,ergs_no_hysteresis,98.50416666666666,27.720833333333335,6.181178240706461,3.7952944352985005,2992.0,3071.0,0.0,0.0,92.0,64.875,3600.0,8.0,20.533398700063117,1920.0,0.020833333333333332,0.0,0.0,1.0,0.684375,-0.4315681524137796,0.0,0.9976343671269828
cologne8,high,1103,ergs_v2,98.50416666666666,27.720833333333335,6.181178240706461,3.7952944352985005,2992.0,3071.0,0.0,0.0,92.0,64.875,3600.0,8.0,14.359769999980927,1920.0,0.020833333333333332,0.0,0.0,1.0,0.715625,-0.4315681524137796,0.0,0.9976343671269828
cologne8,low,1001,fixed,33.604166666666664,9.5625,7.134578372939228,5.206169556738067,1209.0,1237.0,0.0,0.0,32.0,144.0,3600.0,8.0,17.941283800057136,0.0,0.0,0.0,0.0,0.0,0.0,0.0,0.0,0.0
cologne8,low,1001,max_pressure,35.6625,10.745833333333334,6.578138322243045,8.15483401564676,1215.0,1237.0,0.0,0.0,26.0,42.75,3600.0,8.0,20.680850900011137,0.0,0.0,0.0,0.0,0.0,0.0,0.0,0.0,0.0
cologne8,low,1001,ppo_ensemble,30.166666666666668,5.995833333333334,7.678030232056547,3.185347945194071,1216.0,1237.0,0.0,0.0,20.0,52.5,3600.0,8.0,18.992313000024296,0.0,0.0,0.0,0.0,0.0,0.0,0.0,0.0,0.0
cologne8,low,1001,lightgpt_direct,34.77916666666667,10.016666666666667,6.686298322435239,7.577947872751843,1208.0,1237.0,0.0,0.0,32.0,38.125,3600.0,8.0,15.834955699974671,1920.0,1.0,0.2171875,0.9989583333333333,0.0010416666666666667,0.0,0.0,0.0,0.600262033315442
cologne8,low,1001,lightgpt_review,30.166666666666668,5.995833333333334,7.678030232056547,3.185347945194071,1216.0,1237.0,0.0,0.0,20.0,52.5,3600.0,8.0,19.490994699997827,1920.0,1.0,0.0,0.9942708333333333,0.005729166666666666,0.0,0.0,0.0,0.9444074414054953
cologne8,low,1001,ergs_no_event,30.166666666666668,5.995833333333334,7.678030232056547,3.185347945194071,1216.0,1237.0,0.0,0.0,20.0,52.5,3600.0,8.0,109.46405519999098,1920.0,1.0,0.0,0.0,1.0,0.0,-0.4361760907998601,0.0,0.9444074414054953
cologne8,low,1001,ergs_no_guard,30.166666666666668,5.995833333333334,7.678030232056547,3.185347945194071,1216.0,1237.0,0.0,0.0,20.0,52.5,3600.0,8.0,19.470933900098316,1920.0,0.020833333333333332,0.0,0.0,1.0,0.6390625,0.0,0.0,0.9994092439088579
cologne8,low,1001,ergs_no_calibration,30.166666666666668,5.995833333333334,7.678030232056547,3.185347945194071,1216.0,1237.0,0.0,0.0,20.0,52.5,3600.0,8.0,21.122132700053044,1920.0,0.020833333333333332,0.0,0.0,1.0,0.6390625,0.0,0.0,0.9994092439088579
cologne8,low,1001,ergs_no_hysteresis,30.166666666666668,5.995833333333334,7.678030232056547,3.185347945194071,1216.0,1237.0,0.0,0.0,20.0,52.5,3600.0,8.0,20.708035800023936,1920.0,0.020833333333333332,0.0,0.0,1.0,0.61875,-0.42964890125261823,0.0,0.9994092439088579
cologne8,low,1001,ergs_v2,30.166666666666668,5.995833333333334,7.678030232056547,3.185347945194071,1216.0,1237.0,0.0,0.0,20.0,52.5,3600.0,8.0,21.19805040000938,1920.0,0.020833333333333332,0.0,0.0,1.0,0.6390625,-0.42964890125261823,0.0,0.9994092439088579
cologne8,low,1003,fixed,32.97083333333333,9.458333333333334,7.172831960235965,5.243227847449929,1205.0,1233.0,0.0,0.0,26.0,144.0,3600.0,8.0,20.779556099907495,0.0,0.0,0.0,0.0,0.0,0.0,0.0,0.0,0.0
cologne8,low,1003,max_pressure,35.85,11.258333333333333,6.512321896599544,8.511032398698744,1204.0,1233.0,0.0,0.0,12.0,44.375,3600.0,8.0,25.4821558999829,0.0,0.0,0.0,0.0,0.0,0.0,0.0,0.0,0.0
cologne8,low,1003,ppo_ensemble,30.0375,5.875,7.729313955698431,2.929772931606731,1208.0,1233.0,0.0,0.0,12.0,52.875,3600.0,8.0,21.747315100044943,0.0,0.0,0.0,0.0,0.0,0.0,0.0,0.0,0.0
cologne8,low,1003,lightgpt_direct,35.09166666666667,10.5125,6.645696816465343,8.138739280824252,1204.0,1233.0,0.0,0.0,16.0,38.375,3600.0,8.0,20.656579700065777,1920.0,1.0,0.2296875,0.9989583333333333,0.0010416666666666667,0.0,0.0,0.0,0.5995685803808866
cologne8,low,1003,lightgpt_review,30.0375,5.875,7.729313955698431,2.929772931606731,1208.0,1233.0,0.0,0.0,12.0,52.875,3600.0,8.0,21.03415760002099,1920.0,1.0,0.0,0.9921875,0.0078125,0.0,0.0,0.0,0.9413276949125533
cologne8,low,1003,ergs_no_event,30.0375,5.875,7.729313955698431,2.929772931606731,1208.0,1233.0,0.0,0.0,12.0,52.875,3600.0,8.0,123.84597069991287,1920.0,1.0,0.0,0.0,1.0,0.0,-0.4361196860771242,0.0,0.9413276949125533
cologne8,low,1003,ergs_no_guard,30.0375,5.875,7.729313955698431,2.929772931606731,1208.0,1233.0,0.0,0.0,12.0,52.875,3600.0,8.0,17.68313100002706,1920.0,0.020833333333333332,0.0,0.0,1.0,0.6322916666666667,0.0,0.0,0.9984506948735494
cologne8,low,1003,ergs_no_calibration,30.0375,5.875,7.729313955698431,2.929772931606731,1208.0,1233.0,0.0,0.0,12.0,52.875,3600.0,8.0,19.305792700033635,1920.0,0.020833333333333332,0.0,0.0,1.0,0.6322916666666667,0.0,0.0,0.9984506948735494
cologne8,low,1003,ergs_no_hysteresis,30.0375,5.875,7.729313955698431,2.929772931606731,1208.0,1233.0,0.0,0.0,12.0,52.875,3600.0,8.0,21.207580300047994,1920.0,0.020833333333333332,0.0,0.0,1.0,0.615625,-0.44601372378673876,0.0,0.9984506948735494
cologne8,low,1003,ergs_v2,30.0375,5.875,7.729313955698431,2.929772931606731,1208.0,1233.0,0.0,0.0,12.0,52.875,3600.0,8.0,21.08582869998645,1920.0,0.020833333333333332,0.0,0.0,1.0,0.6322916666666667,-0.44601372378673876,0.0,0.9984506948735494
cologne8,low,1007,fixed,33.0375,9.145833333333334,7.1426094905560635,5.018935282709391,1202.0,1228.0,0.0,0.0,14.0,144.0,3600.0,8.0,19.768385700066574,0.0,0.0,0.0,0.0,0.0,0.0,0.0,0.0,0.0
cologne8,low,1007,max_pressure,37.3,12.25,6.349163380123039,8.667113297312525,1199.0,1228.0,0.0,0.0,22.0,43.5,3600.0,8.0,22.218106999993324,0.0,0.0,0.0,0.0,0.0,0.0,0.0,0.0,0.0
cologne8,low,1007,ppo_ensemble,30.395833333333332,5.895833333333333,7.623225905872527,2.9860316299030383,1205.0,1228.0,0.0,0.0,20.0,52.5,3600.0,8.0,19.43619719997514,0.0,0.0,0.0,0.0,0.0,0.0,0.0,0.0,0.0
cologne8,low,1007,lightgpt_direct,34.275,9.741666666666667,6.705454176798708,7.4577092355387515,1202.0,1228.0,0.0,0.0,20.0,37.625,3600.0,8.0,19.23189169995021,1920.0,1.0,0.21822916666666667,0.9994791666666667,0.0005208333333333333,0.0,0.0,0.0,0.6008109920640988
cologne8,low,1007,lightgpt_review,30.395833333333332,5.895833333333333,7.623225905872527,2.9860316299030383,1205.0,1228.0,0.0,0.0,20.0,52.5,3600.0,8.0,20.07806789991446,1920.0,1.0,0.0,0.990625,0.009375,0.0,0.0,0.0,0.9443657269155116
cologne8,low,1007,ergs_no_event,30.395833333333332,5.895833333333333,7.623225905872527,2.9860316299030383,1205.0,1228.0,0.0,0.0,20.0,52.5,3600.0,8.0,112.80487580003683,1920.0,1.0,0.0,0.0,1.0,0.0,-0.43416815323942487,0.0,0.9443657269155116
cologne8,low,1007,ergs_no_guard,30.395833333333332,5.895833333333333,7.623225905872527,2.9860316299030383,1205.0,1228.0,0.0,0.0,20.0,52.5,3600.0,8.0,18.893361800001003,1920.0,0.020833333333333332,0.0,0.0,1.0,0.6390625,0.0,0.0,0.9976839058042768
cologne8,low,1007,ergs_no_calibration,30.395833333333332,5.895833333333333,7.623225905872527,2.9860316299030383,1205.0,1228.0,0.0,0.0,20.0,52.5,3600.0,8.0,19.186637499951757,1920.0,0.020833333333333332,0.0,0.0,1.0,0.6390625,0.0,0.0,0.9976839058042768
cologne8,low,1007,ergs_no_hysteresis,30.395833333333332,5.895833333333333,7.623225905872527,2.9860316299030383,1205.0,1228.0,0.0,0.0,20.0,52.5,3600.0,8.0,21.0162937999703,1920.0,0.020833333333333332,0.0,0.0,1.0,0.6161458333333333,-0.4591055818140351,0.0,0.9976839058042768
cologne8,low,1007,ergs_v2,30.395833333333332,5.895833333333333,7.623225905872527,2.9860316299030383,1205.0,1228.0,0.0,0.0,20.0,52.5,3600.0,8.0,20.304916299995966,1920.0,0.020833333333333332,0.0,0.0,1.0,0.6390625,-0.4591055818140351,0.0,0.9976839058042768
cologne8,low,1009,fixed,33.2875,9.354166666666666,7.151899622933729,5.285680508113137,1226.0,1246.0,0.0,0.0,20.0,144.0,3600.0,8.0,15.625126800034195,0.0,0.0,0.0,0.0,0.0,0.0,0.0,0.0,0.0
cologne8,low,1009,max_pressure,36.7125,11.733333333333333,6.504424606610005,8.446975359067471,1222.0,1246.0,0.0,0.0,12.0,44.25,3600.0,8.0,22.295119800022803,0.0,0.0,0.0,0.0,0.0,0.0,0.0,0.0,0.0
cologne8,low,1009,ppo_ensemble,30.925,6.516666666666667,7.502104839978443,3.1996936542923353,1229.0,1246.0,0.0,0.0,20.0,54.375,3600.0,8.0,17.842896100017242,0.0,0.0,0.0,0.0,0.0,0.0,0.0,0.0,0.0
cologne8,low,1009,lightgpt_direct,34.42916666666667,9.85,6.775110551830689,7.177026155669763,1222.0,1246.0,0.0,0.0,26.0,37.75,3600.0,8.0,20.359014100045897,1920.0,1.0,0.20364583333333333,0.9989583333333333,0.0010416666666666667,0.0,0.0,0.0,0.6006340181392259
cologne8,low,1009,lightgpt_review,30.925,6.516666666666667,7.502104839978443,3.1996936542923353,1229.0,1246.0,0.0,0.0,20.0,54.375,3600.0,8.0,17.133077999926172,1920.0,1.0,0.0,0.9921875,0.0078125,0.0,0.0,0.0,0.9386405336640882
cologne8,low,1009,ergs_no_event,30.925,6.516666666666667,7.502104839978443,3.1996936542923353,1229.0,1246.0,0.0,0.0,20.0,54.375,3600.0,8.0,144.97161890007555,1920.0,1.0,0.0,0.0,1.0,0.0,-0.4370743007249479,0.0,0.9386405336640882
cologne8,low,1009,ergs_no_guard,30.925,6.516666666666667,7.502104839978443,3.1996936542923353,1229.0,1246.0,0.0,0.0,20.0,54.375,3600.0,8.0,19.29984649992548,1920.0,0.020833333333333332,0.0,0.0,1.0,0.6395833333333333,0.0,0.0,0.9988340894081857
cologne8,low,1009,ergs_no_calibration,30.925,6.516666666666667,7.502104839978443,3.1996936542923353,1229.0,1246.0,0.0,0.0,20.0,54.375,3600.0,8.0,19.350617400021292,1920.0,0.020833333333333332,0.0,0.0,1.0,0.6395833333333333,0.0,0.0,0.9988340894081857
cologne8,low,1009,ergs_no_hysteresis,30.925,6.516666666666667,7.502104839978443,3.1996936542923353,1229.0,1246.0,0.0,0.0,20.0,54.375,3600.0,8.0,19.481637999997474,1920.0,0.020833333333333332,0.0,0.0,1.0,0.6161458333333333,-0.42569908007296275,0.0,0.9988340894081857
cologne8,low,1009,ergs_v2,30.925,6.516666666666667,7.502104839978443,3.1996936542923353,1229.0,1246.0,0.0,0.0,20.0,54.375,3600.0,8.0,20.34580760006793,1920.0,0.020833333333333332,0.0,0.0,1.0,0.6395833333333333,-0.42569908007296275,0.0,0.9988340894081857
cologne8,low,1013,fixed,33.825,9.541666666666666,7.123984992446324,5.093348889183434,1209.0,1236.0,0.0,0.0,12.0,144.0,3600.0,8.0,17.17765159998089,0.0,0.0,0.0,0.0,0.0,0.0,0.0,0.0,0.0
cologne8,low,1013,max_pressure,37.520833333333336,12.3875,6.3825476080654795,9.471841934092815,1208.0,1236.0,0.0,0.0,44.0,43.125,3600.0,8.0,23.616928900009952,0.0,0.0,0.0,0.0,0.0,0.0,0.0,0.0,0.0
cologne8,low,1013,ppo_ensemble,31.5125,6.754166666666666,7.414265709402767,3.4896207385791747,1213.0,1236.0,0.0,0.0,20.0,53.25,3600.0,8.0,16.71013599995058,0.0,0.0,0.0,0.0,0.0,0.0,0.0,0.0,0.0
cologne8,low,1013,lightgpt_direct,35.2125,10.345833333333333,6.720439830422125,7.415974339050798,1208.0,1236.0,0.0,0.0,22.0,38.5,3600.0,8.0,19.47382239997387,1920.0,1.0,0.22447916666666667,0.9979166666666667,0.0020833333333333333,0.0,0.0,0.0,0.5999878328398087
cologne8,low,1013,lightgpt_review,31.5125,6.754166666666666,7.414265709402767,3.4896207385791747,1213.0,1236.0,0.0,0.0,20.0,53.25,3600.0,8.0,20.67068920005113,1920.0,1.0,0.0,0.990625,0.009375,0.0,0.0,0.0,0.9418814254157525
cologne8,low,1013,ergs_no_event,31.5125,6.754166666666666,7.414265709402767,3.4896207385791747,1213.0,1236.0,0.0,0.0,20.0,53.25,3600.0,8.0,108.48448710003868,1920.0,1.0,0.0,0.0,1.0,0.0,-0.4350545811266897,0.0,0.9418814254157525
cologne8,low,1013,ergs_no_guard,31.5125,6.754166666666666,7.414265709402767,3.4896207385791747,1213.0,1236.0,0.0,0.0,20.0,53.25,3600.0,8.0,19.890392799978144,1920.0,0.020833333333333332,0.0,0.0,1.0,0.6447916666666667,0.0,0.0,0.9986386922469925
cologne8,low,1013,ergs_no_calibration,31.5125,6.754166666666666,7.414265709402767,3.4896207385791747,1213.0,1236.0,0.0,0.0,20.0,53.25,3600.0,8.0,19.625119199976325,1920.0,0.020833333333333332,0.0,0.0,1.0,0.6447916666666667,0.0,0.0,0.9986386922469925
cologne8,low,1013,ergs_no_hysteresis,31.5125,6.754166666666666,7.414265709402767,3.4896207385791747,1213.0,1236.0,0.0,0.0,20.0,53.25,3600.0,8.0,20.378129299962893,1920.0,0.020833333333333332,0.0,0.0,1.0,0.6244791666666667,-0.4427407592799145,0.0,0.9986386922469925
cologne8,low,1013,ergs_v2,31.5125,6.754166666666666,7.414265709402767,3.4896207385791747,1213.0,1236.0,0.0,0.0,20.0,53.25,3600.0,8.0,22.01491889997851,1920.0,0.020833333333333332,0.0,0.0,1.0,0.6447916666666667,-0.4427407592799145,0.0,0.9986386922469925
cologne8,low,1019,fixed,32.9625,9.341666666666667,7.112087634754706,5.055165395773866,1189.0,1213.0,0.0,0.0,16.0,144.0,3600.0,8.0,18.047385600046255,0.0,0.0,0.0,0.0,0.0,0.0,0.0,0.0,0.0
cologne8,low,1019,max_pressure,36.15,11.720833333333333,6.368269356597591,9.000555397519541,1188.0,1213.0,0.0,0.0,28.0,43.5,3600.0,8.0,22.930450899992138,0.0,0.0,0.0,0.0,0.0,0.0,0.0,0.0,0.0
cologne8,low,1019,ppo_ensemble,29.891666666666666,6.016666666666667,7.591605886201302,3.251022256350728,1193.0,1213.0,0.0,0.0,14.0,50.875,3600.0,8.0,16.849450499983504,0.0,0.0,0.0,0.0,0.0,0.0,0.0,0.0,0.0
cologne8,low,1019,lightgpt_direct,34.15,9.9,6.6722343034546805,7.419368885914495,1186.0,1213.0,0.0,0.0,28.0,37.875,3600.0,8.0,19.5547553000506,1920.0,1.0,0.21510416666666668,1.0,0.0,0.0,0.0,0.0,0.600921096815847
cologne8,low,1019,lightgpt_review,29.891666666666666,6.016666666666667,7.591605886201302,3.251022256350728,1193.0,1213.0,0.0,0.0,14.0,50.875,3600.0,8.0,16.356460300041363,1920.0,1.0,0.0,0.9953125,0.0046875,0.0,0.0,0.0,0.9482284731100014
cologne8,low,1019,ergs_no_event,29.891666666666666,6.016666666666667,7.591605886201302,3.251022256350728,1193.0,1213.0,0.0,0.0,14.0,50.875,3600.0,8.0,114.24144379992504,1920.0,1.0,0.0,0.0,1.0,0.0,-0.4353860520345221,0.0,0.9482284731100014
cologne8,low,1019,ergs_no_guard,29.891666666666666,6.016666666666667,7.591605886201302,3.251022256350728,1193.0,1213.0,0.0,0.0,14.0,50.875,3600.0,8.0,20.934936399920844,1920.0,0.020833333333333332,0.0,0.0,1.0,0.6458333333333334,0.0,0.0,0.9984406422589974
cologne8,low,1019,ergs_no_calibration,29.891666666666666,6.016666666666667,7.591605886201302,3.251022256350728,1193.0,1213.0,0.0,0.0,14.0,50.875,3600.0,8.0,22.96862499997951,1920.0,0.020833333333333332,0.0,0.0,1.0,0.6458333333333334,0.0,0.0,0.9984406422589974
cologne8,low,1019,ergs_no_hysteresis,29.891666666666666,6.016666666666667,7.591605886201302,3.251022256350728,1193.0,1213.0,0.0,0.0,14.0,50.875,3600.0,8.0,23.038997999974526,1920.0,0.020833333333333332,0.0,0.0,1.0,0.625,-0.4322450090866109,0.0,0.9984406422589974
cologne8,low,1019,ergs_v2,29.891666666666666,6.016666666666667,7.591605886201302,3.251022256350728,1193.0,1213.0,0.0,0.0,14.0,50.875,3600.0,8.0,18.48346160002984,1920.0,0.020833333333333332,0.0,0.0,1.0,0.6458333333333334,-0.4322450090866109,0.0,0.9984406422589974
cologne8,low,1021,fixed,32.583333333333336,9.179166666666667,7.182308669335118,5.088485239256062,1196.0,1216.0,0.0,0.0,14.0,144.0,3600.0,8.0,16.97043540002778,0.0,0.0,0.0,0.0,0.0,0.0,0.0,0.0,0.0
cologne8,low,1021,max_pressure,37.28333333333333,12.733333333333333,6.2408127270546965,9.342492842400166,1194.0,1216.0,0.0,0.0,32.0,43.125,3600.0,8.0,21.422796799917705,0.0,0.0,0.0,0.0,0.0,0.0,0.0,0.0,0.0
cologne8,low,1021,ppo_ensemble,29.895833333333332,6.091666666666667,7.560151706127714,3.3574167108705684,1198.0,1216.0,0.0,0.0,12.0,52.0,3600.0,8.0,20.14232230000198,0.0,0.0,0.0,0.0,0.0,0.0,0.0,0.0,0.0
cologne8,low,1021,lightgpt_direct,33.483333333333334,9.491666666666667,6.793587284182449,6.938499453158405,1195.0,1216.0,0.0,0.0,22.0,38.875,3600.0,8.0,15.057770999963395,1920.0,1.0,0.20104166666666667,0.9973958333333334,0.0026041666666666665,0.0,0.0,0.0,0.5999772959359472
cologne8,low,1021,lightgpt_review,29.895833333333332,6.091666666666667,7.560151706127714,3.3574167108705684,1198.0,1216.0,0.0,0.0,12.0,52.0,3600.0,8.0,19.815620300010778,1920.0,1.0,0.0,0.9932291666666667,0.0067708333333333336,0.0,0.0,0.0,0.9453668388467747
cologne8,low,1021,ergs_no_event,29.895833333333332,6.091666666666667,7.560151706127714,3.3574167108705684,1198.0,1216.0,0.0,0.0,12.0,52.0,3600.0,8.0,104.57966889999807,1920.0,1.0,0.0,0.0,1.0,0.0,-0.4352614605512273,0.0,0.9453668388467747
cologne8,low,1021,ergs_no_guard,29.895833333333332,6.091666666666667,7.560151706127714,3.3574167108705684,1198.0,1216.0,0.0,0.0,12.0,52.0,3600.0,8.0,19.49851139995735,1920.0,0.020833333333333332,0.0,0.0,1.0,0.6421875,0.0,0.0,0.9986323395263156
cologne8,low,1021,ergs_no_calibration,29.895833333333332,6.091666666666667,7.560151706127714,3.3574167108705684,1198.0,1216.0,0.0,0.0,12.0,52.0,3600.0,8.0,20.453671399969608,1920.0,0.020833333333333332,0.0,0.0,1.0,0.6421875,0.0,0.0,0.9986323395263156
cologne8,low,1021,ergs_no_hysteresis,29.895833333333332,6.091666666666667,7.560151706127714,3.3574167108705684,1198.0,1216.0,0.0,0.0,12.0,52.0,3600.0,8.0,19.58440689998679,1920.0,0.020833333333333332,0.0,0.0,1.0,0.6213541666666667,-0.4289720445797869,0.0,0.9986323395263156
cologne8,low,1021,ergs_v2,29.895833333333332,6.091666666666667,7.560151706127714,3.3574167108705684,1198.0,1216.0,0.0,0.0,12.0,52.0,3600.0,8.0,20.251160699990578,1920.0,0.020833333333333332,0.0,0.0,1.0,0.6421875,-0.4289720445797869,0.0,0.9986323395263156
cologne8,low,1031,fixed,32.375,8.875,7.285839298943432,4.823804845880729,1150.0,1176.0,0.0,0.0,34.0,144.0,3600.0,8.0,17.230142900021747,0.0,0.0,0.0,0.0,0.0,0.0,0.0,0.0,0.0
cologne8,low,1031,max_pressure,36.25833333333333,11.754166666666666,6.447760202235423,9.459955222226638,1152.0,1176.0,0.0,0.0,38.0,43.625,3600.0,8.0,20.496175599982962,0.0,0.0,0.0,0.0,0.0,0.0,0.0,0.0,0.0
cologne8,low,1031,ppo_ensemble,29.683333333333334,5.520833333333333,7.810159721485159,2.9218293448718624,1152.0,1176.0,0.0,0.0,34.0,51.125,3600.0,8.0,20.02676150004845,0.0,0.0,0.0,0.0,0.0,0.0,0.0,0.0,0.0
cologne8,low,1031,lightgpt_direct,33.920833333333334,9.466666666666667,6.884545745545664,7.375647942014469,1150.0,1176.0,0.0,0.0,28.0,37.875,3600.0,8.0,18.410760999890044,1920.0,1.0,0.196875,1.0,0.0,0.0,0.0,0.0,0.6005703216781169
cologne8,low,1031,lightgpt_review,29.683333333333334,5.520833333333333,7.810159721485159,2.9218293448718624,1152.0,1176.0,0.0,0.0,34.0,51.125,3600.0,8.0,19.890597500023432,1920.0,1.0,0.0,0.9963541666666667,0.0036458333333333334,0.0,0.0,0.0,0.9486265824617218
cologne8,low,1031,ergs_no_event,29.683333333333334,5.520833333333333,7.810159721485159,2.9218293448718624,1152.0,1176.0,0.0,0.0,34.0,51.125,3600.0,8.0,103.39899460005108,1920.0,1.0,0.0,0.0,1.0,0.0,-0.4358233749592431,0.0,0.9486265824617218
cologne8,low,1031,ergs_no_guard,29.683333333333334,5.520833333333333,7.810159721485159,2.9218293448718624,1152.0,1176.0,0.0,0.0,34.0,51.125,3600.0,8.0,16.407441099989228,1920.0,0.020833333333333332,0.0,0.0,1.0,0.625,0.0,0.0,0.99845128950227
cologne8,low,1031,ergs_no_calibration,29.683333333333334,5.520833333333333,7.810159721485159,2.9218293448718624,1152.0,1176.0,0.0,0.0,34.0,51.125,3600.0,8.0,20.100218300009146,1920.0,0.020833333333333332,0.0,0.0,1.0,0.625,0.0,0.0,0.99845128950227
cologne8,low,1031,ergs_no_hysteresis,29.683333333333334,5.520833333333333,7.810159721485159,2.9218293448718624,1152.0,1176.0,0.0,0.0,34.0,51.125,3600.0,8.0,21.7664048000006,1920.0,0.020833333333333332,0.0,0.0,1.0,0.6083333333333333,-0.44601372378673865,0.0,0.99845128950227
cologne8,low,1031,ergs_v2,29.683333333333334,5.520833333333333,7.810159721485159,2.9218293448718624,1152.0,1176.0,0.0,0.0,34.0,51.125,3600.0,8.0,21.822232200065628,1920.0,0.020833333333333332,0.0,0.0,1.0,0.625,-0.44601372378673865,0.0,0.99845128950227
cologne8,low,1033,fixed,34.520833333333336,9.825,7.095621262709287,5.263464779807263,1236.0,1257.0,0.0,0.0,22.0,144.0,3600.0,8.0,16.62759280006867,0.0,0.0,0.0,0.0,0.0,0.0,0.0,0.0,0.0
cologne8,low,1033,max_pressure,37.24166666666667,11.8625,6.5386990245522,8.543941198465191,1235.0,1257.0,0.0,0.0,16.0,44.375,3600.0,8.0,21.67485539999325,0.0,0.0,0.0,0.0,0.0,0.0,0.0,0.0,0.0
cologne8,low,1033,ppo_ensemble,32.3875,6.95,7.43159905301875,3.4033060350736295,1241.0,1257.0,0.0,0.0,18.0,53.625,3600.0,8.0,19.135178599972278,0.0,0.0,0.0,0.0,0.0,0.0,0.0,0.0,0.0
cologne8,low,1033,lightgpt_direct,35.583333333333336,10.445833333333333,6.704853044296355,7.653671953748396,1232.0,1257.0,0.0,0.0,28.0,38.0,3600.0,8.0,19.356367400032468,1920.0,1.0,0.23177083333333334,0.9989583333333333,0.0010416666666666667,0.0,0.0,0.0,0.6004513669557267
cologne8,low,1033,lightgpt_review,32.3875,6.95,7.43159905301875,3.4033060350736295,1241.0,1257.0,0.0,0.0,18.0,53.625,3600.0,8.0,17.180735599948093,1920.0,1.0,0.0,0.9911458333333333,0.008854166666666666,0.0,0.0,0.0,0.9408810640323251
cologne8,low,1033,ergs_no_event,32.3875,6.95,7.43159905301875,3.4033060350736295,1241.0,1257.0,0.0,0.0,18.0,53.625,3600.0,8.0,104.7358469000319,1920.0,1.0,0.0,0.0,1.0,0.0,-0.4356823631524032,0.0,0.9408810640323251
cologne8,low,1033,ergs_no_guard,32.3875,6.95,7.43159905301875,3.4033060350736295,1241.0,1257.0,0.0,0.0,18.0,53.625,3600.0,8.0,19.05184490000829,1920.0,0.020833333333333332,0.0,0.0,1.0,0.6307291666666667,0.0,0.0,0.9978712689355281
cologne8,low,1033,ergs_no_calibration,32.3875,6.95,7.43159905301875,3.4033060350736295,1241.0,1257.0,0.0,0.0,18.0,53.625,3600.0,8.0,20.253438299987465,1920.0,0.020833333333333332,0.0,0.0,1.0,0.6307291666666667,0.0,0.0,0.9978712689355281
cologne8,low,1033,ergs_no_hysteresis,32.3875,6.95,7.43159905301875,3.4033060350736295,1241.0,1257.0,0.0,0.0,18.0,53.625,3600.0,8.0,20.223385900026187,1920.0,0.020833333333333332,0.0,0.0,1.0,0.6114583333333333,-0.455832617307211,0.0,0.9978712689355281
cologne8,low,1033,ergs_v2,32.3875,6.95,7.43159905301875,3.4033060350736295,1241.0,1257.0,0.0,0.0,18.0,53.625,3600.0,8.0,21.083724200027063,1920.0,0.020833333333333332,0.0,0.0,1.0,0.6307291666666667,-0.455832617307211,0.0,0.9978712689355281
cologne8,low,1039,fixed,33.354166666666664,9.1125,7.138492273164602,4.885843353755517,1188.0,1212.0,0.0,0.0,22.0,144.0,3600.0,8.0,15.843398099998012,0.0,0.0,0.0,0.0,0.0,0.0,0.0,0.0,0.0
cologne8,low,1039,max_pressure,36.1,11.1125,6.514996656641507,8.049744175489423,1181.0,1212.0,0.0,0.0,8.0,43.625,3600.0,8.0,23.380636800080538,0.0,0.0,0.0,0.0,0.0,0.0,0.0,0.0,0.0
cologne8,low,1039,ppo_ensemble,31.0625,6.375,7.479402688569579,3.3417114221170907,1193.0,1212.0,0.0,0.0,38.0,52.75,3600.0,8.0,19.317943200003356,0.0,0.0,0.0,0.0,0.0,0.0,0.0,0.0,0.0
cologne8,low,1039,lightgpt_direct,34.86666666666667,9.916666666666666,6.650042811429837,7.489548664438358,1182.0,1212.0,0.0,0.0,12.0,38.25,3600.0,8.0,20.242867100052536,1920.0,1.0,0.22239583333333332,1.0,0.0,0.0,0.0,0.0,0.6005798664559587
cologne8,low,1039,lightgpt_review,31.0625,6.375,7.479402688569579,3.3417114221170907,1193.0,1212.0,0.0,0.0,38.0,52.75,3600.0,8.0,18.255546800093725,1920.0,1.0,0.0,0.9921875,0.0078125,0.0,0.0,0.0,0.9436385020496151
cologne8,low,1039,ergs_no_event,31.0625,6.375,7.479402688569579,3.3417114221170907,1193.0,1212.0,0.0,0.0,38.0,52.75,3600.0,8.0,100.39809380006045,1920.0,1.0,0.0,0.0,1.0,0.0,-0.43530144495041817,0.0,0.9436385020496151
cologne8,low,1039,ergs_no_guard,31.0625,6.375,7.479402688569579,3.3417114221170907,1193.0,1212.0,0.0,0.0,38.0,52.75,3600.0,8.0,19.86674850003328,1920.0,0.020833333333333332,0.0,0.0,1.0,0.6411458333333333,0.0,0.0,0.9986430890817772
cologne8,low,1039,ergs_no_calibration,31.0625,6.375,7.479402688569579,3.3417114221170907,1193.0,1212.0,0.0,0.0,38.0,52.75,3600.0,8.0,19.933631399995647,1920.0,0.020833333333333332,0.0,0.0,1.0,0.6411458333333333,0.0,0.0,0.9986430890817772
cologne8,low,1039,ergs_no_hysteresis,31.0625,6.375,7.479402688569579,3.3417114221170907,1193.0,1212.0,0.0,0.0,38.0,52.75,3600.0,8.0,20.65068550000433,1920.0,0.020833333333333332,0.0,0.0,1.0,0.6255208333333333,-0.4427407592799145,0.0,0.9986430890817772
cologne8,low,1039,ergs_v2,31.0625,6.375,7.479402688569579,3.3417114221170907,1193.0,1212.0,0.0,0.0,38.0,52.75,3600.0,8.0,21.476920400047675,1920.0,0.020833333333333332,0.0,0.0,1.0,0.6411458333333333,-0.4427407592799145,0.0,0.9986430890817772
cologne8,low,1049,fixed,32.645833333333336,9.091666666666667,7.21700800434279,5.067387119858331,1208.0,1238.0,0.0,0.0,18.0,144.0,3600.0,8.0,18.217439000029117,0.0,0.0,0.0,0.0,0.0,0.0,0.0,0.0,0.0
cologne8,low,1049,max_pressure,36.0,11.441666666666666,6.526302622734432,8.614554737928739,1206.0,1238.0,0.0,0.0,18.0,43.875,3600.0,8.0,20.485753599903546,0.0,0.0,0.0,0.0,0.0,0.0,0.0,0.0,0.0
cologne8,low,1049,ppo_ensemble,30.7,6.4375,7.498703842455736,3.461501526414673,1218.0,1238.0,0.0,0.0,10.0,51.375,3600.0,8.0,20.439538400038145,0.0,0.0,0.0,0.0,0.0,0.0,0.0,0.0,0.0
cologne8,low,1049,lightgpt_direct,34.391666666666666,10.220833333333333,6.7137820235250265,7.997093876723175,1210.0,1238.0,0.0,0.0,24.0,38.375,3600.0,8.0,17.79058469994925,1920.0,1.0,0.20989583333333334,0.9973958333333334,0.0026041666666666665,0.0,0.0,0.0,0.59962733879324
cologne8,low,1049,lightgpt_review,30.7,6.4375,7.498703842455736,3.461501526414673,1218.0,1238.0,0.0,0.0,10.0,51.375,3600.0,8.0,18.25441990001127,1920.0,1.0,0.0,0.9932291666666667,0.0067708333333333336,0.0,0.0,0.0,0.9459341461665719
cologne8,low,1049,ergs_no_event,30.7,6.4375,7.498703842455736,3.461501526414673,1218.0,1238.0,0.0,0.0,10.0,51.375,3600.0,8.0,110.08403420005925,1920.0,1.0,0.0,0.0,1.0,0.0,-0.43505690026955085,0.0,0.9459341461665719
cologne8,low,1049,ergs_no_guard,30.7,6.4375,7.498703842455736,3.461501526414673,1218.0,1238.0,0.0,0.0,10.0,51.375,3600.0,8.0,17.7001939000329,1920.0,0.020833333333333332,0.0,0.0,1.0,0.6421875,0.0,0.0,0.9992174839428221
cologne8,low,1049,ergs_no_calibration,30.7,6.4375,7.498703842455736,3.461501526414673,1218.0,1238.0,0.0,0.0,10.0,51.375,3600.0,8.0,19.14874959993176,1920.0,0.020833333333333332,0.0,0.0,1.0,0.6421875,0.0,0.0,0.9992174839428221
cologne8,low,1049,ergs_no_hysteresis,30.7,6.4375,7.498703842455736,3.461501526414673,1218.0,1238.0,0.0,0.0,10.0,51.375,3600.0,8.0,20.927899100002833,1920.0,0.020833333333333332,0.0,0.0,1.0,0.6234375,-0.42964890125261823,0.0,0.9994091812101402
cologne8,low,1049,ergs_v2,30.7,6.4375,7.498703842455736,3.461501526414673,1218.0,1238.0,0.0,0.0,10.0,51.375,3600.0,8.0,22.764103800058365,1920.0,0.020833333333333332,0.0,0.0,1.0,0.6421875,-0.43292186575944225,0.0,0.9992174839428221
cologne8,low,1051,fixed,33.5625,9.708333333333334,7.063348529594067,5.3325323523043355,1211.0,1235.0,0.0,0.0,24.0,144.0,3600.0,8.0,20.82001169992145,0.0,0.0,0.0,0.0,0.0,0.0,0.0,0.0,0.0
cologne8,low,1051,max_pressure,36.291666666666664,11.658333333333333,6.37879217534605,8.698831633987794,1210.0,1235.0,0.0,0.0,20.0,44.25,3600.0,8.0,24.8658451999072,0.0,0.0,0.0,0.0,0.0,0.0,0.0,0.0,0.0
cologne8,low,1051,ppo_ensemble,30.466666666666665,6.245833333333334,7.560949936498153,3.4738587632335394,1216.0,1235.0,0.0,0.0,34.0,52.125,3600.0,8.0,22.61622810002882,0.0,0.0,0.0,0.0,0.0,0.0,0.0,0.0,0.0
cologne8,low,1051,lightgpt_direct,34.3,9.825,6.755936470431695,7.10570732099023,1210.0,1235.0,0.0,0.0,18.0,38.375,3600.0,8.0,21.21191130008083,1920.0,1.0,0.20208333333333334,0.9984375,0.0015625,0.0,0.0,0.0,0.5998240632626877
cologne8,low,1051,lightgpt_review,30.466666666666665,6.245833333333334,7.560949936498153,3.4738587632335394,1216.0,1235.0,0.0,0.0,34.0,52.125,3600.0,8.0,21.45380189991556,1920.0,1.0,0.0,0.9927083333333333,0.007291666666666667,0.0,0.0,0.0,0.9451734394693311
cologne8,low,1051,ergs_no_event,30.466666666666665,6.245833333333334,7.560949936498153,3.4738587632335394,1216.0,1235.0,0.0,0.0,34.0,52.125,3600.0,8.0,124.6114320999477,1920.0,1.0,0.0,0.0,1.0,0.0,-0.4350427990888669,0.0,0.9451734394693311
cologne8,low,1051,ergs_no_guard,30.466666666666665,6.245833333333334,7.560949936498153,3.4738587632335394,1216.0,1235.0,0.0,0.0,34.0,52.125,3600.0,8.0,18.65596399991773,1920.0,0.020833333333333332,0.0,0.0,1.0,0.6458333333333334,0.0,0.0,0.9990264836164134
cologne8,low,1051,ergs_no_calibration,30.466666666666665,6.245833333333334,7.560949936498153,3.4738587632335394,1216.0,1235.0,0.0,0.0,34.0,52.125,3600.0,8.0,20.032191000063904,1920.0,0.020833333333333332,0.0,0.0,1.0,0.6458333333333334,0.0,0.0,0.9990264836164134
cologne8,low,1051,ergs_no_hysteresis,30.466666666666665,6.245833333333334,7.560949936498153,3.4738587632335394,1216.0,1235.0,0.0,0.0,34.0,52.125,3600.0,8.0,20.8336646000389,1920.0,0.020833333333333332,0.0,0.0,1.0,0.6276041666666666,-0.4361948302662664,0.0,0.9990264836164134
cologne8,low,1051,ergs_v2,30.466666666666665,6.245833333333334,7.560949936498153,3.4738587632335394,1216.0,1235.0,0.0,0.0,34.0,52.125,3600.0,8.0,23.189672800013795,1920.0,0.020833333333333332,0.0,0.0,1.0,0.6458333333333334,-0.4361948302662664,0.0,0.9990264836164134
cologne8,low,1061,fixed,33.97083333333333,9.820833333333333,6.996950796620215,5.304209831137607,1205.0,1228.0,0.0,0.0,18.0,144.0,3600.0,8.0,17.29684670001734,0.0,0.0,0.0,0.0,0.0,0.0,0.0,0.0,0.0
cologne8,low,1061,max_pressure,37.24166666666667,12.041666666666666,6.288657262959887,9.140736004893657,1208.0,1228.0,0.0,0.0,28.0,43.875,3600.0,8.0,22.398768799961545,0.0,0.0,0.0,0.0,0.0,0.0,0.0,0.0,0.0
cologne8,low,1061,ppo_ensemble,30.745833333333334,6.158333333333333,7.601510639467484,3.1063960737749143,1211.0,1228.0,0.0,0.0,14.0,51.875,3600.0,8.0,17.505039900075644,0.0,0.0,0.0,0.0,0.0,0.0,0.0,0.0,0.0
cologne8,low,1061,lightgpt_direct,34.75,9.879166666666666,6.709787278133532,7.427896036900713,1208.0,1228.0,0.0,0.0,22.0,38.125,3600.0,8.0,20.076377400080673,1920.0,1.0,0.21510416666666668,0.9989583333333333,0.0010416666666666667,0.0,0.0,0.0,0.600220195691778
cologne8,low,1061,lightgpt_review,30.745833333333334,6.158333333333333,7.601510639467484,3.1063960737749143,1211.0,1228.0,0.0,0.0,14.0,51.875,3600.0,8.0,20.21304400009103,1920.0,1.0,0.0,0.9947916666666666,0.005208333333333333,0.0,0.0,0.0,0.9470830321725745
cologne8,low,1061,ergs_no_event,30.745833333333334,6.158333333333333,7.601510639467484,3.1063960737749143,1211.0,1228.0,0.0,0.0,14.0,51.875,3600.0,8.0,115.29105650004931,1920.0,1.0,0.0,0.0,1.0,0.0,-0.43550832437495574,0.0,0.9470830321725745
cologne8,low,1061,ergs_no_guard,30.745833333333334,6.158333333333333,7.601510639467484,3.1063960737749143,1211.0,1228.0,0.0,0.0,14.0,51.875,3600.0,8.0,19.467621800024062,1920.0,0.020833333333333332,0.0,0.0,1.0,0.6359375,0.0,0.0,0.9988340894081859
cologne8,low,1061,ergs_no_calibration,30.745833333333334,6.158333333333333,7.601510639467484,3.1063960737749143,1211.0,1228.0,0.0,0.0,14.0,51.875,3600.0,8.0,18.991226900019683,1920.0,0.020833333333333332,0.0,0.0,1.0,0.6359375,0.0,0.0,0.9988340894081859
cologne8,low,1061,ergs_no_hysteresis,30.745833333333334,6.158333333333333,7.601510639467484,3.1063960737749143,1211.0,1228.0,0.0,0.0,14.0,51.875,3600.0,8.0,23.108227799995802,1920.0,0.020833333333333332,0.0,0.0,1.0,0.61875,-0.4361948302662664,0.0,0.999025786675504
cologne8,low,1061,ergs_v2,30.745833333333334,6.158333333333333,7.601510639467484,3.1063960737749143,1211.0,1228.0,0.0,0.0,14.0,51.875,3600.0,8.0,18.05458150000777,1920.0,0.020833333333333332,0.0,0.0,1.0,0.6359375,-0.4394677947730905,0.0,0.9988340894081859
cologne8,low,1063,fixed,33.3625,9.629166666666666,7.063164583627044,5.391649113097675,1217.0,1241.0,0.0,0.0,24.0,144.0,3600.0,8.0,19.230482800048776,0.0,0.0,0.0,0.0,0.0,0.0,0.0,0.0,0.0
cologne8,low,1063,max_pressure,36.795833333333334,12.266666666666667,6.259342340284995,9.359946826944933,1212.0,1241.0,0.0,0.0,24.0,43.5,3600.0,8.0,24.605122399982065,0.0,0.0,0.0,0.0,0.0,0.0,0.0,0.0,0.0
cologne8,low,1063,ppo_ensemble,29.7,5.7125,7.631572449323504,3.2674967037694644,1219.0,1241.0,0.0,0.0,18.0,50.625,3600.0,8.0,16.881070000003092,0.0,0.0,0.0,0.0,0.0,0.0,0.0,0.0,0.0
cologne8,low,1063,lightgpt_direct,33.583333333333336,9.558333333333334,6.777675963194167,7.418329107800172,1219.0,1241.0,0.0,0.0,26.0,38.25,3600.0,8.0,17.417083300068043,1920.0,1.0,0.20520833333333333,0.9989583333333333,0.0010416666666666667,0.0,0.0,0.0,0.600111498016646
cologne8,low,1063,lightgpt_review,29.7,5.7125,7.631572449323504,3.2674967037694644,1219.0,1241.0,0.0,0.0,18.0,50.625,3600.0,8.0,20.63589740009047,1920.0,1.0,0.0,0.9963541666666667,0.0036458333333333334,0.0,0.0,0.0,0.9507339563177652
cologne8,low,1063,ergs_no_event,29.7,5.7125,7.631572449323504,3.2674967037694644,1219.0,1241.0,0.0,0.0,18.0,50.625,3600.0,8.0,147.21274400001857,1920.0,1.0,0.0,0.0,1.0,0.0,-0.4350733205930959,0.0,0.9507339563177652
cologne8,low,1063,ergs_no_guard,29.7,5.7125,7.631572449323504,3.2674967037694644,1219.0,1241.0,0.0,0.0,18.0,50.625,3600.0,8.0,17.995686799986288,1920.0,0.020833333333333332,0.0,0.0,1.0,0.6348958333333333,0.0,0.0,0.9986373610638911
cologne8,low,1063,ergs_no_calibration,29.7,5.7125,7.631572449323504,3.2674967037694644,1219.0,1241.0,0.0,0.0,18.0,50.625,3600.0,8.0,19.621117800008506,1920.0,0.020833333333333332,0.0,0.0,1.0,0.6348958333333333,0.0,0.0,0.9986373610638911
cologne8,low,1063,ergs_no_hysteresis,29.7,5.7125,7.631572449323504,3.2674967037694644,1219.0,1241.0,0.0,0.0,18.0,50.625,3600.0,8.0,20.615479200030677,1920.0,0.020833333333333332,0.0,0.0,1.0,0.6192708333333333,-0.4394677947730905,0.0,0.9988290583312094
cologne8,low,1063,ergs_v2,29.7,5.7125,7.631572449323504,3.2674967037694644,1219.0,1241.0,0.0,0.0,18.0,50.625,3600.0,8.0,21.844212800031528,1920.0,0.020833333333333332,0.0,0.0,1.0,0.6348958333333333,-0.4427407592799145,0.0,0.9986373610638911
cologne8,low,1069,fixed,32.94583333333333,9.329166666666667,7.044492022441793,5.199804139203562,1203.0,1225.0,0.0,0.0,26.0,144.0,3600.0,8.0,14.963780299993232,0.0,0.0,0.0,0.0,0.0,0.0,0.0,0.0,0.0
cologne8,low,1069,max_pressure,35.84583333333333,11.445833333333333,6.4342525810518865,8.679441699719153,1198.0,1225.0,0.0,0.0,36.0,43.75,3600.0,8.0,22.36773900000844,0.0,0.0,0.0,0.0,0.0,0.0,0.0,0.0,0.0
cologne8,low,1069,ppo_ensemble,29.6125,5.670833333333333,7.607462454632647,2.9798439725857078,1201.0,1225.0,0.0,0.0,18.0,51.75,3600.0,8.0,15.760495700058527,0.0,0.0,0.0,0.0,0.0,0.0,0.0,0.0,0.0
cologne8,low,1069,lightgpt_direct,34.30416666666667,9.983333333333333,6.67776568354045,7.43619391770128,1196.0,1225.0,0.0,0.0,22.0,38.5,3600.0,8.0,18.653105000033975,1920.0,1.0,0.20833333333333334,0.9979166666666667,0.0020833333333333333,0.0,0.0,0.0,0.5996230714487835
cologne8,low,1069,lightgpt_review,29.6125,5.670833333333333,7.607462454632647,2.9798439725857078,1201.0,1225.0,0.0,0.0,18.0,51.75,3600.0,8.0,18.225271299947053,1920.0,1.0,0.0,0.9963541666666667,0.0036458333333333334,0.0,0.0,0.0,0.9480399245621414
cologne8,low,1069,ergs_no_event,29.6125,5.670833333333333,7.607462454632647,2.9798439725857078,1201.0,1225.0,0.0,0.0,18.0,51.75,3600.0,8.0,108.87910949997604,1920.0,1.0,0.0,0.0,1.0,0.0,-0.4360279352409196,0.0,0.9480399245621414
cologne8,low,1069,ergs_no_guard,29.6125,5.670833333333333,7.607462454632647,2.9798439725857078,1201.0,1225.0,0.0,0.0,18.0,51.75,3600.0,8.0,17.74238469998818,1920.0,0.020833333333333332,0.0,0.0,1.0,0.634375,0.0,0.0,0.9986423921408676
cologne8,low,1069,ergs_no_calibration,29.6125,5.670833333333333,7.607462454632647,2.9798439725857078,1201.0,1225.0,0.0,0.0,18.0,51.75,3600.0,8.0,17.637787999934517,1920.0,0.020833333333333332,0.0,0.0,1.0,0.634375,0.0,0.0,0.9986423921408676
cologne8,low,1069,ergs_no_hysteresis,29.6125,5.670833333333333,7.607462454632647,2.9798439725857078,1201.0,1225.0,0.0,0.0,18.0,51.75,3600.0,8.0,19.90363130008336,1920.0,0.020833333333333332,0.0,0.0,1.0,0.6151041666666667,-0.4394677947730905,0.0,0.9988340894081859
cologne8,low,1069,ergs_v2,29.6125,5.670833333333333,7.607462454632647,2.9798439725857078,1201.0,1225.0,0.0,0.0,18.0,51.75,3600.0,8.0,21.616840700036846,1920.0,0.020833333333333332,0.0,0.0,1.0,0.634375,-0.44274075927991463,0.0,0.9986423921408676
cologne8,low,1087,fixed,33.8,9.6,7.08596046229148,5.170610803497572,1222.0,1244.0,0.0,0.0,18.0,144.0,3600.0,8.0,18.169944599969313,0.0,0.0,0.0,0.0,0.0,0.0,0.0,0.0,0.0
cologne8,low,1087,max_pressure,37.21666666666667,12.091666666666667,6.332936786109677,8.958945562418384,1219.0,1244.0,0.0,0.0,12.0,43.375,3600.0,8.0,22.168463599984534,0.0,0.0,0.0,0.0,0.0,0.0,0.0,0.0,0.0
cologne8,low,1087,ppo_ensemble,30.616666666666667,6.216666666666667,7.584663112782762,3.142139103144786,1227.0,1244.0,0.0,0.0,18.0,52.625,3600.0,8.0,16.89602740004193,0.0,0.0,0.0,0.0,0.0,0.0,0.0,0.0,0.0
cologne8,low,1087,lightgpt_direct,34.82083333333333,10.016666666666667,6.634660821936953,7.621458853212352,1220.0,1244.0,0.0,0.0,10.0,38.25,3600.0,8.0,17.51203549990896,1920.0,1.0,0.21510416666666668,0.9989583333333333,0.0010416666666666667,0.0,0.0,0.0,0.5999879126203053
cologne8,low,1087,lightgpt_review,30.616666666666667,6.216666666666667,7.584663112782762,3.142139103144786,1227.0,1244.0,0.0,0.0,18.0,52.625,3600.0,8.0,17.06799010001123,1920.0,1.0,0.0,0.9890625,0.0109375,0.0,0.0,0.0,0.9409369839506715
cologne8,low,1087,ergs_no_event,30.616666666666667,6.216666666666667,7.584663112782762,3.142139103144786,1227.0,1244.0,0.0,0.0,18.0,52.625,3600.0,8.0,113.60098570003174,1920.0,1.0,0.0,0.0,1.0,0.0,-0.4345349702607259,0.0,0.9409369839506715
cologne8,low,1087,ergs_no_guard,30.616666666666667,6.216666666666667,7.584663112782762,3.142139103144786,1227.0,1244.0,0.0,0.0,18.0,52.625,3600.0,8.0,20.58881919994019,1920.0,0.020833333333333332,0.0,0.0,1.0,0.6375,0.0,0.0,0.9994091812101402
cologne8,low,1087,ergs_no_calibration,30.616666666666667,6.216666666666667,7.584663112782762,3.142139103144786,1227.0,1244.0,0.0,0.0,18.0,52.625,3600.0,8.0,23.33098109997809,1920.0,0.020833333333333332,0.0,0.0,1.0,0.6375,0.0,0.0,0.9994091812101402
cologne8,low,1087,ergs_no_hysteresis,30.616666666666667,6.216666666666667,7.584663112782762,3.142139103144786,1227.0,1244.0,0.0,0.0,18.0,52.625,3600.0,8.0,19.217370999976993,1920.0,0.020833333333333332,0.0,0.0,1.0,0.6151041666666667,-0.42964890125261823,0.0,0.9994091812101402
cologne8,low,1087,ergs_v2,30.616666666666667,6.216666666666667,7.584663112782762,3.142139103144786,1227.0,1244.0,0.0,0.0,18.0,52.625,3600.0,8.0,21.133279800065793,1920.0,0.020833333333333332,0.0,0.0,1.0,0.6375,-0.42964890125261823,0.0,0.9994091812101402
cologne8,low,1091,fixed,32.295833333333334,9.0625,7.1616751070606774,5.057899976414275,1165.0,1197.0,0.0,0.0,12.0,144.0,3600.0,8.0,17.856692900066264,0.0,0.0,0.0,0.0,0.0,0.0,0.0,0.0,0.0
cologne8,low,1091,max_pressure,35.2125,11.166666666666666,6.461307790214732,9.04403690155412,1174.0,1197.0,0.0,0.0,14.0,43.0,3600.0,8.0,21.03177409991622,0.0,0.0,0.0,0.0,0.0,0.0,0.0,0.0,0.0
cologne8,low,1091,ppo_ensemble,29.666666666666668,5.929166666666666,7.640830013412673,3.1649065925595115,1171.0,1197.0,0.0,0.0,16.0,52.125,3600.0,8.0,19.74219829996582,0.0,0.0,0.0,0.0,0.0,0.0,0.0,0.0,0.0
cologne8,low,1091,lightgpt_direct,34.07083333333333,10.141666666666667,6.647786889482045,7.770162914907287,1173.0,1197.0,0.0,0.0,32.0,38.25,3600.0,8.0,17.76374870003201,1920.0,1.0,0.21510416666666668,0.9989583333333333,0.0010416666666666667,0.0,0.0,0.0,0.6000609329238381
cologne8,low,1091,lightgpt_review,29.666666666666668,5.929166666666666,7.640830013412673,3.1649065925595115,1171.0,1197.0,0.0,0.0,16.0,52.125,3600.0,8.0,19.45846029999666,1920.0,1.0,0.0,0.990625,0.009375,0.0,0.0,0.0,0.9442053395821736
cologne8,low,1091,ergs_no_event,29.666666666666668,5.929166666666666,7.640830013412673,3.1649065925595115,1171.0,1197.0,0.0,0.0,16.0,52.125,3600.0,8.0,103.81331019999925,1920.0,1.0,0.0,0.0,1.0,0.0,-0.4342363399999837,0.0,0.9442053395821736
cologne8,low,1091,ergs_no_guard,29.666666666666668,5.929166666666666,7.640830013412673,3.1649065925595115,1171.0,1197.0,0.0,0.0,16.0,52.125,3600.0,8.0,19.97221489995718,1920.0,0.020833333333333332,0.0,0.0,1.0,0.6369791666666667,0.0,0.0,0.9986423921408677
cologne8,low,1091,ergs_no_calibration,29.666666666666668,5.929166666666666,7.640830013412673,3.1649065925595115,1171.0,1197.0,0.0,0.0,16.0,52.125,3600.0,8.0,20.179609499988146,1920.0,0.020833333333333332,0.0,0.0,1.0,0.6369791666666667,0.0,0.0,0.9986423921408677
cologne8,low,1091,ergs_no_hysteresis,29.666666666666668,5.929166666666666,7.640830013412673,3.1649065925595115,1171.0,1197.0,0.0,0.0,16.0,52.125,3600.0,8.0,20.72449240006972,1920.0,0.020833333333333332,0.0,0.0,1.0,0.6197916666666666,-0.4394677947730905,0.0,0.9988340894081859
cologne8,low,1091,ergs_v2,29.666666666666668,5.929166666666666,7.640830013412673,3.1649065925595115,1171.0,1197.0,0.0,0.0,16.0,52.125,3600.0,8.0,20.703464600024745,1920.0,0.020833333333333332,0.0,0.0,1.0,0.6369791666666667,-0.4427407592799145,0.0,0.9986423921408677
cologne8,low,1093,fixed,32.5375,9.1375,7.187515654315257,5.10226650776685,1177.0,1200.0,0.0,0.0,16.0,144.0,3600.0,8.0,19.091795500018634,0.0,0.0,0.0,0.0,0.0,0.0,0.0,0.0,0.0
cologne8,low,1093,max_pressure,36.483333333333334,12.183333333333334,6.322306524179491,9.059066565977282,1179.0,1200.0,0.0,0.0,28.0,44.25,3600.0,8.0,21.34909339994192,0.0,0.0,0.0,0.0,0.0,0.0,0.0,0.0,0.0
cologne8,low,1093,ppo_ensemble,30.0875,6.158333333333333,7.530218619640144,3.2589211988803948,1182.0,1200.0,0.0,0.0,24.0,51.75,3600.0,8.0,18.747959499945864,0.0,0.0,0.0,0.0,0.0,0.0,0.0,0.0,0.0
cologne8,low,1093,lightgpt_direct,33.49166666666667,9.283333333333333,6.886117187917879,6.806719727148233,1178.0,1200.0,0.0,0.0,16.0,38.125,3600.0,8.0,18.23923950002063,1920.0,1.0,0.19791666666666666,0.9989583333333333,0.0010416666666666667,0.0,0.0,0.0,0.6004302551769973
cologne8,low,1093,lightgpt_review,30.0875,6.158333333333333,7.530218619640144,3.2589211988803948,1182.0,1200.0,0.0,0.0,24.0,51.75,3600.0,8.0,20.036219700006768,1920.0,1.0,0.0,0.9911458333333333,0.008854166666666666,0.0,0.0,0.0,0.9449729689015013
cologne8,low,1093,ergs_no_event,30.0875,6.158333333333333,7.530218619640144,3.2589211988803948,1182.0,1200.0,0.0,0.0,24.0,51.75,3600.0,8.0,104.95914439996704,1920.0,1.0,0.0,0.0,1.0,0.0,-0.43425044118066763,0.0,0.9449729689015013
cologne8,low,1093,ergs_no_guard,30.0875,6.158333333333333,7.530218619640144,3.2589211988803948,1182.0,1200.0,0.0,0.0,24.0,51.75,3600.0,8.0,19.104098199983127,1920.0,0.020833333333333332,0.0,0.0,1.0,0.6354166666666666,0.0,0.0,0.9982546007714468
cologne8,low,1093,ergs_no_calibration,30.0875,6.158333333333333,7.530218619640144,3.2589211988803948,1182.0,1200.0,0.0,0.0,24.0,51.75,3600.0,8.0,19.907552600023337,1920.0,0.020833333333333332,0.0,0.0,1.0,0.6354166666666666,0.0,0.0,0.9982546007714468
cologne8,low,1093,ergs_no_hysteresis,30.0875,6.158333333333333,7.530218619640144,3.2589211988803948,1182.0,1200.0,0.0,0.0,24.0,51.75,3600.0,8.0,20.18684800004121,1920.0,0.020833333333333332,0.0,0.0,1.0,0.6192708333333333,-0.4492866882935628,0.0,0.9982546007714468
cologne8,low,1093,ergs_v2,30.0875,6.158333333333333,7.530218619640144,3.2589211988803948,1182.0,1200.0,0.0,0.0,24.0,51.75,3600.0,8.0,21.42686100001447,1920.0,0.020833333333333332,0.0,0.0,1.0,0.6354166666666666,-0.4492866882935628,0.0,0.9982546007714468
cologne8,low,1097,fixed,33.0375,9.05,7.260325877974759,4.9990177338939645,1189.0,1217.0,0.0,0.0,14.0,144.0,3600.0,8.0,19.01078090001829,0.0,0.0,0.0,0.0,0.0,0.0,0.0,0.0,0.0
cologne8,low,1097,max_pressure,34.983333333333334,10.320833333333333,6.797573927760636,7.806978236541351,1191.0,1217.0,0.0,0.0,22.0,43.75,3600.0,8.0,21.871649399981834,0.0,0.0,0.0,0.0,0.0,0.0,0.0,0.0,0.0
cologne8,low,1097,ppo_ensemble,30.820833333333333,6.2625,7.6395972919330974,3.2894764913151016,1193.0,1217.0,0.0,0.0,20.0,52.375,3600.0,8.0,16.46120670007076,0.0,0.0,0.0,0.0,0.0,0.0,0.0,0.0,0.0
cologne8,low,1097,lightgpt_direct,34.733333333333334,10.079166666666667,6.684617614039936,7.470250051158124,1190.0,1217.0,0.0,0.0,16.0,38.5,3600.0,8.0,19.99169679998886,1920.0,1.0,0.21666666666666667,0.9984375,0.0015625,0.0,0.0,0.0,0.5997468501464068
cologne8,low,1097,lightgpt_review,30.820833333333333,6.2625,7.6395972919330974,3.2894764913151016,1193.0,1217.0,0.0,0.0,20.0,52.375,3600.0,8.0,20.622399699990638,1920.0,1.0,0.0,0.9927083333333333,0.007291666666666667,0.0,0.0,0.0,0.9430403033476699
cologne8,low,1097,ergs_no_event,30.820833333333333,6.2625,7.6395972919330974,3.2894764913151016,1193.0,1217.0,0.0,0.0,20.0,52.375,3600.0,8.0,107.00284660002217,1920.0,1.0,0.0,0.0,1.0,0.0,-0.43579285345501406,0.0,0.9430403033476699
cologne8,low,1097,ergs_no_guard,30.820833333333333,6.2625,7.6395972919330974,3.2894764913151016,1193.0,1217.0,0.0,0.0,20.0,52.375,3600.0,8.0,18.15683720004745,1920.0,0.020833333333333332,0.0,0.0,1.0,0.6354166666666666,0.0,0.0,0.9988347863490953
cologne8,low,1097,ergs_no_calibration,30.820833333333333,6.2625,7.6395972919330974,3.2894764913151016,1193.0,1217.0,0.0,0.0,20.0,52.375,3600.0,8.0,20.465744099928997,1920.0,0.020833333333333332,0.0,0.0,1.0,0.6354166666666666,0.0,0.0,0.9988347863490953
cologne8,low,1097,ergs_no_hysteresis,30.820833333333333,6.2625,7.6395972919330974,3.2894764913151016,1193.0,1217.0,0.0,0.0,20.0,52.375,3600.0,8.0,21.042845399933867,1920.0,0.020833333333333332,0.0,0.0,1.0,0.6166666666666667,-0.4394677947730905,0.0,0.9988347863490953
cologne8,low,1097,ergs_v2,30.820833333333333,6.2625,7.6395972919330974,3.2894764913151016,1193.0,1217.0,0.0,0.0,20.0,52.375,3600.0,8.0,20.36737190000713,1920.0,0.020833333333333332,0.0,0.0,1.0,0.6354166666666666,-0.4394677947730905,0.0,0.9988347863490953
cologne8,low,1103,fixed,32.9625,9.245833333333334,7.197666009765873,5.11668629248099,1175.0,1206.0,0.0,0.0,18.0,144.0,3600.0,8.0,17.67322990007233,0.0,0.0,0.0,0.0,0.0,0.0,0.0,0.0,0.0
cologne8,low,1103,max_pressure,35.75,11.208333333333334,6.537734154025203,8.819080359948204,1174.0,1206.0,0.0,0.0,26.0,43.75,3600.0,8.0,24.8748956999043,0.0,0.0,0.0,0.0,0.0,0.0,0.0,0.0,0.0
cologne8,low,1103,ppo_ensemble,30.366666666666667,6.0,7.590502692882738,3.3286576192172266,1180.0,1206.0,0.0,0.0,12.0,51.75,3600.0,8.0,15.768140199943446,0.0,0.0,0.0,0.0,0.0,0.0,0.0,0.0,0.0
cologne8,low,1103,lightgpt_direct,34.7375,10.3125,6.696501490895521,7.96188300196008,1178.0,1206.0,0.0,0.0,14.0,38.375,3600.0,8.0,18.974817200098187,1920.0,1.0,0.2171875,0.9994791666666667,0.0005208333333333333,0.0,0.0,0.0,0.6002987594977026
cologne8,low,1103,lightgpt_review,30.366666666666667,6.0,7.590502692882738,3.3286576192172266,1180.0,1206.0,0.0,0.0,12.0,51.75,3600.0,8.0,16.377926799934357,1920.0,1.0,0.0,0.9942708333333333,0.005729166666666666,0.0,0.0,0.0,0.9463174439087407
cologne8,low,1103,ergs_no_event,30.366666666666667,6.0,7.590502692882738,3.3286576192172266,1180.0,1206.0,0.0,0.0,12.0,51.75,3600.0,8.0,103.04594270000234,1920.0,1.0,0.0,0.0,1.0,0.0,-0.43549422319427183,0.0,0.9463174439087407
cologne8,low,1103,ergs_no_guard,30.366666666666667,6.0,7.590502692882738,3.3286576192172266,1180.0,1206.0,0.0,0.0,12.0,51.75,3600.0,8.0,20.003449900075793,1920.0,0.020833333333333332,0.0,0.0,1.0,0.6395833333333333,0.0,0.0,0.9988346840369062
cologne8,low,1103,ergs_no_calibration,30.366666666666667,6.0,7.590502692882738,3.3286576192172266,1180.0,1206.0,0.0,0.0,12.0,51.75,3600.0,8.0,19.285719500039704,1920.0,0.020833333333333332,0.0,0.0,1.0,0.6395833333333333,0.0,0.0,0.9988346840369062
cologne8,low,1103,ergs_no_hysteresis,30.366666666666667,6.0,7.590502692882738,3.3286576192172266,1180.0,1206.0,0.0,0.0,12.0,51.75,3600.0,8.0,19.290125100058503,1920.0,0.020833333333333332,0.0,0.0,1.0,0.6182291666666667,-0.4427407592799145,0.0,0.9986429867695882
cologne8,low,1103,ergs_v2,30.366666666666667,6.0,7.590502692882738,3.3286576192172266,1180.0,1206.0,0.0,0.0,12.0,51.75,3600.0,8.0,21.289316300069913,1920.0,0.020833333333333332,0.0,0.0,1.0,0.6395833333333333,-0.4394677947730905,0.0,0.9988346840369062
cologne8,nominal,1001,fixed,60.666666666666664,18.516666666666666,6.621220095029961,5.579129718136389,1999.0,2045.0,0.0,0.0,58.0,144.0,3600.0,8.0,18.659410000080243,0.0,0.0,0.0,0.0,0.0,0.0,0.0,0.0,0.0
cologne8,nominal,1001,max_pressure,64.55,21.65,6.053996785962378,9.083270719225933,1998.0,2045.0,0.0,0.0,62.0,49.0,3600.0,8.0,19.472505299956538,0.0,0.0,0.0,0.0,0.0,0.0,0.0,0.0,0.0
cologne8,nominal,1001,ppo_ensemble,54.31666666666667,11.816666666666666,7.222969878006551,2.9792454793450696,2005.0,2045.0,0.0,0.0,40.0,59.625,3600.0,8.0,18.35291779995896,0.0,0.0,0.0,0.0,0.0,0.0,0.0,0.0,0.0
cologne8,nominal,1001,lightgpt_direct,58.06666666666667,15.6875,6.7351754816753475,6.124563852487107,2002.0,2045.0,0.0,0.0,44.0,42.25,3600.0,8.0,20.672150500002317,1920.0,1.0,0.23958333333333334,0.9958333333333333,0.004166666666666667,0.0,0.0,0.0,0.5960957699751713
cologne8,nominal,1001,lightgpt_review,54.31666666666667,11.816666666666666,7.222969878006551,2.9792454793450696,2005.0,2045.0,0.0,0.0,40.0,59.625,3600.0,8.0,16.781971799908206,1920.0,1.0,0.0,0.9760416666666667,0.023958333333333335,0.0,0.0,0.0,0.9208406196588681
cologne8,nominal,1001,ergs_no_event,54.31666666666667,11.816666666666666,7.222969878006551,2.9792454793450696,2005.0,2045.0,0.0,0.0,40.0,59.625,3600.0,8.0,108.07571719994303,1920.0,1.0,0.0,0.0,1.0,0.0,-0.43445518778586156,0.0,0.9208406196588681
cologne8,nominal,1001,ergs_no_guard,54.31666666666667,11.816666666666666,7.222969878006551,2.9792454793450696,2005.0,2045.0,0.0,0.0,40.0,59.625,3600.0,8.0,20.985596799990162,1920.0,0.020833333333333332,0.0,0.0,1.0,0.6885416666666667,0.0,0.0,0.9982434156023745
cologne8,nominal,1001,ergs_no_calibration,54.31666666666667,11.816666666666666,7.222969878006551,2.9792454793450696,2005.0,2045.0,0.0,0.0,40.0,59.625,3600.0,8.0,22.36977280001156,1920.0,0.020833333333333332,0.0,0.0,1.0,0.6885416666666667,0.0,0.0,0.9982434156023745
cologne8,nominal,1001,ergs_no_hysteresis,54.31666666666667,11.816666666666666,7.222969878006551,2.9792454793450696,2005.0,2045.0,0.0,0.0,40.0,59.625,3600.0,8.0,21.83460970001761,1920.0,0.020833333333333332,0.0,0.0,1.0,0.6567708333333333,-0.4492866882935628,0.0,0.9982434156023745
cologne8,nominal,1001,ergs_v2,54.31666666666667,11.816666666666666,7.222969878006551,2.9792454793450696,2005.0,2045.0,0.0,0.0,40.0,59.625,3600.0,8.0,24.94542550004553,1920.0,0.020833333333333332,0.0,0.0,1.0,0.6885416666666667,-0.4492866882935628,0.0,0.9982434156023745
cologne8,nominal,1003,fixed,61.375,18.85,6.612861000319982,5.5485008675545915,1999.0,2044.0,0.0,0.0,50.0,144.0,3600.0,8.0,20.132354600005783,0.0,0.0,0.0,0.0,0.0,0.0,0.0,0.0,0.0
cologne8,nominal,1003,max_pressure,64.52916666666667,21.475,6.10073194650916,9.097198414715045,1985.0,2044.0,0.0,0.0,70.0,48.375,3600.0,8.0,26.37415430007968,0.0,0.0,0.0,0.0,0.0,0.0,0.0,0.0,0.0
cologne8,nominal,1003,ppo_ensemble,55.170833333333334,12.458333333333334,7.153928141056055,3.202713003571836,2004.0,2044.0,0.0,0.0,46.0,60.62500000000001,3600.0,8.0,22.570364599931054,0.0,0.0,0.0,0.0,0.0,0.0,0.0,0.0,0.0
cologne8,nominal,1003,lightgpt_direct,59.18333333333333,16.8,6.679170846210378,6.686006258749504,1998.0,2044.0,0.0,0.0,50.0,42.125,3600.0,8.0,24.270984400063753,1920.0,1.0,0.27395833333333336,0.9958333333333333,0.004166666666666667,0.0,0.0,0.0,0.5960137608725087
cologne8,nominal,1003,lightgpt_review,55.170833333333334,12.458333333333334,7.153928141056055,3.202713003571836,2004.0,2044.0,0.0,0.0,46.0,60.62500000000001,3600.0,8.0,21.319226299994625,1920.0,1.0,0.0,0.9713541666666666,0.028645833333333332,0.0,0.0,0.0,0.918367784376655
cologne8,nominal,1003,ergs_no_event,55.170833333333334,12.458333333333334,7.153928141056055,3.202713003571836,2004.0,2044.0,0.0,0.0,46.0,60.62500000000001,3600.0,8.0,119.33794589992613,1920.0,1.0,0.0,0.0,1.0,0.0,-0.43269179490629367,0.0,0.918367784376655
cologne8,nominal,1003,ergs_no_guard,55.170833333333334,12.458333333333334,7.153928141056055,3.202713003571836,2004.0,2044.0,0.0,0.0,46.0,60.62500000000001,3600.0,8.0,20.60347209998872,1920.0,0.020833333333333332,0.0,0.0,1.0,0.69375,0.0,0.0,0.9980636004450382
cologne8,nominal,1003,ergs_no_calibration,55.170833333333334,12.458333333333334,7.153928141056055,3.202713003571836,2004.0,2044.0,0.0,0.0,46.0,60.62500000000001,3600.0,8.0,22.665864600101486,1920.0,0.020833333333333332,0.0,0.0,1.0,0.69375,0.0,0.0,0.9980636004450382
cologne8,nominal,1003,ergs_no_hysteresis,55.170833333333334,12.458333333333334,7.153928141056055,3.202713003571836,2004.0,2044.0,0.0,0.0,46.0,60.62500000000001,3600.0,8.0,21.767198299989104,1920.0,0.020833333333333332,0.0,0.0,1.0,0.6645833333333333,-0.42502222340013135,0.0,0.9980636004450382
cologne8,nominal,1003,ergs_v2,55.170833333333334,12.458333333333334,7.153928141056055,3.202713003571836,2004.0,2044.0,0.0,0.0,46.0,60.62500000000001,3600.0,8.0,20.471962800016627,1920.0,0.020833333333333332,0.0,0.0,1.0,0.69375,-0.42502222340013135,0.0,0.9980636004450382
cologne8,nominal,1007,fixed,61.02916666666667,18.758333333333333,6.596166468559437,5.59861549763285,2001.0,2045.0,0.0,0.0,68.0,144.0,3600.0,8.0,19.01675049995538,0.0,0.0,0.0,0.0,0.0,0.0,0.0,0.0,0.0
cologne8,nominal,1007,max_pressure,65.54583333333333,22.183333333333334,6.0810270499283385,9.13170161288279,2005.0,2045.0,0.0,0.0,60.0,48.5,3600.0,8.0,25.36938469996676,0.0,0.0,0.0,0.0,0.0,0.0,0.0,0.0,0.0
cologne8,nominal,1007,ppo_ensemble,55.525,12.675,7.0975182140433235,3.2616427959738687,2009.0,2045.0,0.0,0.0,48.0,60.62500000000001,3600.0,8.0,18.315969999996014,0.0,0.0,0.0,0.0,0.0,0.0,0.0,0.0,0.0
cologne8,nominal,1007,lightgpt_direct,62.641666666666666,19.020833333333332,6.40060760489351,7.173547102279127,2006.0,2045.0,0.0,0.0,70.0,42.0,3600.0,8.0,18.191254900069907,1920.0,1.0,0.23125,0.9953125,0.0046875,0.0,0.0,0.0,0.5952057571904311
cologne8,nominal,1007,lightgpt_review,55.525,12.675,7.0975182140433235,3.2616427959738687,2009.0,2045.0,0.0,0.0,48.0,60.62500000000001,3600.0,8.0,18.03866660001222,1920.0,1.0,0.0,0.9723958333333333,0.027604166666666666,0.0,0.0,0.0,0.918208306600383
cologne8,nominal,1007,ergs_no_event,55.525,12.675,7.0975182140433235,3.2616427959738687,2009.0,2045.0,0.0,0.0,48.0,60.62500000000001,3600.0,8.0,112.95412540005054,1920.0,1.0,0.0,0.0,1.0,0.0,-0.4333336781126912,0.0,0.918208306600383
cologne8,nominal,1007,ergs_no_guard,55.525,12.675,7.0975182140433235,3.2616427959738687,2009.0,2045.0,0.0,0.0,48.0,60.62500000000001,3600.0,8.0,19.73646970000118,1920.0,0.020833333333333332,0.0,0.0,1.0,0.6984375,0.0,0.0,0.9986380580048007
cologne8,nominal,1007,ergs_no_calibration,55.525,12.675,7.0975182140433235,3.2616427959738687,2009.0,2045.0,0.0,0.0,48.0,60.62500000000001,3600.0,8.0,18.811469599953853,1920.0,0.020833333333333332,0.0,0.0,1.0,0.6984375,0.0,0.0,0.9986380580048007
cologne8,nominal,1007,ergs_no_hysteresis,55.525,12.675,7.0975182140433235,3.2616427959738687,2009.0,2045.0,0.0,0.0,48.0,60.62500000000001,3600.0,8.0,21.289054399938323,1920.0,0.020833333333333332,0.0,0.0,1.0,0.6666666666666666,-0.44601372378673876,0.0,0.9984463607374825
cologne8,nominal,1007,ergs_v2,55.525,12.675,7.0975182140433235,3.2616427959738687,2009.0,2045.0,0.0,0.0,48.0,60.62500000000001,3600.0,8.0,20.62891159998253,1920.0,0.020833333333333332,0.0,0.0,1.0,0.6984375,-0.4427407592799145,0.0,0.9986380580048007
cologne8,nominal,1009,fixed,60.31666666666667,18.4,6.643265266296364,5.49607717154727,2002.0,2043.0,0.0,0.0,50.0,144.0,3600.0,8.0,19.790858599939384,0.0,0.0,0.0,0.0,0.0,0.0,0.0,0.0,0.0
cologne8,nominal,1009,max_pressure,64.69166666666666,21.304166666666667,6.193248383823884,9.005149362038937,2008.0,2043.0,0.0,0.0,64.0,46.75,3600.0,8.0,21.118406199966557,0.0,0.0,0.0,0.0,0.0,0.0,0.0,0.0,0.0
cologne8,nominal,1009,ppo_ensemble,54.62083333333333,12.141666666666667,7.1664057617754695,3.054413483410301,2001.0,2043.0,0.0,0.0,44.0,59.25,3600.0,8.0,16.967191700008698,0.0,0.0,0.0,0.0,0.0,0.0,0.0,0.0,0.0
cologne8,nominal,1009,lightgpt_direct,60.36666666666667,17.495833333333334,6.5519017242892446,6.707005645351237,1996.0,2043.0,0.0,0.0,46.0,42.75,3600.0,8.0,21.379340399987996,1920.0,1.0,0.24166666666666667,0.996875,0.003125,0.0,0.0,0.0,0.5958086984485839
cologne8,nominal,1009,lightgpt_review,54.62083333333333,12.141666666666667,7.1664057617754695,3.054413483410301,2001.0,2043.0,0.0,0.0,44.0,59.25,3600.0,8.0,19.690569199970923,1920.0,1.0,0.0,0.9791666666666666,0.020833333333333332,0.0,0.0,0.0,0.9218928587425154
cologne8,nominal,1009,ergs_no_event,54.62083333333333,12.141666666666667,7.1664057617754695,3.054413483410301,2001.0,2043.0,0.0,0.0,44.0,59.25,3600.0,8.0,138.85537490004208,1920.0,1.0,0.0,0.0,1.0,0.0,-0.43576715656002457,0.0,0.9218928587425154
cologne8,nominal,1009,ergs_no_guard,54.62083333333333,12.141666666666667,7.1664057617754695,3.054413483410301,2001.0,2043.0,0.0,0.0,44.0,59.25,3600.0,8.0,19.40529649995733,1920.0,0.020833333333333332,0.0,0.0,1.0,0.6817708333333333,0.0,0.0,0.9976503388681041
cologne8,nominal,1009,ergs_no_calibration,54.62083333333333,12.141666666666667,7.1664057617754695,3.054413483410301,2001.0,2043.0,0.0,0.0,44.0,59.25,3600.0,8.0,21.664624600089155,1920.0,0.020833333333333332,0.0,0.0,1.0,0.6817708333333333,0.0,0.0,0.9976503388681041
cologne8,nominal,1009,ergs_no_hysteresis,54.62083333333333,12.141666666666667,7.1664057617754695,3.054413483410301,2001.0,2043.0,0.0,0.0,44.0,59.25,3600.0,8.0,20.096435499959625,1920.0,0.020833333333333332,0.0,0.0,1.0,0.6489583333333333,-0.4420639026070832,0.0,0.9978420361354222
cologne8,nominal,1009,ergs_v2,54.62083333333333,12.141666666666667,7.1664057617754695,3.054413483410301,2001.0,2043.0,0.0,0.0,44.0,59.25,3600.0,8.0,21.15051940002013,1920.0,0.020833333333333332,0.0,0.0,1.0,0.6817708333333333,-0.44533686711390735,0.0,0.9976503388681041
cologne8,nominal,1013,fixed,62.204166666666666,19.520833333333332,6.434342839376007,5.796545452837103,2004.0,2045.0,0.0,0.0,44.0,144.0,3600.0,8.0,20.246049399953336,0.0,0.0,0.0,0.0,0.0,0.0,0.0,0.0,0.0
cologne8,nominal,1013,max_pressure,65.35416666666667,21.879166666666666,6.092721563088594,9.120386332101646,1997.0,2045.0,0.0,0.0,74.0,48.375,3600.0,8.0,21.428940000012517,0.0,0.0,0.0,0.0,0.0,0.0,0.0,0.0,0.0
cologne8,nominal,1013,ppo_ensemble,54.4,11.841666666666667,7.197373432089283,2.9434546147305922,2006.0,2045.0,0.0,0.0,44.0,60.5,3600.0,8.0,20.409145300043747,0.0,0.0,0.0,0.0,0.0,0.0,0.0,0.0,0.0
cologne8,nominal,1013,lightgpt_direct,58.204166666666666,15.441666666666666,6.727226296398526,6.1169745455068645,2000.0,2045.0,0.0,0.0,62.0,42.125,3600.0,8.0,19.8220567998942,1920.0,1.0,0.2484375,0.9973958333333334,0.0026041666666666665,0.0,0.0,0.0,0.59644758637562
cologne8,nominal,1013,lightgpt_review,54.4,11.841666666666667,7.197373432089283,2.9434546147305922,2006.0,2045.0,0.0,0.0,44.0,60.5,3600.0,8.0,19.991000100038946,1920.0,1.0,0.0,0.9770833333333333,0.022916666666666665,0.0,0.0,0.0,0.9199903925219365
cologne8,nominal,1013,ergs_no_event,54.4,11.841666666666667,7.197373432089283,2.9434546147305922,2006.0,2045.0,0.0,0.0,44.0,60.5,3600.0,8.0,107.60998049995396,1920.0,1.0,0.0,0.0,1.0,0.0,-0.43530163127393556,0.0,0.9199903925219365
cologne8,nominal,1013,ergs_no_guard,54.4,11.841666666666667,7.197373432089283,2.9434546147305922,2006.0,2045.0,0.0,0.0,44.0,60.5,3600.0,8.0,19.834685000008903,1920.0,0.020833333333333332,0.0,0.0,1.0,0.6932291666666667,0.0,0.0,0.9974922712356764
cologne8,nominal,1013,ergs_no_calibration,54.4,11.841666666666667,7.197373432089283,2.9434546147305922,2006.0,2045.0,0.0,0.0,44.0,60.5,3600.0,8.0,20.730419499916025,1920.0,0.020833333333333332,0.0,0.0,1.0,0.6932291666666667,0.0,0.0,0.9974922712356764
cologne8,nominal,1013,ergs_no_hysteresis,54.4,11.841666666666667,7.197373432089283,2.9434546147305922,2006.0,2045.0,0.0,0.0,44.0,60.5,3600.0,8.0,21.5907484999625,1920.0,0.020833333333333332,0.0,0.0,1.0,0.6671875,-0.455832617307211,0.0,0.9978756657703127
cologne8,nominal,1013,ergs_v2,54.4,11.841666666666667,7.197373432089283,2.9434546147305922,2006.0,2045.0,0.0,0.0,44.0,60.5,3600.0,8.0,19.729329199995846,1920.0,0.020833333333333332,0.0,0.0,1.0,0.6932291666666667,-0.4623785463208591,0.0,0.9974922712356764
cologne8,nominal,1019,fixed,62.12916666666667,19.5,6.47511855221211,5.868962181891915,2001.0,2046.0,0.0,0.0,58.0,144.0,3600.0,8.0,18.6717370999977,0.0,0.0,0.0,0.0,0.0,0.0,0.0,0.0,0.0
cologne8,nominal,1019,max_pressure,65.20833333333333,22.320833333333333,6.09465501015655,9.609136227572476,1984.0,2046.0,0.0,0.0,56.0,48.875,3600.0,8.0,20.92542099999264,0.0,0.0,0.0,0.0,0.0,0.0,0.0,0.0,0.0
cologne8,nominal,1019,ppo_ensemble,55.025,12.383333333333333,7.186455545558499,3.0477180125544985,2010.0,2046.0,0.0,0.0,46.0,61.0,3600.0,8.0,18.788955500000156,0.0,0.0,0.0,0.0,0.0,0.0,0.0,0.0,0.0
cologne8,nominal,1019,lightgpt_direct,62.516666666666666,19.083333333333332,6.434790074519418,7.398467786100423,2002.0,2046.0,0.0,0.0,64.0,41.375,3600.0,8.0,17.556673899991438,1920.0,1.0,0.2598958333333333,0.9973958333333334,0.0026041666666666665,0.0,0.0,0.0,0.5953471312405171
cologne8,nominal,1019,lightgpt_review,55.025,12.383333333333333,7.186455545558499,3.0477180125544985,2010.0,2046.0,0.0,0.0,46.0,61.0,3600.0,8.0,20.586696699960157,1920.0,1.0,0.0,0.9796875,0.0203125,0.0,0.0,0.0,0.918758895653333
cologne8,nominal,1019,ergs_no_event,55.025,12.383333333333333,7.186455545558499,3.0477180125544985,2010.0,2046.0,0.0,0.0,46.0,61.0,3600.0,8.0,111.6835314000491,1920.0,1.0,0.0,0.0,1.0,0.0,-0.4371449929518852,0.0,0.918758895653333
cologne8,nominal,1019,ergs_no_guard,55.025,12.383333333333333,7.186455545558499,3.0477180125544985,2010.0,2046.0,0.0,0.0,46.0,61.0,3600.0,8.0,18.53693469997961,1920.0,0.020833333333333332,0.0,0.0,1.0,0.6838541666666667,0.0,0.0,0.997680205910402
cologne8,nominal,1019,ergs_no_calibration,55.025,12.383333333333333,7.186455545558499,3.0477180125544985,2010.0,2046.0,0.0,0.0,46.0,61.0,3600.0,8.0,23.19531689991709,1920.0,0.020833333333333332,0.0,0.0,1.0,0.6838541666666667,0.0,0.0,0.997680205910402
cologne8,nominal,1019,ergs_no_hysteresis,55.025,12.383333333333333,7.186455545558499,3.0477180125544985,2010.0,2046.0,0.0,0.0,46.0,61.0,3600.0,8.0,22.4447234000545,1920.0,0.020833333333333332,0.0,0.0,1.0,0.6541666666666667,-0.44533686711390724,0.0,0.997680205910402
cologne8,nominal,1019,ergs_v2,55.025,12.383333333333333,7.186455545558499,3.0477180125544985,2010.0,2046.0,0.0,0.0,46.0,61.0,3600.0,8.0,20.03383039997425,1920.0,0.020833333333333332,0.0,0.0,1.0,0.6838541666666667,-0.44533686711390724,0.0,0.997680205910402
cologne8,nominal,1021,fixed,61.30833333333333,19.083333333333332,6.578810436055164,5.676475807221305,1998.0,2046.0,0.0,0.0,36.0,144.0,3600.0,8.0,19.232313700020313,0.0,0.0,0.0,0.0,0.0,0.0,0.0,0.0,0.0
cologne8,nominal,1021,max_pressure,64.79583333333333,21.354166666666668,6.109051411882272,8.834765093906947,2005.0,2046.0,0.0,0.0,86.0,49.25,3600.0,8.0,23.0712385000661,0.0,0.0,0.0,0.0,0.0,0.0,0.0,0.0,0.0
cologne8,nominal,1021,ppo_ensemble,53.416666666666664,11.133333333333333,7.339010496475183,2.8584665971450582,2010.0,2046.0,0.0,0.0,50.0,59.875,3600.0,8.0,20.33758619998116,0.0,0.0,0.0,0.0,0.0,0.0,0.0,0.0,0.0
cologne8,nominal,1021,lightgpt_direct,61.31666666666667,17.9375,6.4927487417914564,6.88620947709847,2001.0,2046.0,0.0,0.0,68.0,41.625,3600.0,8.0,19.12291659996845,1920.0,1.0,0.26510416666666664,0.9963541666666667,0.0036458333333333334,0.0,0.0,0.0,0.5959170367317419
cologne8,nominal,1021,lightgpt_review,53.416666666666664,11.133333333333333,7.339010496475183,2.8584665971450582,2010.0,2046.0,0.0,0.0,50.0,59.875,3600.0,8.0,18.640051300055347,1920.0,1.0,0.0,0.9791666666666666,0.020833333333333332,0.0,0.0,0.0,0.9201084691484601
cologne8,nominal,1021,ergs_no_event,53.416666666666664,11.133333333333333,7.339010496475183,2.8584665971450582,2010.0,2046.0,0.0,0.0,50.0,59.875,3600.0,8.0,107.09185500000603,1920.0,1.0,0.0,0.0,1.0,0.0,-0.43644902416561293,0.0,0.9201084691484601
cologne8,nominal,1021,ergs_no_guard,53.416666666666664,11.133333333333333,7.339010496475183,2.8584665971450582,2010.0,2046.0,0.0,0.0,50.0,59.875,3600.0,8.0,20.00660630001221,1920.0,0.020833333333333332,0.0,0.0,1.0,0.6661458333333333,0.0,0.0,0.9984513522009877
cologne8,nominal,1021,ergs_no_calibration,53.416666666666664,11.133333333333333,7.339010496475183,2.8584665971450582,2010.0,2046.0,0.0,0.0,50.0,59.875,3600.0,8.0,21.530330499983393,1920.0,0.020833333333333332,0.0,0.0,1.0,0.6661458333333333,0.0,0.0,0.9984513522009877
cologne8,nominal,1021,ergs_no_hysteresis,53.416666666666664,11.133333333333333,7.339010496475183,2.8584665971450582,2010.0,2046.0,0.0,0.0,50.0,59.875,3600.0,8.0,21.70068209990859,1920.0,0.020833333333333332,0.0,0.0,1.0,0.640625,-0.45255965280038685,0.0,0.9980679576663515
cologne8,nominal,1021,ergs_v2,53.416666666666664,11.133333333333333,7.339010496475183,2.8584665971450582,2010.0,2046.0,0.0,0.0,50.0,59.875,3600.0,8.0,20.64529290003702,1920.0,0.020833333333333332,0.0,0.0,1.0,0.6661458333333333,-0.44601372378673876,0.0,0.9984513522009877
cologne8,nominal,1031,fixed,62.22083333333333,19.645833333333332,6.56747687748898,5.781116621099615,2001.0,2044.0,0.0,0.0,56.0,144.0,3600.0,8.0,17.91911620006431,0.0,0.0,0.0,0.0,0.0,0.0,0.0,0.0,0.0
cologne8,nominal,1031,max_pressure,65.43333333333334,22.029166666666665,6.093415463315766,9.548906066569202,1995.0,2044.0,0.0,0.0,64.0,46.875,3600.0,8.0,24.56948329997249,0.0,0.0,0.0,0.0,0.0,0.0,0.0,0.0,0.0
cologne8,nominal,1031,ppo_ensemble,54.104166666666664,11.904166666666667,7.234778236389693,3.110774348356478,2001.0,2044.0,0.0,0.0,26.0,60.875,3600.0,8.0,17.477020299993455,0.0,0.0,0.0,0.0,0.0,0.0,0.0,0.0,0.0
cologne8,nominal,1031,lightgpt_direct,60.65,17.420833333333334,6.545142006948627,6.624006686928963,2001.0,2044.0,0.0,0.0,52.0,42.75,3600.0,8.0,21.52479590009898,1920.0,1.0,0.2375,0.9947916666666666,0.005208333333333333,0.0,0.0,0.0,0.5956823264008053
cologne8,nominal,1031,lightgpt_review,54.104166666666664,11.904166666666667,7.234778236389693,3.110774348356478,2001.0,2044.0,0.0,0.0,26.0,60.875,3600.0,8.0,20.56199670000933,1920.0,1.0,0.0,0.9755208333333333,0.024479166666666666,0.0,0.0,0.0,0.9177791900912861
cologne8,nominal,1031,ergs_no_event,54.104166666666664,11.904166666666667,7.234778236389693,3.110774348356478,2001.0,2044.0,0.0,0.0,26.0,60.875,3600.0,8.0,101.62377009994816,1920.0,1.0,0.0,0.0,1.0,0.0,-0.43525932773188364,0.0,0.9177791900912861
cologne8,nominal,1031,ergs_no_guard,54.104166666666664,11.904166666666667,7.234778236389693,3.110774348356478,2001.0,2044.0,0.0,0.0,26.0,60.875,3600.0,8.0,19.476993300020695,1920.0,0.020833333333333332,0.0,0.0,1.0,0.6963541666666667,0.0,0.0,0.9988346840369062
cologne8,nominal,1031,ergs_no_calibration,54.104166666666664,11.904166666666667,7.234778236389693,3.110774348356478,2001.0,2044.0,0.0,0.0,26.0,60.875,3600.0,8.0,22.977097399998456,1920.0,0.020833333333333332,0.0,0.0,1.0,0.6963541666666667,0.0,0.0,0.9988346840369062
cologne8,nominal,1031,ergs_no_hysteresis,54.104166666666664,11.904166666666667,7.234778236389693,3.110774348356478,2001.0,2044.0,0.0,0.0,26.0,60.875,3600.0,8.0,21.88788920000661,1920.0,0.020833333333333332,0.0,0.0,1.0,0.6625,-0.4394677947730905,0.0,0.9988346840369062
cologne8,nominal,1031,ergs_v2,54.104166666666664,11.904166666666667,7.234778236389693,3.110774348356478,2001.0,2044.0,0.0,0.0,26.0,60.875,3600.0,8.0,21.133246100042015,1920.0,0.020833333333333332,0.0,0.0,1.0,0.6963541666666667,-0.4394677947730905,0.0,0.9988346840369062
cologne8,nominal,1033,fixed,61.625,19.754166666666666,6.5738578108827666,5.924667517279355,2001.0,2044.0,0.0,0.0,42.0,144.0,3600.0,8.0,18.10332420002669,0.0,0.0,0.0,0.0,0.0,0.0,0.0,0.0,0.0
cologne8,nominal,1033,max_pressure,64.55833333333334,21.6875,6.260570571217567,9.178960261080489,2001.0,2044.0,0.0,0.0,74.0,49.25,3600.0,8.0,24.31136689998675,0.0,0.0,0.0,0.0,0.0,0.0,0.0,0.0,0.0
cologne8,nominal,1033,ppo_ensemble,54.020833333333336,12.158333333333333,7.208512198622262,3.36914918205675,2005.0,2044.0,0.0,0.0,54.0,60.75,3600.0,8.0,21.842790400027297,0.0,0.0,0.0,0.0,0.0,0.0,0.0,0.0,0.0
cologne8,nominal,1033,lightgpt_direct,60.90416666666667,18.3875,6.599389359076743,7.555035665286188,1997.0,2044.0,0.0,0.0,46.0,41.375,3600.0,8.0,19.522190099931322,1920.0,1.0,0.24322916666666666,0.99375,0.00625,0.0,0.0,0.0,0.5952234633997858
cologne8,nominal,1033,lightgpt_review,54.020833333333336,12.158333333333333,7.208512198622262,3.36914918205675,2005.0,2044.0,0.0,0.0,54.0,60.75,3600.0,8.0,20.114910200005397,1920.0,1.0,0.0,0.9765625,0.0234375,0.0,0.0,0.0,0.9172677904007481
cologne8,nominal,1033,ergs_no_event,54.020833333333336,12.158333333333333,7.208512198622262,3.36914918205675,2005.0,2044.0,0.0,0.0,54.0,60.75,3600.0,8.0,105.8148996999953,1920.0,1.0,0.0,0.0,1.0,0.0,-0.4359693976988399,0.0,0.9172677904007481
cologne8,nominal,1033,ergs_no_guard,54.020833333333336,12.158333333333333,7.208512198622262,3.36914918205675,2005.0,2044.0,0.0,0.0,54.0,60.75,3600.0,8.0,19.92014790000394,1920.0,0.020833333333333332,0.0,0.0,1.0,0.6776041666666667,0.0,0.0,0.9988348490478131
cologne8,nominal,1033,ergs_no_calibration,54.020833333333336,12.158333333333333,7.208512198622262,3.36914918205675,2005.0,2044.0,0.0,0.0,54.0,60.75,3600.0,8.0,21.20741670008283,1920.0,0.020833333333333332,0.0,0.0,1.0,0.6776041666666667,0.0,0.0,0.9988348490478131
cologne8,nominal,1033,ergs_no_hysteresis,54.020833333333336,12.158333333333333,7.208512198622262,3.36914918205675,2005.0,2044.0,0.0,0.0,54.0,60.75,3600.0,8.0,22.415387900080532,1920.0,0.020833333333333332,0.0,0.0,1.0,0.646875,-0.4394677947730905,0.0,0.9988348490478131
cologne8,nominal,1033,ergs_v2,54.020833333333336,12.158333333333333,7.208512198622262,3.36914918205675,2005.0,2044.0,0.0,0.0,54.0,60.75,3600.0,8.0,21.60677240008954,1920.0,0.020833333333333332,0.0,0.0,1.0,0.6776041666666667,-0.4394677947730905,0.0,0.9988348490478131
cologne8,nominal,1039,fixed,61.9375,19.208333333333332,6.577078729944357,5.477381130573319,1998.0,2045.0,0.0,0.0,44.0,144.0,3600.0,8.0,18.67164119996596,0.0,0.0,0.0,0.0,0.0,0.0,0.0,0.0,0.0
cologne8,nominal,1039,max_pressure,62.604166666666664,19.833333333333332,6.325700230462803,8.568327488112509,1998.0,2045.0,0.0,0.0,70.0,48.25,3600.0,8.0,21.869913999922574,0.0,0.0,0.0,0.0,0.0,0.0,0.0,0.0,0.0
cologne8,nominal,1039,ppo_ensemble,53.68333333333333,11.475,7.326046476965963,3.07274615338007,2006.0,2045.0,0.0,0.0,34.0,59.875,3600.0,8.0,18.114979100064375,0.0,0.0,0.0,0.0,0.0,0.0,0.0,0.0,0.0
cologne8,nominal,1039,lightgpt_direct,58.87916666666667,16.325,6.685901859225557,6.570439076637705,1995.0,2045.0,0.0,0.0,42.0,42.375,3600.0,8.0,15.417799399932846,1920.0,1.0,0.253125,0.9973958333333334,0.0026041666666666665,0.0,0.0,0.0,0.5960411305498621
cologne8,nominal,1039,lightgpt_review,53.68333333333333,11.475,7.326046476965963,3.07274615338007,2006.0,2045.0,0.0,0.0,34.0,59.875,3600.0,8.0,19.978088299976662,1920.0,1.0,0.0,0.975,0.025,0.0,0.0,0.0,0.920572353028608
cologne8,nominal,1039,ergs_no_event,53.68333333333333,11.475,7.326046476965963,3.07274615338007,2006.0,2045.0,0.0,0.0,34.0,59.875,3600.0,8.0,102.97677970002405,1920.0,1.0,0.0,0.0,1.0,0.0,-0.4339496781005818,0.0,0.920572353028608
cologne8,nominal,1039,ergs_no_guard,53.68333333333333,11.475,7.326046476965963,3.07274615338007,2006.0,2045.0,0.0,0.0,34.0,59.875,3600.0,8.0,19.740222199936397,1920.0,0.020833333333333332,0.0,0.0,1.0,0.6895833333333333,0.0,0.0,0.9980673003389132
cologne8,nominal,1039,ergs_no_calibration,53.68333333333333,11.475,7.326046476965963,3.07274615338007,2006.0,2045.0,0.0,0.0,34.0,59.875,3600.0,8.0,21.142155000008643,1920.0,0.020833333333333332,0.0,0.0,1.0,0.6895833333333333,0.0,0.0,0.9980673003389132
cologne8,nominal,1039,ergs_no_hysteresis,53.68333333333333,11.475,7.326046476965963,3.07274615338007,2006.0,2045.0,0.0,0.0,34.0,59.875,3600.0,8.0,23.279096900019795,1920.0,0.020833333333333332,0.0,0.0,1.0,0.6703125,-0.45255965280038685,0.0,0.9980673003389132
cologne8,nominal,1039,ergs_v2,53.68333333333333,11.475,7.326046476965963,3.07274615338007,2006.0,2045.0,0.0,0.0,34.0,59.875,3600.0,8.0,23.20690360001754,1920.0,0.020833333333333332,0.0,0.0,1.0,0.6895833333333333,-0.45255965280038685,0.0,0.9980673003389132
cologne8,nominal,1049,fixed,63.725,20.779166666666665,6.431749811633559,6.1293454857400596,1998.0,2045.0,0.0,0.0,54.0,144.0,3600.0,8.0,18.712911400012672,0.0,0.0,0.0,0.0,0.0,0.0,0.0,0.0,0.0
cologne8,nominal,1049,max_pressure,65.325,22.275,6.090720951158497,9.207079151697924,1999.0,2045.0,0.0,0.0,58.0,47.5,3600.0,8.0,20.48013660009019,0.0,0.0,0.0,0.0,0.0,0.0,0.0,0.0,0.0
cologne8,nominal,1049,ppo_ensemble,53.975,11.695833333333333,7.253937794244767,3.180371058309243,2005.0,2045.0,0.0,0.0,62.0,60.75,3600.0,8.0,19.857634999905713,0.0,0.0,0.0,0.0,0.0,0.0,0.0,0.0,0.0
cologne8,nominal,1049,lightgpt_direct,59.71666666666667,17.245833333333334,6.63958801378795,6.908844087340442,1999.0,2045.0,0.0,0.0,48.0,41.625,3600.0,8.0,19.0282660999801,1920.0,1.0,0.26458333333333334,0.9958333333333333,0.004166666666666667,0.0,0.0,0.0,0.5952440537127864
cologne8,nominal,1049,lightgpt_review,53.975,11.695833333333333,7.253937794244767,3.180371058309243,2005.0,2045.0,0.0,0.0,62.0,60.75,3600.0,8.0,21.409541200031526,1920.0,1.0,0.0,0.9776041666666667,0.022395833333333334,0.0,0.0,0.0,0.9179388072059533
cologne8,nominal,1049,ergs_no_event,53.975,11.695833333333333,7.253937794244767,3.180371058309243,2005.0,2045.0,0.0,0.0,62.0,60.75,3600.0,8.0,106.3022841999773,1920.0,1.0,0.0,0.0,1.0,0.0,-0.4363385338630021,0.0,0.9179388072059533
cologne8,nominal,1049,ergs_no_guard,53.975,11.695833333333333,7.253937794244767,3.180371058309243,2005.0,2045.0,0.0,0.0,62.0,60.75,3600.0,8.0,20.947867900016718,1920.0,0.020833333333333332,0.0,0.0,1.0,0.6802083333333333,0.0,0.0,0.9982539665292549
cologne8,nominal,1049,ergs_no_calibration,53.975,11.695833333333333,7.253937794244767,3.180371058309243,2005.0,2045.0,0.0,0.0,62.0,60.75,3600.0,8.0,21.381438400014304,1920.0,0.020833333333333332,0.0,0.0,1.0,0.6802083333333333,0.0,0.0,0.9982539665292549
cologne8,nominal,1049,ergs_no_hysteresis,53.975,11.695833333333333,7.253937794244767,3.180371058309243,2005.0,2045.0,0.0,0.0,62.0,60.75,3600.0,8.0,23.410022799973376,1920.0,0.020833333333333332,0.0,0.0,1.0,0.65625,-0.4492866882935628,0.0,0.998259060304949
cologne8,nominal,1049,ergs_v2,53.975,11.695833333333333,7.253937794244767,3.180371058309243,2005.0,2045.0,0.0,0.0,62.0,60.75,3600.0,8.0,24.962274999939837,1920.0,0.020833333333333332,0.0,0.0,1.0,0.6802083333333333,-0.4492866882935628,0.0,0.9982539665292549
cologne8,nominal,1051,fixed,61.68333333333333,19.220833333333335,6.6116714405321275,5.683964363654535,1999.0,2044.0,0.0,0.0,50.0,144.0,3600.0,8.0,21.376882300013676,0.0,0.0,0.0,0.0,0.0,0.0,0.0,0.0,0.0
cologne8,nominal,1051,max_pressure,67.15833333333333,23.320833333333333,6.0062994329809785,9.255950790071513,1997.0,2044.0,0.0,0.0,60.0,49.5,3600.0,8.0,25.695044599939138,0.0,0.0,0.0,0.0,0.0,0.0,0.0,0.0,0.0
cologne8,nominal,1051,ppo_ensemble,54.675,12.091666666666667,7.237271644082161,3.081804938730401,2006.0,2044.0,0.0,0.0,40.0,59.875,3600.0,8.0,22.128469599992968,0.0,0.0,0.0,0.0,0.0,0.0,0.0,0.0,0.0
cologne8,nominal,1051,lightgpt_direct,58.99583333333333,16.583333333333332,6.696189524114239,6.973076086363728,2001.0,2044.0,0.0,0.0,64.0,41.75,3600.0,8.0,22.16537430009339,1920.0,1.0,0.2546875,0.9947916666666666,0.005208333333333333,0.0,0.0,0.0,0.5958896706728676
cologne8,nominal,1051,lightgpt_review,54.675,12.091666666666667,7.237271644082161,3.081804938730401,2006.0,2044.0,0.0,0.0,40.0,59.875,3600.0,8.0,21.10383990011178,1920.0,1.0,0.0,0.9776041666666667,0.022395833333333334,0.0,0.0,0.0,0.9217602807731334
cologne8,nominal,1051,ergs_no_event,54.675,12.091666666666667,7.237271644082161,3.081804938730401,2006.0,2044.0,0.0,0.0,40.0,59.875,3600.0,8.0,118.79882919997908,1920.0,1.0,0.0,0.0,1.0,0.0,-0.43497479865182537,0.0,0.9217602807731334
cologne8,nominal,1051,ergs_no_guard,54.675,12.091666666666667,7.237271644082161,3.081804938730401,2006.0,2044.0,0.0,0.0,40.0,59.875,3600.0,8.0,19.38293419999536,1920.0,0.020833333333333332,0.0,0.0,1.0,0.6744791666666666,0.0,0.0,0.9980616402980068
cologne8,nominal,1051,ergs_no_calibration,54.675,12.091666666666667,7.237271644082161,3.081804938730401,2006.0,2044.0,0.0,0.0,40.0,59.875,3600.0,8.0,24.1706696000183,1920.0,0.020833333333333332,0.0,0.0,1.0,0.6744791666666666,0.0,0.0,0.9980616402980068
cologne8,nominal,1051,ergs_no_hysteresis,54.675,12.091666666666667,7.237271644082161,3.081804938730401,2006.0,2044.0,0.0,0.0,40.0,59.875,3600.0,8.0,20.95128139993176,1920.0,0.020833333333333332,0.0,0.0,1.0,0.6484375,-0.4492866882935628,0.0,0.998253337565325
cologne8,nominal,1051,ergs_v2,54.675,12.091666666666667,7.237271644082161,3.081804938730401,2006.0,2044.0,0.0,0.0,40.0,59.875,3600.0,8.0,20.079312000074424,1920.0,0.020833333333333332,0.0,0.0,1.0,0.6744791666666666,-0.45255965280038685,0.0,0.9980616402980068
cologne8,nominal,1061,fixed,62.291666666666664,19.8,6.547729257318542,5.817491416174936,2003.0,2043.0,0.0,0.0,46.0,144.0,3600.0,8.0,19.790378600009717,0.0,0.0,0.0,0.0,0.0,0.0,0.0,0.0,0.0
cologne8,nominal,1061,max_pressure,65.10416666666667,21.854166666666668,6.141886483910036,9.326316251303826,1996.0,2043.0,0.0,0.0,56.0,48.625,3600.0,8.0,23.230483599938452,0.0,0.0,0.0,0.0,0.0,0.0,0.0,0.0,0.0
cologne8,nominal,1061,ppo_ensemble,55.55416666666667,12.829166666666667,7.112791719095832,3.13632789759719,2005.0,2043.0,0.0,0.0,62.0,61.625,3600.0,8.0,18.534974799957126,0.0,0.0,0.0,0.0,0.0,0.0,0.0,0.0,0.0
cologne8,nominal,1061,lightgpt_direct,61.483333333333334,18.304166666666667,6.495852661342101,7.039398427955352,1999.0,2043.0,0.0,0.0,60.0,42.5,3600.0,8.0,19.82834740006365,1920.0,1.0,0.2520833333333333,0.9979166666666667,0.0020833333333333333,0.0,0.0,0.0,0.5955185732224612
cologne8,nominal,1061,lightgpt_review,55.55416666666667,12.829166666666667,7.112791719095832,3.13632789759719,2005.0,2043.0,0.0,0.0,62.0,61.625,3600.0,8.0,18.509735400089994,1920.0,1.0,0.0,0.9765625,0.0234375,0.0,0.0,0.0,0.9175592054502855
cologne8,nominal,1061,ergs_no_event,55.55416666666667,12.829166666666667,7.112791719095832,3.13632789759719,2005.0,2043.0,0.0,0.0,62.0,61.625,3600.0,8.0,112.63087659992743,1920.0,1.0,0.0,0.0,1.0,0.0,-0.4358330241777223,0.0,0.9175592054502855
cologne8,nominal,1061,ergs_no_guard,55.55416666666667,12.829166666666667,7.112791719095832,3.13632789759719,2005.0,2043.0,0.0,0.0,62.0,61.625,3600.0,8.0,19.055288000032306,1920.0,0.020833333333333332,0.0,0.0,1.0,0.6807291666666667,0.0,0.0,0.9986423921408677
cologne8,nominal,1061,ergs_no_calibration,55.55416666666667,12.829166666666667,7.112791719095832,3.13632789759719,2005.0,2043.0,0.0,0.0,62.0,61.625,3600.0,8.0,21.55915639991872,1920.0,0.020833333333333332,0.0,0.0,1.0,0.6807291666666667,0.0,0.0,0.9986423921408677
cologne8,nominal,1061,ergs_no_hysteresis,55.55416666666667,12.829166666666667,7.112791719095832,3.13632789759719,2005.0,2043.0,0.0,0.0,62.0,61.625,3600.0,8.0,19.368097300059162,1920.0,0.020833333333333332,0.0,0.0,1.0,0.6473958333333333,-0.4427407592799145,0.0,0.9986423921408677
cologne8,nominal,1061,ergs_v2,55.55416666666667,12.829166666666667,7.112791719095832,3.13632789759719,2005.0,2043.0,0.0,0.0,62.0,61.625,3600.0,8.0,23.080705899978057,1920.0,0.020833333333333332,0.0,0.0,1.0,0.6807291666666667,-0.4427407592799145,0.0,0.9986423921408677
cologne8,nominal,1063,fixed,62.329166666666666,19.433333333333334,6.570699868428499,5.791912974157632,2006.0,2045.0,0.0,0.0,36.0,144.0,3600.0,8.0,20.146639100043103,0.0,0.0,0.0,0.0,0.0,0.0,0.0,0.0,0.0
cologne8,nominal,1063,max_pressure,67.2875,23.229166666666668,5.984656807254526,9.654398412871158,1994.0,2045.0,0.0,0.0,48.0,48.0,3600.0,8.0,21.401586799998768,0.0,0.0,0.0,0.0,0.0,0.0,0.0,0.0,0.0
cologne8,nominal,1063,ppo_ensemble,54.67916666666667,11.770833333333334,7.205403369632704,3.1047080594980256,2008.0,2045.0,0.0,0.0,36.0,61.24999999999999,3600.0,8.0,20.05551520001609,0.0,0.0,0.0,0.0,0.0,0.0,0.0,0.0,0.0
cologne8,nominal,1063,lightgpt_direct,58.4875,15.754166666666666,6.790060511500405,6.174575961287562,1997.0,2045.0,0.0,0.0,50.0,41.375,3600.0,8.0,19.03853850008454,1920.0,1.0,0.2515625,0.9973958333333334,0.0026041666666666665,0.0,0.0,0.0,0.5961479247850614
cologne8,nominal,1063,lightgpt_review,54.67916666666667,11.770833333333334,7.205403369632704,3.1047080594980256,2008.0,2045.0,0.0,0.0,36.0,61.24999999999999,3600.0,8.0,21.895504100015387,1920.0,1.0,0.0,0.9807291666666667,0.019270833333333334,0.0,0.0,0.0,0.9196708441535628
cologne8,nominal,1063,ergs_no_event,54.67916666666667,11.770833333333334,7.205403369632704,3.1047080594980256,2008.0,2045.0,0.0,0.0,36.0,61.24999999999999,3600.0,8.0,139.32095349999145,1920.0,1.0,0.0,0.0,1.0,0.0,-0.4374459423554885,0.0,0.9196708441535628
cologne8,nominal,1063,ergs_no_guard,54.67916666666667,11.770833333333334,7.205403369632704,3.1047080594980256,2008.0,2045.0,0.0,0.0,36.0,61.24999999999999,3600.0,8.0,18.713346699951217,1920.0,0.020833333333333332,0.0,0.0,1.0,0.6822916666666666,0.0,0.0,0.9974543470781904
cologne8,nominal,1063,ergs_no_calibration,54.67916666666667,11.770833333333334,7.205403369632704,3.1047080594980256,2008.0,2045.0,0.0,0.0,36.0,61.24999999999999,3600.0,8.0,21.85104640002828,1920.0,0.020833333333333332,0.0,0.0,1.0,0.6822916666666666,0.0,0.0,0.9974543470781904
cologne8,nominal,1063,ergs_no_hysteresis,54.67916666666667,11.770833333333334,7.205403369632704,3.1047080594980256,2008.0,2045.0,0.0,0.0,36.0,61.24999999999999,3600.0,8.0,22.47288939997088,1920.0,0.020833333333333332,0.0,0.0,1.0,0.6557291666666667,-0.4486098316207315,0.0,0.9974543470781904
cologne8,nominal,1063,ergs_v2,54.67916666666667,11.770833333333334,7.205403369632704,3.1047080594980256,2008.0,2045.0,0.0,0.0,36.0,61.24999999999999,3600.0,8.0,19.99200229998678,1920.0,0.020833333333333332,0.0,0.0,1.0,0.6822916666666666,-0.4486098316207315,0.0,0.9974543470781904
cologne8,nominal,1069,fixed,61.06666666666667,18.745833333333334,6.565550532124571,5.574256309113611,2004.0,2044.0,0.0,0.0,52.0,144.0,3600.0,8.0,18.407906000036746,0.0,0.0,0.0,0.0,0.0,0.0,0.0,0.0,0.0
cologne8,nominal,1069,max_pressure,65.275,22.266666666666666,6.027834030154912,9.643475379137614,1990.0,2044.0,0.0,0.0,70.0,48.625,3600.0,8.0,23.748644099920057,0.0,0.0,0.0,0.0,0.0,0.0,0.0,0.0,0.0
cologne8,nominal,1069,ppo_ensemble,54.80416666666667,12.075,7.180125344134216,3.0112215862632614,2006.0,2044.0,0.0,0.0,48.0,60.62500000000001,3600.0,8.0,20.872329400037415,0.0,0.0,0.0,0.0,0.0,0.0,0.0,0.0,0.0
cologne8,nominal,1069,lightgpt_direct,58.608333333333334,16.520833333333332,6.660131366551886,6.857571305384094,1996.0,2044.0,0.0,0.0,52.0,41.5,3600.0,8.0,21.256480299984105,1920.0,1.0,0.24895833333333334,0.9953125,0.0046875,0.0,0.0,0.0,0.5958889972955851
cologne8,nominal,1069,lightgpt_review,54.80416666666667,12.075,7.180125344134216,3.0112215862632614,2006.0,2044.0,0.0,0.0,48.0,60.62500000000001,3600.0,8.0,19.24264760001097,1920.0,1.0,0.0,0.98125,0.01875,0.0,0.0,0.0,0.918960066968701
cologne8,nominal,1069,ergs_no_event,54.80416666666667,12.075,7.180125344134216,3.0112215862632614,2006.0,2044.0,0.0,0.0,48.0,60.62500000000001,3600.0,8.0,108.43235379992984,1920.0,1.0,0.0,0.0,1.0,0.0,-0.4379373508600844,0.0,0.918960066968701
cologne8,nominal,1069,ergs_no_guard,54.80416666666667,12.075,7.180125344134216,3.0112215862632614,2006.0,2044.0,0.0,0.0,48.0,60.62500000000001,3600.0,8.0,19.63717280002311,1920.0,0.020833333333333332,0.0,0.0,1.0,0.678125,0.0,0.0,0.9982153780555064
cologne8,nominal,1069,ergs_no_calibration,54.80416666666667,12.075,7.180125344134216,3.0112215862632614,2006.0,2044.0,0.0,0.0,48.0,60.62500000000001,3600.0,8.0,22.295313899987377,1920.0,0.020833333333333332,0.0,0.0,1.0,0.678125,0.0,0.0,0.9982153780555064
cologne8,nominal,1069,ergs_no_hysteresis,54.80416666666667,12.075,7.180125344134216,3.0112215862632614,2006.0,2044.0,0.0,0.0,48.0,60.62500000000001,3600.0,8.0,19.33708859991748,1920.0,0.020833333333333332,0.0,0.0,1.0,0.6546875,-0.435517973593435,0.0,0.9982153780555064
cologne8,nominal,1069,ergs_v2,54.80416666666667,12.075,7.180125344134216,3.0112215862632614,2006.0,2044.0,0.0,0.0,48.0,60.62500000000001,3600.0,8.0,17.82014139997773,1920.0,0.020833333333333332,0.0,0.0,1.0,0.678125,-0.435517973593435,0.0,0.9982153780555064
cologne8,nominal,1087,fixed,61.325,18.954166666666666,6.593655798190493,5.554117778767389,2000.0,2043.0,0.0,0.0,80.0,144.0,3600.0,8.0,17.282257899991237,0.0,0.0,0.0,0.0,0.0,0.0,0.0,0.0,0.0
cologne8,nominal,1087,max_pressure,66.4875,22.7,6.00308495569729,9.180032106411161,1990.0,2043.0,0.0,0.0,66.0,48.75,3600.0,8.0,23.81594200001564,0.0,0.0,0.0,0.0,0.0,0.0,0.0,0.0,0.0
cologne8,nominal,1087,ppo_ensemble,54.3375,11.620833333333334,7.260233625941631,3.0264731240720084,2008.0,2043.0,0.0,0.0,66.0,59.625,3600.0,8.0,18.386000599944964,0.0,0.0,0.0,0.0,0.0,0.0,0.0,0.0,0.0
cologne8,nominal,1087,lightgpt_direct,60.7625,18.241666666666667,6.5259520600009155,8.040455564778174,2002.0,2043.0,0.0,0.0,54.0,41.125,3600.0,8.0,19.781480900011957,1920.0,1.0,0.2630208333333333,0.996875,0.003125,0.0,0.0,0.0,0.594832462132459
cologne8,nominal,1087,lightgpt_review,54.3375,11.620833333333334,7.260233625941631,3.0264731240720084,2008.0,2043.0,0.0,0.0,66.0,59.625,3600.0,8.0,19.874413900077343,1920.0,1.0,0.0,0.975,0.025,0.0,0.0,0.0,0.9196575917836952
cologne8,nominal,1087,ergs_no_event,54.3375,11.620833333333334,7.260233625941631,3.0264731240720084,2008.0,2043.0,0.0,0.0,66.0,59.625,3600.0,8.0,111.59829009999521,1920.0,1.0,0.0,0.0,1.0,0.0,-0.434290611903376,0.0,0.9196575917836952
cologne8,nominal,1087,ergs_no_guard,54.3375,11.620833333333334,7.260233625941631,3.0264731240720084,2008.0,2043.0,0.0,0.0,66.0,59.625,3600.0,8.0,19.82380330003798,1920.0,0.020833333333333332,0.0,0.0,1.0,0.6828125,0.0,0.0,0.9984456637965731
cologne8,nominal,1087,ergs_no_calibration,54.3375,11.620833333333334,7.260233625941631,3.0264731240720084,2008.0,2043.0,0.0,0.0,66.0,59.625,3600.0,8.0,23.356233299942687,1920.0,0.020833333333333332,0.0,0.0,1.0,0.6828125,0.0,0.0,0.9984456637965731
cologne8,nominal,1087,ergs_no_hysteresis,54.3375,11.620833333333334,7.260233625941631,3.0264731240720084,2008.0,2043.0,0.0,0.0,66.0,59.625,3600.0,8.0,21.246729100006633,1920.0,0.020833333333333332,0.0,0.0,1.0,0.6541666666666667,-0.44601372378673865,0.0,0.9984456637965731
cologne8,nominal,1087,ergs_v2,54.3375,11.620833333333334,7.260233625941631,3.0264731240720084,2008.0,2043.0,0.0,0.0,66.0,59.625,3600.0,8.0,20.999263799982145,1920.0,0.020833333333333332,0.0,0.0,1.0,0.6828125,-0.44601372378673865,0.0,0.9984456637965731
cologne8,nominal,1091,fixed,60.479166666666664,18.733333333333334,6.665891596113624,5.6905812653510335,2002.0,2044.0,0.0,0.0,32.0,144.0,3600.0,8.0,20.159493700019084,0.0,0.0,0.0,0.0,0.0,0.0,0.0,0.0,0.0
cologne8,nominal,1091,max_pressure,63.6625,20.891666666666666,6.234461028006261,8.484187695119038,1992.0,2044.0,0.0,0.0,54.0,49.0,3600.0,8.0,24.680342599982396,0.0,0.0,0.0,0.0,0.0,0.0,0.0,0.0,0.0
cologne8,nominal,1091,ppo_ensemble,53.05833333333333,11.3,7.3791702711706195,2.8635352393576463,2016.0,2044.0,0.0,0.0,62.0,59.75,3600.0,8.0,19.60150230000727,0.0,0.0,0.0,0.0,0.0,0.0,0.0,0.0,0.0
cologne8,nominal,1091,lightgpt_direct,57.72083333333333,15.625,6.815291304539393,6.2312827512296085,2002.0,2044.0,0.0,0.0,50.0,43.0,3600.0,8.0,19.55494770000223,1920.0,1.0,0.2390625,0.99375,0.00625,0.0,0.0,0.0,0.5959332682088845
cologne8,nominal,1091,lightgpt_review,53.05833333333333,11.3,7.3791702711706195,2.8635352393576463,2016.0,2044.0,0.0,0.0,62.0,59.75,3600.0,8.0,19.474031100049615,1920.0,1.0,0.0,0.9744791666666667,0.025520833333333333,0.0,0.0,0.0,0.9203174337657433
cologne8,nominal,1091,ergs_no_event,53.05833333333333,11.3,7.3791702711706195,2.8635352393576463,2016.0,2044.0,0.0,0.0,62.0,59.75,3600.0,8.0,104.09947249991819,1920.0,1.0,0.0,0.0,1.0,0.0,-0.43379920339878014,0.0,0.9203174337657433
cologne8,nominal,1091,ergs_no_guard,53.05833333333333,11.3,7.3791702711706195,2.8635352393576463,2016.0,2044.0,0.0,0.0,62.0,59.75,3600.0,8.0,20.17986200004816,1920.0,0.020833333333333332,0.0,0.0,1.0,0.6697916666666667,0.0,0.0,0.9986373610638911
cologne8,nominal,1091,ergs_no_calibration,53.05833333333333,11.3,7.3791702711706195,2.8635352393576463,2016.0,2044.0,0.0,0.0,62.0,59.75,3600.0,8.0,20.752978599979542,1920.0,0.020833333333333332,0.0,0.0,1.0,0.6697916666666667,0.0,0.0,0.9986373610638911
cologne8,nominal,1091,ergs_no_hysteresis,53.05833333333333,11.3,7.3791702711706195,2.8635352393576463,2016.0,2044.0,0.0,0.0,62.0,59.75,3600.0,8.0,20.29817359999288,1920.0,0.020833333333333332,0.0,0.0,1.0,0.640625,-0.4394677947730905,0.0,0.9988290583312094
cologne8,nominal,1091,ergs_v2,53.05833333333333,11.3,7.3791702711706195,2.8635352393576463,2016.0,2044.0,0.0,0.0,62.0,59.75,3600.0,8.0,21.636342099984176,1920.0,0.020833333333333332,0.0,0.0,1.0,0.6697916666666667,-0.4427407592799145,0.0,0.9986373610638911
cologne8,nominal,1093,fixed,62.108333333333334,19.483333333333334,6.5285999679608056,5.7042762943883565,1999.0,2045.0,0.0,0.0,42.0,144.0,3600.0,8.0,18.774990200065076,0.0,0.0,0.0,0.0,0.0,0.0,0.0,0.0,0.0
cologne8,nominal,1093,max_pressure,65.11666666666666,21.695833333333333,6.123560473576956,9.338517186018743,2002.0,2045.0,0.0,0.0,56.0,47.5,3600.0,8.0,23.67248130007647,0.0,0.0,0.0,0.0,0.0,0.0,0.0,0.0,0.0
cologne8,nominal,1093,ppo_ensemble,54.891666666666666,12.354166666666666,7.0799700437051625,3.1223951933024106,2000.0,2045.0,0.0,0.0,52.0,60.5,3600.0,8.0,18.404928699950688,0.0,0.0,0.0,0.0,0.0,0.0,0.0,0.0,0.0
cologne8,nominal,1093,lightgpt_direct,60.166666666666664,17.479166666666668,6.622042501881756,7.212991038265277,2007.0,2045.0,0.0,0.0,48.0,42.125,3600.0,8.0,19.321914399974048,1920.0,1.0,0.2640625,0.9953125,0.0046875,0.0,0.0,0.0,0.5956211224434653
cologne8,nominal,1093,lightgpt_review,54.891666666666666,12.354166666666666,7.0799700437051625,3.1223951933024106,2000.0,2045.0,0.0,0.0,52.0,60.5,3600.0,8.0,19.62876549991779,1920.0,1.0,0.0,0.9786458333333333,0.021354166666666667,0.0,0.0,0.0,0.919211354763219
cologne8,nominal,1093,ergs_no_event,54.891666666666666,12.354166666666666,7.0799700437051625,3.1223951933024106,2000.0,2045.0,0.0,0.0,52.0,60.5,3600.0,8.0,101.48748869996052,1920.0,1.0,0.0,0.0,1.0,0.0,-0.4364349229849289,0.0,0.919211354763219
cologne8,nominal,1093,ergs_no_guard,54.891666666666666,12.354166666666666,7.0799700437051625,3.1223951933024106,2000.0,2045.0,0.0,0.0,52.0,60.5,3600.0,8.0,19.40768109995406,1920.0,0.020833333333333332,0.0,0.0,1.0,0.6895833333333333,0.0,0.0,0.9986379953060831
cologne8,nominal,1093,ergs_no_calibration,54.891666666666666,12.354166666666666,7.0799700437051625,3.1223951933024106,2000.0,2045.0,0.0,0.0,52.0,60.5,3600.0,8.0,22.470273100072518,1920.0,0.020833333333333332,0.0,0.0,1.0,0.6895833333333333,0.0,0.0,0.9986379953060831
cologne8,nominal,1093,ergs_no_hysteresis,54.891666666666666,12.354166666666666,7.0799700437051625,3.1223951933024106,2000.0,2045.0,0.0,0.0,52.0,60.5,3600.0,8.0,20.885069599957205,1920.0,0.020833333333333332,0.0,0.0,1.0,0.6583333333333333,-0.44601372378673865,0.0,0.9984469949796745
cologne8,nominal,1093,ergs_v2,54.891666666666666,12.354166666666666,7.0799700437051625,3.1223951933024106,2000.0,2045.0,0.0,0.0,52.0,60.5,3600.0,8.0,20.468409799970686,1920.0,0.020833333333333332,0.0,0.0,1.0,0.6895833333333333,-0.4427407592799145,0.0,0.9986379953060831
cologne8,nominal,1097,fixed,62.920833333333334,19.875,6.543480756777913,5.7784730409934175,2001.0,2045.0,0.0,0.0,44.0,144.0,3600.0,8.0,18.617256900062785,0.0,0.0,0.0,0.0,0.0,0.0,0.0,0.0,0.0
cologne8,nominal,1097,max_pressure,66.50833333333334,23.354166666666668,6.024183658098757,10.052814482621876,2003.0,2045.0,0.0,0.0,64.0,47.625,3600.0,8.0,19.700796500081196,0.0,0.0,0.0,0.0,0.0,0.0,0.0,0.0,0.0
cologne8,nominal,1097,ppo_ensemble,55.03333333333333,12.1375,7.2164693837036324,3.071135588484472,2005.0,2045.0,0.0,0.0,46.0,59.25,3600.0,8.0,21.921542499912903,0.0,0.0,0.0,0.0,0.0,0.0,0.0,0.0,0.0
cologne8,nominal,1097,lightgpt_direct,62.775,19.554166666666667,6.394131933979035,7.43858705328977,2002.0,2045.0,0.0,0.0,42.0,41.75,3600.0,8.0,19.694360199966468,1920.0,1.0,0.253125,0.9947916666666666,0.005208333333333333,0.0,0.0,0.0,0.5946586778243843
cologne8,nominal,1097,lightgpt_review,55.03333333333333,12.1375,7.2164693837036324,3.071135588484472,2005.0,2045.0,0.0,0.0,46.0,59.25,3600.0,8.0,18.730246099992655,1920.0,1.0,0.0,0.9796875,0.0203125,0.0,0.0,0.0,0.9239622695877454
cologne8,nominal,1097,ergs_no_event,55.03333333333333,12.1375,7.2164693837036324,3.071135588484472,2005.0,2045.0,0.0,0.0,46.0,59.25,3600.0,8.0,105.10047409997787,1920.0,1.0,0.0,0.0,1.0,0.0,-0.4353039504167967,0.0,0.9239622695877454
cologne8,nominal,1097,ergs_no_guard,55.03333333333333,12.1375,7.2164693837036324,3.071135588484472,2005.0,2045.0,0.0,0.0,46.0,59.25,3600.0,8.0,19.236987099982798,1920.0,0.020833333333333332,0.0,0.0,1.0,0.6921875,0.0,0.0,0.9984521118406148
cologne8,nominal,1097,ergs_no_calibration,55.03333333333333,12.1375,7.2164693837036324,3.071135588484472,2005.0,2045.0,0.0,0.0,46.0,59.25,3600.0,8.0,21.750669399974868,1920.0,0.020833333333333332,0.0,0.0,1.0,0.6921875,0.0,0.0,0.9984521118406148
cologne8,nominal,1097,ergs_no_hysteresis,55.03333333333333,12.1375,7.2164693837036324,3.071135588484472,2005.0,2045.0,0.0,0.0,46.0,59.25,3600.0,8.0,20.33872210001573,1920.0,0.020833333333333332,0.0,0.0,1.0,0.6640625,-0.44601372378673865,0.0,0.9984521118406148
cologne8,nominal,1097,ergs_v2,55.03333333333333,12.1375,7.2164693837036324,3.071135588484472,2005.0,2045.0,0.0,0.0,46.0,59.25,3600.0,8.0,21.83654689998366,1920.0,0.020833333333333332,0.0,0.0,1.0,0.6921875,-0.44601372378673865,0.0,0.9984521118406148
cologne8,nominal,1103,fixed,62.954166666666666,20.175,6.403802973588059,5.872047239033942,2002.0,2045.0,0.0,0.0,52.0,144.0,3600.0,8.0,17.063106199959293,0.0,0.0,0.0,0.0,0.0,0.0,0.0,0.0,0.0
cologne8,nominal,1103,max_pressure,67.2125,23.816666666666666,5.880708347360263,10.22421661302414,2003.0,2045.0,0.0,0.0,66.0,47.75,3600.0,8.0,23.160037799971178,0.0,0.0,0.0,0.0,0.0,0.0,0.0,0.0,0.0
cologne8,nominal,1103,ppo_ensemble,55.00416666666667,12.583333333333334,7.085517428509291,3.060306233751764,2011.0,2045.0,0.0,0.0,44.0,60.62500000000001,3600.0,8.0,20.814990799990483,0.0,0.0,0.0,0.0,0.0,0.0,0.0,0.0,0.0
cologne8,nominal,1103,lightgpt_direct,61.641666666666666,18.6375,6.490836281135284,7.482769205830947,1999.0,2045.0,0.0,0.0,60.0,41.5,3600.0,8.0,21.314223999972455,1920.0,1.0,0.259375,0.9958333333333333,0.004166666666666667,0.0,0.0,0.0,0.5951928886201203
cologne8,nominal,1103,lightgpt_review,55.00416666666667,12.583333333333334,7.085517428509291,3.060306233751764,2011.0,2045.0,0.0,0.0,44.0,60.62500000000001,3600.0,8.0,18.66462739999406,1920.0,1.0,0.0,0.9786458333333333,0.021354166666666667,0.0,0.0,0.0,0.9182917654763479
cologne8,nominal,1103,ergs_no_event,55.00416666666667,12.583333333333334,7.085517428509291,3.060306233751764,2011.0,2045.0,0.0,0.0,44.0,60.62500000000001,3600.0,8.0,104.87796589999925,1920.0,1.0,0.0,0.0,1.0,0.0,-0.43677585678772307,0.0,0.9182917654763479
cologne8,nominal,1103,ergs_no_guard,55.00416666666667,12.583333333333334,7.085517428509291,3.060306233751764,2011.0,2045.0,0.0,0.0,44.0,60.62500000000001,3600.0,8.0,19.575142699992284,1920.0,0.020833333333333332,0.0,0.0,1.0,0.6833333333333333,0.0,0.0,0.9988362429296321
cologne8,nominal,1103,ergs_no_calibration,55.00416666666667,12.583333333333334,7.085517428509291,3.060306233751764,2011.0,2045.0,0.0,0.0,44.0,60.62500000000001,3600.0,8.0,23.676536299986765,1920.0,0.020833333333333332,0.0,0.0,1.0,0.6833333333333333,0.0,0.0,0.9988362429296321
cologne8,nominal,1103,ergs_no_hysteresis,55.00416666666667,12.583333333333334,7.085517428509291,3.060306233751764,2011.0,2045.0,0.0,0.0,44.0,60.62500000000001,3600.0,8.0,23.41634800005704,1920.0,0.020833333333333332,0.0,0.0,1.0,0.6598958333333333,-0.42569908007296264,0.0,0.9988362429296321
cologne8,nominal,1103,ergs_v2,55.00416666666667,12.583333333333334,7.085517428509291,3.060306233751764,2011.0,2045.0,0.0,0.0,44.0,60.62500000000001,3600.0,8.0,20.133445300045423,1920.0,0.020833333333333332,0.0,0.0,1.0,0.6833333333333333,-0.42569908007296264,0.0,0.9988362429296321
cologne8,variable,1001,fixed,71.64166666666667,25.166666666666668,6.278559919782394,6.198751367796345,1982.0,2006.0,0.0,0.0,84.0,144.0,3600.0,8.0,14.199944199994206,0.0,0.0,0.0,0.0,0.0,0.0,0.0,0.0,0.0
cologne8,variable,1001,max_pressure,72.15833333333333,25.9,5.860804296223928,10.064094630014111,1985.0,2006.0,0.0,0.0,80.0,47.25,3600.0,8.0,21.453683399944566,0.0,0.0,0.0,0.0,0.0,0.0,0.0,0.0,0.0
cologne8,variable,1001,ppo_ensemble,61.84166666666667,15.308333333333334,7.081628075550151,3.2099341501782863,1989.0,2006.0,0.0,0.0,76.0,57.75,3600.0,8.0,19.163715399918146,0.0,0.0,0.0,0.0,0.0,0.0,0.0,0.0,0.0
cologne8,variable,1001,lightgpt_direct,73.1625,27.0625,5.8898271235184465,9.281103910638922,1983.0,2006.0,0.0,0.0,86.0,41.625,3600.0,8.0,16.476774499984458,1920.0,1.0,0.25833333333333336,0.9895833333333334,0.010416666666666666,0.0,0.0,0.0,0.5935789950957739
cologne8,variable,1001,lightgpt_review,61.84166666666667,15.308333333333334,7.081628075550151,3.2099341501782863,1989.0,2006.0,0.0,0.0,76.0,57.75,3600.0,8.0,20.00560749997385,1920.0,1.0,0.0,0.9760416666666667,0.023958333333333335,0.0,0.0,0.0,0.9256484423704268
cologne8,variable,1001,ergs_no_event,61.84166666666667,15.308333333333334,7.081628075550151,3.2099341501782863,1989.0,2006.0,0.0,0.0,76.0,57.75,3600.0,8.0,109.64655190007761,1920.0,1.0,0.0,0.0,1.0,0.0,-0.4326141452507731,0.0,0.9256484423704268
cologne8,variable,1001,ergs_no_guard,61.84166666666667,15.308333333333334,7.081628075550151,3.2099341501782863,1989.0,2006.0,0.0,0.0,76.0,57.75,3600.0,8.0,20.178484000032768,1920.0,0.020833333333333332,0.0,0.0,1.0,0.6755208333333333,0.0,0.0,0.9978762603990333
cologne8,variable,1001,ergs_no_calibration,61.84166666666667,15.308333333333334,7.081628075550151,3.2099341501782863,1989.0,2006.0,0.0,0.0,76.0,57.75,3600.0,8.0,19.51790129998699,1920.0,0.020833333333333332,0.0,0.0,1.0,0.6755208333333333,0.0,0.0,0.9978762603990333
cologne8,variable,1001,ergs_no_hysteresis,61.84166666666667,15.308333333333334,7.081628075550151,3.2099341501782863,1989.0,2006.0,0.0,0.0,76.0,57.75,3600.0,8.0,24.132924500037916,1920.0,0.020833333333333332,0.0,0.0,1.0,0.653125,-0.4282951879069555,0.0,0.9978762603990333
cologne8,variable,1001,ergs_v2,61.84166666666667,15.308333333333334,7.081628075550151,3.2099341501782863,1989.0,2006.0,0.0,0.0,76.0,57.75,3600.0,8.0,22.43011580000166,1920.0,0.020833333333333332,0.0,0.0,1.0,0.6755208333333333,-0.4282951879069555,0.0,0.9978762603990333
cologne8,variable,1003,fixed,71.02916666666667,24.383333333333333,6.330882951017767,6.024649790231798,2015.0,2043.0,0.0,0.0,70.0,144.0,3600.0,8.0,22.011670500040054,0.0,0.0,0.0,0.0,0.0,0.0,0.0,0.0,0.0
cologne8,variable,1003,max_pressure,73.55833333333334,27.070833333333333,5.832836092530708,10.334937884374998,2016.0,2043.0,0.0,0.0,82.0,47.375,3600.0,8.0,25.69045350002125,0.0,0.0,0.0,0.0,0.0,0.0,0.0,0.0,0.0
cologne8,variable,1003,ppo_ensemble,61.88333333333333,15.375,6.924673461255788,3.306551545987464,2018.0,2043.0,0.0,0.0,76.0,58.25,3600.0,8.0,22.704414600040764,0.0,0.0,0.0,0.0,0.0,0.0,0.0,0.0,0.0
cologne8,variable,1003,lightgpt_direct,69.55416666666666,23.441666666666666,6.256159029726287,8.107360582803812,2013.0,2043.0,0.0,0.0,76.0,42.0,3600.0,8.0,21.4010284000542,1920.0,1.0,0.22395833333333334,0.9921875,0.0078125,0.0,0.0,0.0,0.5948416175846866
cologne8,variable,1003,lightgpt_review,61.88333333333333,15.375,6.924673461255788,3.306551545987464,2018.0,2043.0,0.0,0.0,76.0,58.25,3600.0,8.0,23.27099009999074,1920.0,1.0,0.0,0.9651041666666667,0.034895833333333334,0.0,0.0,0.0,0.9206714921148946
cologne8,variable,1003,ergs_no_event,61.88333333333333,15.375,6.924673461255788,3.306551545987464,2018.0,2043.0,0.0,0.0,76.0,58.25,3600.0,8.0,116.39025619998574,1920.0,1.0,0.0,0.0,1.0,0.0,-0.42829500158343803,0.0,0.9206714921148946
cologne8,variable,1003,ergs_no_guard,61.88333333333333,15.375,6.924673461255788,3.306551545987464,2018.0,2043.0,0.0,0.0,76.0,58.25,3600.0,8.0,19.55785310000647,1920.0,0.020833333333333332,0.0,0.0,1.0,0.6760416666666667,0.0,0.0,0.9988347467356239
cologne8,variable,1003,ergs_no_calibration,61.88333333333333,15.375,6.924673461255788,3.306551545987464,2018.0,2043.0,0.0,0.0,76.0,58.25,3600.0,8.0,21.261839400045574,1920.0,0.020833333333333332,0.0,0.0,1.0,0.6760416666666667,0.0,0.0,0.9988347467356239
cologne8,variable,1003,ergs_no_hysteresis,61.88333333333333,15.375,6.924673461255788,3.306551545987464,2018.0,2043.0,0.0,0.0,76.0,58.25,3600.0,8.0,22.85467949998565,1920.0,0.020833333333333332,0.0,0.0,1.0,0.65625,-0.4394677947730905,0.0,0.9988347467356239
cologne8,variable,1003,ergs_v2,61.88333333333333,15.375,6.924673461255788,3.306551545987464,2018.0,2043.0,0.0,0.0,76.0,58.25,3600.0,8.0,23.717344800010324,1920.0,0.020833333333333332,0.0,0.0,1.0,0.6760416666666667,-0.4394677947730905,0.0,0.9988347467356239
cologne8,variable,1007,fixed,71.39166666666667,24.670833333333334,6.284980402167389,6.1257400146830845,2026.0,2058.0,0.0,0.0,90.0,144.0,3600.0,8.0,18.898984999977984,0.0,0.0,0.0,0.0,0.0,0.0,0.0,0.0,0.0
cologne8,variable,1007,max_pressure,72.90833333333333,26.083333333333332,5.902947675170762,9.579494090302596,2024.0,2058.0,0.0,0.0,88.0,47.25,3600.0,8.0,22.867546599940397,0.0,0.0,0.0,0.0,0.0,0.0,0.0,0.0,0.0
cologne8,variable,1007,ppo_ensemble,63.025,16.45,6.905984141933724,3.3201177608487833,2032.0,2058.0,0.0,0.0,54.0,58.375,3600.0,8.0,21.462276199948974,0.0,0.0,0.0,0.0,0.0,0.0,0.0,0.0,0.0
cologne8,variable,1007,lightgpt_direct,67.24166666666666,21.741666666666667,6.320812438730106,8.17359106267398,2024.0,2058.0,0.0,0.0,40.0,40.375,3600.0,8.0,19.535031199920923,1920.0,1.0,0.25052083333333336,0.99375,0.00625,0.0,0.0,0.0,0.5954684816574563
cologne8,variable,1007,lightgpt_review,63.025,16.45,6.905984141933724,3.3201177608487833,2032.0,2058.0,0.0,0.0,54.0,58.375,3600.0,8.0,19.97060929995496,1920.0,1.0,0.0,0.9645833333333333,0.035416666666666666,0.0,0.0,0.0,0.919541610859819
cologne8,variable,1007,ergs_no_event,63.025,16.45,6.905984141933724,3.3201177608487833,2032.0,2058.0,0.0,0.0,54.0,58.375,3600.0,8.0,111.8817965000635,1920.0,1.0,0.0,0.0,1.0,0.0,-0.4284172739238717,0.0,0.919541610859819
cologne8,variable,1007,ergs_no_guard,63.025,16.45,6.905984141933724,3.3201177608487833,2032.0,2058.0,0.0,0.0,54.0,58.375,3600.0,8.0,20.099895199993625,1920.0,0.020833333333333332,0.0,0.0,1.0,0.6760416666666667,0.0,0.0,0.9984535453359054
cologne8,variable,1007,ergs_no_calibration,63.025,16.45,6.905984141933724,3.3201177608487833,2032.0,2058.0,0.0,0.0,54.0,58.375,3600.0,8.0,20.539228399982676,1920.0,0.020833333333333332,0.0,0.0,1.0,0.6760416666666667,0.0,0.0,0.9984535453359054
cologne8,variable,1007,ergs_no_hysteresis,63.025,16.45,6.905984141933724,3.3201177608487833,2032.0,2058.0,0.0,0.0,54.0,58.375,3600.0,8.0,22.404093499993905,1920.0,0.020833333333333332,0.0,0.0,1.0,0.6510416666666666,-0.4492866882935628,0.0,0.9982618480685872
cologne8,variable,1007,ergs_v2,63.025,16.45,6.905984141933724,3.3201177608487833,2032.0,2058.0,0.0,0.0,54.0,58.375,3600.0,8.0,22.849695899989456,1920.0,0.020833333333333332,0.0,0.0,1.0,0.6760416666666667,-0.44601372378673876,0.0,0.9984535453359054
cologne8,variable,1009,fixed,70.68333333333334,24.9375,6.294934586225319,6.274777050358951,1989.0,2019.0,0.0,0.0,60.0,144.0,3600.0,8.0,19.996159699978307,0.0,0.0,0.0,0.0,0.0,0.0,0.0,0.0,0.0
cologne8,variable,1009,max_pressure,72.81666666666666,27.2,5.809323653044838,9.795860677990628,1993.0,2019.0,0.0,0.0,70.0,47.5,3600.0,8.0,21.751349499914795,0.0,0.0,0.0,0.0,0.0,0.0,0.0,0.0,0.0
cologne8,variable,1009,ppo_ensemble,61.78333333333333,16.2,6.837035449209225,3.7248606540023323,1997.0,2019.0,0.0,0.0,78.0,58.625,3600.0,8.0,20.251599099952728,0.0,0.0,0.0,0.0,0.0,0.0,0.0,0.0,0.0
cologne8,variable,1009,lightgpt_direct,68.97916666666667,23.6,6.1118405601604975,8.473629680698087,1986.0,2019.0,0.0,0.0,62.0,41.25,3600.0,8.0,19.231693500070833,1920.0,1.0,0.2421875,0.9932291666666667,0.0067708333333333336,0.0,0.0,0.0,0.5947279597268491
cologne8,variable,1009,lightgpt_review,61.78333333333333,16.2,6.837035449209225,3.7248606540023323,1997.0,2019.0,0.0,0.0,78.0,58.625,3600.0,8.0,22.19744110002648,1920.0,1.0,0.0,0.9666666666666667,0.03333333333333333,0.0,0.0,0.0,0.9200600234310173
cologne8,variable,1009,ergs_no_event,61.78333333333333,16.2,6.837035449209225,3.7248606540023323,1997.0,2019.0,0.0,0.0,78.0,58.625,3600.0,8.0,138.948838399956,1920.0,1.0,0.0,0.0,1.0,0.0,-0.4293601065338725,0.0,0.9200600234310173
cologne8,variable,1009,ergs_no_guard,61.78333333333333,16.2,6.837035449209225,3.7248606540023323,1997.0,2019.0,0.0,0.0,78.0,58.625,3600.0,8.0,18.774456500075758,1920.0,0.020833333333333332,0.0,0.0,1.0,0.6927083333333334,0.0,0.0,0.9986437680868898
cologne8,variable,1009,ergs_no_calibration,61.78333333333333,16.2,6.837035449209225,3.7248606540023323,1997.0,2019.0,0.0,0.0,78.0,58.625,3600.0,8.0,22.815843699965626,1920.0,0.020833333333333332,0.0,0.0,1.0,0.6927083333333334,0.0,0.0,0.9986437680868898
cologne8,variable,1009,ergs_no_hysteresis,61.78333333333333,16.2,6.837035449209225,3.7248606540023323,1997.0,2019.0,0.0,0.0,78.0,58.625,3600.0,8.0,23.16125570004806,1920.0,0.020833333333333332,0.0,0.0,1.0,0.6666666666666666,-0.4289720445797869,0.0,0.9986437680868898
cologne8,variable,1009,ergs_v2,61.78333333333333,16.2,6.837035449209225,3.7248606540023323,1997.0,2019.0,0.0,0.0,78.0,58.625,3600.0,8.0,22.961017700028606,1920.0,0.020833333333333332,0.0,0.0,1.0,0.6927083333333334,-0.4289720445797869,0.0,0.9986437680868898
cologne8,variable,1013,fixed,70.5625,24.670833333333334,6.25213685466472,6.161855835167525,1967.0,1993.0,0.0,0.0,82.0,144.0,3600.0,8.0,16.647273499984294,0.0,0.0,0.0,0.0,0.0,0.0,0.0,0.0,0.0
cologne8,variable,1013,max_pressure,71.65416666666667,25.9375,5.7469106541434565,9.946175700773882,1961.0,1993.0,0.0,0.0,60.0,47.875,3600.0,8.0,23.613696299958974,0.0,0.0,0.0,0.0,0.0,0.0,0.0,0.0,0.0
cologne8,variable,1013,ppo_ensemble,61.645833333333336,15.616666666666667,6.878543060781465,3.384409038000086,1968.0,1993.0,0.0,0.0,78.0,59.375,3600.0,8.0,19.53897200000938,0.0,0.0,0.0,0.0,0.0,0.0,0.0,0.0,0.0
cologne8,variable,1013,lightgpt_direct,71.1875,25.2625,6.044721180088539,8.30417570093311,1961.0,1993.0,0.0,0.0,52.0,41.75,3600.0,8.0,21.407330699963495,1920.0,1.0,0.2375,0.9921875,0.0078125,0.0,0.0,0.0,0.5944870312200637
cologne8,variable,1013,lightgpt_review,61.645833333333336,15.616666666666667,6.878543060781465,3.384409038000086,1968.0,1993.0,0.0,0.0,78.0,59.375,3600.0,8.0,21.148192699998617,1920.0,1.0,0.0,0.9682291666666667,0.03177083333333333,0.0,0.0,0.0,0.9200895974428437
cologne8,variable,1013,ergs_no_event,61.645833333333336,15.616666666666667,6.878543060781465,3.384409038000086,1968.0,1993.0,0.0,0.0,78.0,59.375,3600.0,8.0,109.13365430000704,1920.0,1.0,0.0,0.0,1.0,0.0,-0.4302206512026305,0.0,0.9200895974428437
cologne8,variable,1013,ergs_no_guard,61.645833333333336,15.616666666666667,6.878543060781465,3.384409038000086,1968.0,1993.0,0.0,0.0,78.0,59.375,3600.0,8.0,18.521101500024088,1920.0,0.020833333333333332,0.0,0.0,1.0,0.671875,0.0,0.0,0.9984179271904753
cologne8,variable,1013,ergs_no_calibration,61.645833333333336,15.616666666666667,6.878543060781465,3.384409038000086,1968.0,1993.0,0.0,0.0,78.0,59.375,3600.0,8.0,22.6786468999926,1920.0,0.020833333333333332,0.0,0.0,1.0,0.671875,0.0,0.0,0.9984179271904753
cologne8,variable,1013,ergs_no_hysteresis,61.645833333333336,15.616666666666667,6.878543060781465,3.384409038000086,1968.0,1993.0,0.0,0.0,78.0,59.375,3600.0,8.0,20.544747699983418,1920.0,0.020833333333333332,0.0,0.0,1.0,0.6520833333333333,-0.4289720445797869,0.0,0.9986096244577934
cologne8,variable,1013,ergs_v2,61.645833333333336,15.616666666666667,6.878543060781465,3.384409038000086,1968.0,1993.0,0.0,0.0,78.0,59.375,3600.0,8.0,21.397414200007915,1920.0,0.020833333333333332,0.0,0.0,1.0,0.671875,-0.4322450090866109,0.0,0.9984179271904753
cologne8,variable,1019,fixed,71.59583333333333,24.945833333333333,6.324830854897945,5.9832726787206205,1999.0,2032.0,0.0,0.0,74.0,144.0,3600.0,8.0,17.35358440002892,0.0,0.0,0.0,0.0,0.0,0.0,0.0,0.0,0.0
cologne8,variable,1019,max_pressure,75.26666666666667,28.333333333333332,5.711245971235223,10.199054361815193,2001.0,2032.0,0.0,0.0,108.0,48.25,3600.0,8.0,24.57093199994415,0.0,0.0,0.0,0.0,0.0,0.0,0.0,0.0,0.0
cologne8,variable,1019,ppo_ensemble,62.079166666666666,15.641666666666667,6.948434484583561,3.2585033436792568,2008.0,2032.0,0.0,0.0,58.0,60.0,3600.0,8.0,18.090497700031847,0.0,0.0,0.0,0.0,0.0,0.0,0.0,0.0,0.0
cologne8,variable,1019,lightgpt_direct,66.75,21.045833333333334,6.229445271148684,7.954626887543644,1994.0,2032.0,0.0,0.0,72.0,41.75,3600.0,8.0,20.396222400013357,1920.0,1.0,0.23489583333333333,0.996875,0.003125,0.0,0.0,0.0,0.595208739847482
cologne8,variable,1019,lightgpt_review,62.079166666666666,15.641666666666667,6.948434484583561,3.2585033436792568,2008.0,2032.0,0.0,0.0,58.0,60.0,3600.0,8.0,19.472688000067137,1920.0,1.0,0.0,0.9703125,0.0296875,0.0,0.0,0.0,0.9189847863576694
cologne8,variable,1019,ergs_no_event,62.079166666666666,15.641666666666667,6.948434484583561,3.2585033436792568,2008.0,2032.0,0.0,0.0,58.0,60.0,3600.0,8.0,117.06463919999078,1920.0,1.0,0.0,0.0,1.0,0.0,-0.43177716465766086,0.0,0.9189847863576694
cologne8,variable,1019,ergs_no_guard,62.079166666666666,15.641666666666667,6.948434484583561,3.2585033436792568,2008.0,2032.0,0.0,0.0,58.0,60.0,3600.0,8.0,20.866068899980746,1920.0,0.020833333333333332,0.0,0.0,1.0,0.68125,0.0,0.0,0.9978769969534141
cologne8,variable,1019,ergs_no_calibration,62.079166666666666,15.641666666666667,6.948434484583561,3.2585033436792568,2008.0,2032.0,0.0,0.0,58.0,60.0,3600.0,8.0,19.4933510000119,1920.0,0.020833333333333332,0.0,0.0,1.0,0.68125,0.0,0.0,0.9978769969534141
cologne8,variable,1019,ergs_no_hysteresis,62.079166666666666,15.641666666666667,6.948434484583561,3.2585033436792568,2008.0,2032.0,0.0,0.0,58.0,60.0,3600.0,8.0,21.249075099942274,1920.0,0.020833333333333332,0.0,0.0,1.0,0.653125,-0.4387909381002591,0.0,0.9980686942207323
cologne8,variable,1019,ergs_v2,62.079166666666666,15.641666666666667,6.948434484583561,3.2585033436792568,2008.0,2032.0,0.0,0.0,58.0,60.0,3600.0,8.0,21.37126809998881,1920.0,0.020833333333333332,0.0,0.0,1.0,0.68125,-0.4420639026070832,0.0,0.9978769969534141
cologne8,variable,1021,fixed,73.0125,26.016666666666666,6.33438084981221,6.061654691515436,2037.0,2059.0,0.0,0.0,68.0,144.0,3600.0,8.0,20.677847799961455,0.0,0.0,0.0,0.0,0.0,0.0,0.0,0.0,0.0
cologne8,variable,1021,max_pressure,72.14166666666667,25.675,6.058802922605241,9.535672897601627,2030.0,2059.0,0.0,0.0,74.0,46.625,3600.0,8.0,22.81171819998417,0.0,0.0,0.0,0.0,0.0,0.0,0.0,0.0,0.0
cologne8,variable,1021,ppo_ensemble,62.55833333333333,15.4875,7.093254658693427,2.9907239502679777,2037.0,2059.0,0.0,0.0,68.0,58.5,3600.0,8.0,19.405572999967262,0.0,0.0,0.0,0.0,0.0,0.0,0.0,0.0,0.0
cologne8,variable,1021,lightgpt_direct,69.975,23.704166666666666,6.224645831734702,8.48944763774189,2031.0,2059.0,0.0,0.0,78.0,41.5,3600.0,8.0,21.07274229999166,1920.0,1.0,0.23489583333333333,0.9947916666666666,0.005208333333333333,0.0,0.0,0.0,0.5946768501350632
cologne8,variable,1021,lightgpt_review,62.55833333333333,15.4875,7.093254658693427,2.9907239502679777,2037.0,2059.0,0.0,0.0,68.0,58.5,3600.0,8.0,18.820323599968106,1920.0,1.0,0.0,0.9677083333333333,0.03229166666666667,0.0,0.0,0.0,0.9223175208794394
cologne8,variable,1021,ergs_no_event,62.55833333333333,15.4875,7.093254658693427,2.9907239502679777,2037.0,2059.0,0.0,0.0,68.0,58.5,3600.0,8.0,105.15390729997307,1920.0,1.0,0.0,0.0,1.0,0.0,-0.429183748613564,0.0,0.9223175208794394
cologne8,variable,1021,ergs_no_guard,62.55833333333333,15.4875,7.093254658693427,2.9907239502679777,2037.0,2059.0,0.0,0.0,68.0,58.5,3600.0,8.0,19.801499199937098,1920.0,0.020833333333333332,0.0,0.0,1.0,0.6625,0.0,0.0,0.9980541725332773
cologne8,variable,1021,ergs_no_calibration,62.55833333333333,15.4875,7.093254658693427,2.9907239502679777,2037.0,2059.0,0.0,0.0,68.0,58.5,3600.0,8.0,21.259230199968442,1920.0,0.020833333333333332,0.0,0.0,1.0,0.6625,0.0,0.0,0.9980541725332773
cologne8,variable,1021,ergs_no_hysteresis,62.55833333333333,15.4875,7.093254658693427,2.9907239502679777,2037.0,2059.0,0.0,0.0,68.0,58.5,3600.0,8.0,21.85443549999036,1920.0,0.020833333333333332,0.0,0.0,1.0,0.640625,-0.4525596528003869,0.0,0.9980541725332773
cologne8,variable,1021,ergs_v2,62.55833333333333,15.4875,7.093254658693427,2.9907239502679777,2037.0,2059.0,0.0,0.0,68.0,58.5,3600.0,8.0,19.94379850011319,1920.0,0.020833333333333332,0.0,0.0,1.0,0.6625,-0.4525596528003869,0.0,0.9980541725332773
cologne8,variable,1031,fixed,71.58333333333333,25.5,6.3032772826592645,6.384343674025099,1996.0,2023.0,0.0,0.0,90.0,144.0,3600.0,8.0,20.817472799913958,0.0,0.0,0.0,0.0,0.0,0.0,0.0,0.0,0.0
cologne8,variable,1031,max_pressure,73.5,27.470833333333335,5.948432579958305,9.733068970089604,1989.0,2023.0,0.0,0.0,52.0,47.5,3600.0,8.0,25.33998839999549,0.0,0.0,0.0,0.0,0.0,0.0,0.0,0.0,0.0
cologne8,variable,1031,ppo_ensemble,60.833333333333336,15.4625,6.932761084865435,3.611153434817033,1997.0,2023.0,0.0,0.0,76.0,59.125,3600.0,8.0,20.87374509999063,0.0,0.0,0.0,0.0,0.0,0.0,0.0,0.0,0.0
cologne8,variable,1031,lightgpt_direct,65.82916666666667,21.341666666666665,6.385977417857754,7.667253219670923,1992.0,2023.0,0.0,0.0,72.0,42.375,3600.0,8.0,18.320069500012323,1920.0,1.0,0.21822916666666667,0.99375,0.00625,0.0,0.0,0.0,0.5946639150347882
cologne8,variable,1031,lightgpt_review,60.833333333333336,15.4625,6.932761084865435,3.611153434817033,1997.0,2023.0,0.0,0.0,76.0,59.125,3600.0,8.0,20.674544899957255,1920.0,1.0,0.0,0.9682291666666667,0.03177083333333333,0.0,0.0,0.0,0.9205150222001636
cologne8,variable,1031,ergs_no_event,60.833333333333336,15.4625,6.932761084865435,3.611153434817033,1997.0,2023.0,0.0,0.0,76.0,59.125,3600.0,8.0,102.01626659999602,1920.0,1.0,0.0,0.0,1.0,0.0,-0.43008427768151286,0.0,0.9205150222001636
cologne8,variable,1031,ergs_no_guard,60.833333333333336,15.4625,6.932761084865435,3.611153434817033,1997.0,2023.0,0.0,0.0,76.0,59.125,3600.0,8.0,21.09555960004218,1920.0,0.020833333333333332,0.0,0.0,1.0,0.6901041666666666,0.0,0.0,0.9976754800353348
cologne8,variable,1031,ergs_no_calibration,60.833333333333336,15.4625,6.932761084865435,3.611153434817033,1997.0,2023.0,0.0,0.0,76.0,59.125,3600.0,8.0,21.04571420000866,1920.0,0.020833333333333332,0.0,0.0,1.0,0.6901041666666666,0.0,0.0,0.9976754800353348
cologne8,variable,1031,ergs_no_hysteresis,60.833333333333336,15.4625,6.932761084865435,3.611153434817033,1997.0,2023.0,0.0,0.0,76.0,59.125,3600.0,8.0,21.233169699902646,1920.0,0.020833333333333332,0.0,0.0,1.0,0.6604166666666667,-0.44533686711390735,0.0,0.9976754800353348
cologne8,variable,1031,ergs_v2,60.833333333333336,15.4625,6.932761084865435,3.611153434817033,1997.0,2023.0,0.0,0.0,76.0,59.125,3600.0,8.0,20.066772099933587,1920.0,0.020833333333333332,0.0,0.0,1.0,0.6901041666666666,-0.44533686711390735,0.0,0.9976754800353348
cologne8,variable,1033,fixed,69.21666666666667,23.416666666666668,6.34208468544018,6.022143307216007,1993.0,2025.0,0.0,0.0,50.0,144.0,3600.0,8.0,17.387948199990205,0.0,0.0,0.0,0.0,0.0,0.0,0.0,0.0,0.0
cologne8,variable,1033,max_pressure,70.92916666666666,25.1625,6.045085854659191,9.370296553482506,1994.0,2025.0,0.0,0.0,98.0,47.375,3600.0,8.0,22.795761800021864,0.0,0.0,0.0,0.0,0.0,0.0,0.0,0.0,0.0
cologne8,variable,1033,ppo_ensemble,59.5125,14.216666666666667,7.036085803976664,3.2364940602977397,2000.0,2025.0,0.0,0.0,58.0,58.5,3600.0,8.0,19.271368099958636,0.0,0.0,0.0,0.0,0.0,0.0,0.0,0.0,0.0
cologne8,variable,1033,lightgpt_direct,64.45416666666667,19.570833333333333,6.417752890661871,7.264017492779462,1996.0,2025.0,0.0,0.0,72.0,42.0,3600.0,8.0,19.531988300033845,1920.0,1.0,0.23072916666666668,0.9942708333333333,0.005729166666666666,0.0,0.0,0.0,0.595791545362544
cologne8,variable,1033,lightgpt_review,59.5125,14.216666666666667,7.036085803976664,3.2364940602977397,2000.0,2025.0,0.0,0.0,58.0,58.5,3600.0,8.0,19.93058329995256,1920.0,1.0,0.0,0.9729166666666667,0.027083333333333334,0.0,0.0,0.0,0.9232302685260078
cologne8,variable,1033,ergs_no_event,59.5125,14.216666666666667,7.036085803976664,3.2364940602977397,2000.0,2025.0,0.0,0.0,58.0,58.5,3600.0,8.0,105.51242970000021,1920.0,1.0,0.0,0.0,1.0,0.0,-0.4317112970399631,0.0,0.9232302685260078
cologne8,variable,1033,ergs_no_guard,59.5125,14.216666666666667,7.036085803976664,3.2364940602977397,2000.0,2025.0,0.0,0.0,58.0,58.5,3600.0,8.0,18.654857199988328,1920.0,0.020833333333333332,0.0,0.0,1.0,0.6723958333333333,0.0,0.0,0.9984463607374825
cologne8,variable,1033,ergs_no_calibration,59.5125,14.216666666666667,7.036085803976664,3.2364940602977397,2000.0,2025.0,0.0,0.0,58.0,58.5,3600.0,8.0,18.895917600020766,1920.0,0.020833333333333332,0.0,0.0,1.0,0.6723958333333333,0.0,0.0,0.9984463607374825
cologne8,variable,1033,ergs_no_hysteresis,59.5125,14.216666666666667,7.036085803976664,3.2364940602977397,2000.0,2025.0,0.0,0.0,58.0,58.5,3600.0,8.0,22.449147199979052,1920.0,0.020833333333333332,0.0,0.0,1.0,0.6427083333333333,-0.44601372378673865,0.0,0.9984463607374825
cologne8,variable,1033,ergs_v2,59.5125,14.216666666666667,7.036085803976664,3.2364940602977397,2000.0,2025.0,0.0,0.0,58.0,58.5,3600.0,8.0,21.647902500000782,1920.0,0.020833333333333332,0.0,0.0,1.0,0.6723958333333333,-0.44601372378673865,0.0,0.9984463607374825
cologne8,variable,1039,fixed,72.49166666666666,25.354166666666668,6.313004898229058,6.068637998538447,2009.0,2034.0,0.0,0.0,100.0,144.0,3600.0,8.0,20.068081200006418,0.0,0.0,0.0,0.0,0.0,0.0,0.0,0.0,0.0
cologne8,variable,1039,max_pressure,70.70416666666667,24.6125,6.0509677611291774,9.328543030745095,2009.0,2034.0,0.0,0.0,96.0,47.125,3600.0,8.0,25.953961300081573,0.0,0.0,0.0,0.0,0.0,0.0,0.0,0.0,0.0
cologne8,variable,1039,ppo_ensemble,64.3875,17.454166666666666,6.810075768135361,3.5170657026272583,2013.0,2034.0,0.0,0.0,74.0,59.0,3600.0,8.0,24.133241400006227,0.0,0.0,0.0,0.0,0.0,0.0,0.0,0.0,0.0
cologne8,variable,1039,lightgpt_direct,69.39583333333333,23.533333333333335,6.247524380221665,8.184102740156469,2005.0,2034.0,0.0,0.0,96.0,41.375,3600.0,8.0,18.811507999897003,1920.0,1.0,0.24114583333333334,0.9921875,0.0078125,0.0,0.0,0.0,0.5945504241048906
cologne8,variable,1039,lightgpt_review,64.3875,17.454166666666666,6.810075768135361,3.5170657026272583,2013.0,2034.0,0.0,0.0,74.0,59.0,3600.0,8.0,20.40833050000947,1920.0,1.0,0.0,0.9609375,0.0390625,0.0,0.0,0.0,0.9180198088920057
cologne8,variable,1039,ergs_no_event,64.3875,17.454166666666666,6.810075768135361,3.5170657026272583,2013.0,2034.0,0.0,0.0,74.0,59.0,3600.0,8.0,107.12484720000066,1920.0,1.0,0.0,0.0,1.0,0.0,-0.4268184569267894,0.0,0.9180198088920057
cologne8,variable,1039,ergs_no_guard,64.3875,17.454166666666666,6.810075768135361,3.5170657026272583,2013.0,2034.0,0.0,0.0,74.0,59.0,3600.0,8.0,18.74099419999402,1920.0,0.020833333333333332,0.0,0.0,1.0,0.6786458333333333,0.0,0.0,0.9982487122042317
cologne8,variable,1039,ergs_no_calibration,64.3875,17.454166666666666,6.810075768135361,3.5170657026272583,2013.0,2034.0,0.0,0.0,74.0,59.0,3600.0,8.0,23.20387650001794,1920.0,0.020833333333333332,0.0,0.0,1.0,0.6786458333333333,0.0,0.0,0.9982487122042317
cologne8,variable,1039,ergs_no_hysteresis,64.3875,17.454166666666666,6.810075768135361,3.5170657026272583,2013.0,2034.0,0.0,0.0,74.0,59.0,3600.0,8.0,23.829095000051893,1920.0,0.020833333333333332,0.0,0.0,1.0,0.6510416666666666,-0.4217492588933073,0.0,0.9982487122042317
cologne8,variable,1039,ergs_v2,64.3875,17.454166666666666,6.810075768135361,3.5170657026272583,2013.0,2034.0,0.0,0.0,74.0,59.0,3600.0,8.0,21.925246999948286,1920.0,0.020833333333333332,0.0,0.0,1.0,0.6786458333333333,-0.4217492588933073,0.0,0.9982487122042317
cologne8,variable,1049,fixed,71.6375,25.3375,6.262414402677202,6.152383488629485,1983.0,2003.0,0.0,0.0,74.0,144.0,3600.0,8.0,18.78624230006244,0.0,0.0,0.0,0.0,0.0,0.0,0.0,0.0,0.0
cologne8,variable,1049,max_pressure,69.925,24.770833333333332,6.048360436083438,9.665759781706782,1981.0,2003.0,0.0,0.0,72.0,47.375,3600.0,8.0,19.95421230001375,0.0,0.0,0.0,0.0,0.0,0.0,0.0,0.0,0.0
cologne8,variable,1049,ppo_ensemble,62.170833333333334,16.145833333333332,6.897818271604516,3.2860017385259517,1985.0,2003.0,0.0,0.0,54.0,59.875,3600.0,8.0,17.23706349998247,0.0,0.0,0.0,0.0,0.0,0.0,0.0,0.0,0.0
cologne8,variable,1049,lightgpt_direct,68.32916666666667,22.720833333333335,6.031856640489427,8.079249627437951,1978.0,2003.0,0.0,0.0,90.0,42.5,3600.0,8.0,21.135811200016178,1920.0,1.0,0.24166666666666667,0.9932291666666667,0.0067708333333333336,0.0,0.0,0.0,0.594125840020309
cologne8,variable,1049,lightgpt_review,62.170833333333334,16.145833333333332,6.897818271604516,3.2860017385259517,1985.0,2003.0,0.0,0.0,54.0,59.875,3600.0,8.0,16.6045006000204,1920.0,1.0,0.0,0.9635416666666666,0.036458333333333336,0.0,0.0,0.0,0.9157195973765222
cologne8,variable,1049,ergs_no_event,62.170833333333334,16.145833333333332,6.897818271604516,3.2860017385259517,1985.0,2003.0,0.0,0.0,54.0,59.875,3600.0,8.0,108.83423049992416,1920.0,1.0,0.0,0.0,1.0,0.0,-0.42913912592865094,0.0,0.9157195973765222
cologne8,variable,1049,ergs_no_guard,62.170833333333334,16.145833333333332,6.897818271604516,3.2860017385259517,1985.0,2003.0,0.0,0.0,54.0,59.875,3600.0,8.0,19.751413699937984,1920.0,0.020833333333333332,0.0,0.0,1.0,0.68125,0.0,0.0,0.9973026020923693
cologne8,variable,1049,ergs_no_calibration,62.170833333333334,16.145833333333332,6.897818271604516,3.2860017385259517,1985.0,2003.0,0.0,0.0,54.0,59.875,3600.0,8.0,18.67445329995826,1920.0,0.020833333333333332,0.0,0.0,1.0,0.68125,0.0,0.0,0.9973026020923693
cologne8,variable,1049,ergs_no_hysteresis,62.170833333333334,16.145833333333332,6.897818271604516,3.2860017385259517,1985.0,2003.0,0.0,0.0,54.0,59.875,3600.0,8.0,24.416304099955596,1920.0,0.020833333333333332,0.0,0.0,1.0,0.6536458333333334,-0.46565151082768325,0.0,0.9973026020923693
cologne8,variable,1049,ergs_v2,62.170833333333334,16.145833333333332,6.897818271604516,3.2860017385259517,1985.0,2003.0,0.0,0.0,54.0,59.875,3600.0,8.0,25.410859500057995,1920.0,0.020833333333333332,0.0,0.0,1.0,0.68125,-0.46565151082768325,0.0,0.9973026020923693
cologne8,variable,1051,fixed,72.22916666666667,25.179166666666667,6.178142396559352,6.1166070313589245,1992.0,2021.0,0.0,0.0,96.0,144.0,3600.0,8.0,19.930898300022818,0.0,0.0,0.0,0.0,0.0,0.0,0.0,0.0,0.0
cologne8,variable,1051,max_pressure,74.20416666666667,27.3875,5.856227982180003,9.781203432346517,1993.0,2021.0,0.0,0.0,94.0,46.5,3600.0,8.0,25.13606739998795,0.0,0.0,0.0,0.0,0.0,0.0,0.0,0.0,0.0
cologne8,variable,1051,ppo_ensemble,62.18333333333333,15.654166666666667,6.945281359413532,3.322109940468613,1993.0,2021.0,0.0,0.0,52.0,59.625,3600.0,8.0,23.852381799952127,0.0,0.0,0.0,0.0,0.0,0.0,0.0,0.0,0.0
cologne8,variable,1051,lightgpt_direct,65.22083333333333,19.7625,6.350827738521933,7.593234780923916,1990.0,2021.0,0.0,0.0,68.0,42.0,3600.0,8.0,23.155323599930853,1920.0,1.0,0.24427083333333333,0.9963541666666667,0.0036458333333333334,0.0,0.0,0.0,0.5950449809863959
cologne8,variable,1051,lightgpt_review,62.18333333333333,15.654166666666667,6.945281359413532,3.322109940468613,1993.0,2021.0,0.0,0.0,52.0,59.625,3600.0,8.0,21.753284699982032,1920.0,1.0,0.0,0.9677083333333333,0.03229166666666667,0.0,0.0,0.0,0.9188486042354199
cologne8,variable,1051,ergs_no_event,62.18333333333333,15.654166666666667,6.945281359413532,3.322109940468613,1993.0,2021.0,0.0,0.0,52.0,59.625,3600.0,8.0,121.16252569993958,1920.0,1.0,0.0,0.0,1.0,0.0,-0.43041111030362306,0.0,0.9188486042354199
cologne8,variable,1051,ergs_no_guard,62.18333333333333,15.654166666666667,6.945281359413532,3.322109940468613,1993.0,2021.0,0.0,0.0,52.0,59.625,3600.0,8.0,19.932886599912308,1920.0,0.020833333333333332,0.0,0.0,1.0,0.6791666666666667,0.0,0.0,0.9980674257363485
cologne8,variable,1051,ergs_no_calibration,62.18333333333333,15.654166666666667,6.945281359413532,3.322109940468613,1993.0,2021.0,0.0,0.0,52.0,59.625,3600.0,8.0,22.637547599966638,1920.0,0.020833333333333332,0.0,0.0,1.0,0.6791666666666667,0.0,0.0,0.9980674257363485
cologne8,variable,1051,ergs_no_hysteresis,62.18333333333333,15.654166666666667,6.945281359413532,3.322109940468613,1993.0,2021.0,0.0,0.0,52.0,59.625,3600.0,8.0,21.622875200002454,1920.0,0.020833333333333332,0.0,0.0,1.0,0.6572916666666667,-0.45255965280038685,0.0,0.9980674257363485
cologne8,variable,1051,ergs_v2,62.18333333333333,15.654166666666667,6.945281359413532,3.322109940468613,1993.0,2021.0,0.0,0.0,52.0,59.625,3600.0,8.0,21.54482499998994,1920.0,0.020833333333333332,0.0,0.0,1.0,0.6791666666666667,-0.45255965280038685,0.0,0.9980674257363485
cologne8,variable,1061,fixed,73.6125,26.4,6.063101236115048,6.3644060967289695,2013.0,2044.0,0.0,0.0,70.0,144.0,3600.0,8.0,19.201235199929215,0.0,0.0,0.0,0.0,0.0,0.0,0.0,0.0,0.0
cologne8,variable,1061,max_pressure,75.44583333333334,28.6875,5.692584545850549,10.20940604785128,2009.0,2044.0,0.0,0.0,72.0,45.625,3600.0,8.0,26.043590800021775,0.0,0.0,0.0,0.0,0.0,0.0,0.0,0.0,0.0
cologne8,variable,1061,ppo_ensemble,63.75833333333333,17.045833333333334,6.835913196922489,3.5291529960769856,2015.0,2044.0,0.0,0.0,76.0,57.625,3600.0,8.0,19.34234870004002,0.0,0.0,0.0,0.0,0.0,0.0,0.0,0.0,0.0
cologne8,variable,1061,lightgpt_direct,70.66666666666667,24.345833333333335,6.169861579022389,8.059665410615859,2013.0,2044.0,0.0,0.0,94.0,41.0,3600.0,8.0,19.521011099917814,1920.0,1.0,0.24166666666666667,0.9958333333333333,0.004166666666666667,0.0,0.0,0.0,0.594779520995578
cologne8,variable,1061,lightgpt_review,63.75833333333333,17.045833333333334,6.835913196922489,3.5291529960769856,2015.0,2044.0,0.0,0.0,76.0,57.625,3600.0,8.0,21.447689599939622,1920.0,1.0,0.0,0.9703125,0.0296875,0.0,0.0,0.0,0.9243814600933877
cologne8,variable,1061,ergs_no_event,63.75833333333333,17.045833333333334,6.835913196922489,3.5291529960769856,2015.0,2044.0,0.0,0.0,76.0,57.625,3600.0,8.0,111.55525129998568,1920.0,1.0,0.0,0.0,1.0,0.0,-0.4297997486014546,0.0,0.9243814600933877
cologne8,variable,1061,ergs_no_guard,63.75833333333333,17.045833333333334,6.835913196922489,3.5291529960769856,2015.0,2044.0,0.0,0.0,76.0,57.625,3600.0,8.0,19.348416100023314,1920.0,0.020833333333333332,0.0,0.0,1.0,0.6916666666666667,0.0,0.0,0.9982497046313065
cologne8,variable,1061,ergs_no_calibration,63.75833333333333,17.045833333333334,6.835913196922489,3.5291529960769856,2015.0,2044.0,0.0,0.0,76.0,57.625,3600.0,8.0,21.556600499898195,1920.0,0.020833333333333332,0.0,0.0,1.0,0.6916666666666667,0.0,0.0,0.9982497046313065
cologne8,variable,1061,ergs_no_hysteresis,63.75833333333333,17.045833333333334,6.835913196922489,3.5291529960769856,2015.0,2044.0,0.0,0.0,76.0,57.625,3600.0,8.0,20.608838899992406,1920.0,0.020833333333333332,0.0,0.0,1.0,0.6682291666666667,-0.43879093810025915,0.0,0.998058704304898
cologne8,variable,1061,ergs_v2,63.75833333333333,17.045833333333334,6.835913196922489,3.5291529960769856,2015.0,2044.0,0.0,0.0,76.0,57.625,3600.0,8.0,18.59702099999413,1920.0,0.020833333333333332,0.0,0.0,1.0,0.6916666666666667,-0.435517973593435,0.0,0.9982497046313065
cologne8,variable,1063,fixed,73.08333333333333,25.854166666666668,6.208653794030075,6.187665808563884,2018.0,2048.0,0.0,0.0,76.0,144.0,3600.0,8.0,20.273490899940953,0.0,0.0,0.0,0.0,0.0,0.0,0.0,0.0,0.0
cologne8,variable,1063,max_pressure,72.47083333333333,25.275,6.021798336377307,9.059211087017996,2024.0,2048.0,0.0,0.0,122.0,46.875,3600.0,8.0,24.68417300004512,0.0,0.0,0.0,0.0,0.0,0.0,0.0,0.0,0.0
cologne8,variable,1063,ppo_ensemble,64.04583333333333,16.683333333333334,6.881763154976327,3.374181865151121,2021.0,2048.0,0.0,0.0,84.0,58.625,3600.0,8.0,18.461025399970822,0.0,0.0,0.0,0.0,0.0,0.0,0.0,0.0,0.0
cologne8,variable,1063,lightgpt_direct,70.49583333333334,24.120833333333334,6.189317761617684,8.802033808330965,2018.0,2048.0,0.0,0.0,94.0,41.0,3600.0,8.0,18.812382300035097,1920.0,1.0,0.2526041666666667,0.9927083333333333,0.007291666666666667,0.0,0.0,0.0,0.5939993303602269
cologne8,variable,1063,lightgpt_review,64.04583333333333,16.683333333333334,6.881763154976327,3.374181865151121,2021.0,2048.0,0.0,0.0,84.0,58.625,3600.0,8.0,21.242701799958013,1920.0,1.0,0.0,0.9651041666666667,0.034895833333333334,0.0,0.0,0.0,0.9198219374792429
cologne8,variable,1063,ergs_no_event,64.04583333333333,16.683333333333334,6.881763154976327,3.374181865151121,2021.0,2048.0,0.0,0.0,84.0,58.625,3600.0,8.0,138.0945235999534,1920.0,1.0,0.0,0.0,1.0,0.0,-0.4285677486256734,0.0,0.9198219374792429
cologne8,variable,1063,ergs_no_guard,64.04583333333333,16.683333333333334,6.881763154976327,3.374181865151121,2021.0,2048.0,0.0,0.0,84.0,58.625,3600.0,8.0,21.540437299991027,1920.0,0.020833333333333332,0.0,0.0,1.0,0.6864583333333333,0.0,0.0,0.9986331618646604
cologne8,variable,1063,ergs_no_calibration,64.04583333333333,16.683333333333334,6.881763154976327,3.374181865151121,2021.0,2048.0,0.0,0.0,84.0,58.625,3600.0,8.0,19.699236400076188,1920.0,0.020833333333333332,0.0,0.0,1.0,0.6864583333333333,0.0,0.0,0.9986331618646604
cologne8,variable,1063,ergs_no_hysteresis,64.04583333333333,16.683333333333334,6.881763154976327,3.374181865151121,2021.0,2048.0,0.0,0.0,84.0,58.625,3600.0,8.0,22.922801699955016,1920.0,0.020833333333333332,0.0,0.0,1.0,0.6625,-0.415203329879659,0.0,0.9986331618646604
cologne8,variable,1063,ergs_v2,64.04583333333333,16.683333333333334,6.881763154976327,3.374181865151121,2021.0,2048.0,0.0,0.0,84.0,58.625,3600.0,8.0,22.971583200036548,1920.0,0.020833333333333332,0.0,0.0,1.0,0.6864583333333333,-0.415203329879659,0.0,0.9986331618646604
cologne8,variable,1069,fixed,70.875,24.420833333333334,6.244744847746324,5.930800224402448,2008.0,2036.0,0.0,0.0,76.0,144.0,3600.0,8.0,20.722994500072673,0.0,0.0,0.0,0.0,0.0,0.0,0.0,0.0,0.0
cologne8,variable,1069,max_pressure,70.9625,24.879166666666666,5.948717970115481,9.264251062285673,2007.0,2036.0,0.0,0.0,56.0,47.25,3600.0,8.0,23.912804499967024,0.0,0.0,0.0,0.0,0.0,0.0,0.0,0.0,0.0
cologne8,variable,1069,ppo_ensemble,64.44166666666666,17.133333333333333,6.6225273059714915,3.5327329251854596,2010.0,2036.0,0.0,0.0,60.0,60.62500000000001,3600.0,8.0,19.81999869993888,0.0,0.0,0.0,0.0,0.0,0.0,0.0,0.0,0.0
cologne8,variable,1069,lightgpt_direct,69.81666666666666,23.979166666666668,6.049372189321826,8.687398603702503,2006.0,2036.0,0.0,0.0,52.0,41.75,3600.0,8.0,18.442074399907142,1920.0,1.0,0.24114583333333334,0.99375,0.00625,0.0,0.0,0.0,0.5938580498327468
cologne8,variable,1069,lightgpt_review,64.44166666666666,17.133333333333333,6.6225273059714915,3.5327329251854596,2010.0,2036.0,0.0,0.0,60.0,60.62500000000001,3600.0,8.0,20.38117969990708,1920.0,1.0,0.0,0.9671875,0.0328125,0.0,0.0,0.0,0.9141136121997147
cologne8,variable,1069,ergs_no_event,64.44166666666666,17.133333333333333,6.6225273059714915,3.5327329251854596,2010.0,2036.0,0.0,0.0,60.0,60.62500000000001,3600.0,8.0,110.9344336000504,1920.0,1.0,0.0,0.0,1.0,0.0,-0.4316925575735569,0.0,0.9141136121997147
cologne8,variable,1069,ergs_no_guard,64.44166666666666,17.133333333333333,6.6225273059714915,3.5327329251854596,2010.0,2036.0,0.0,0.0,60.0,60.62500000000001,3600.0,8.0,17.572743299999274,1920.0,0.020833333333333332,0.0,0.0,1.0,0.6932291666666667,0.0,0.0,0.9992184139922493
cologne8,variable,1069,ergs_no_calibration,64.44166666666666,17.133333333333333,6.6225273059714915,3.5327329251854596,2010.0,2036.0,0.0,0.0,60.0,60.62500000000001,3600.0,8.0,20.581187600037083,1920.0,0.020833333333333332,0.0,0.0,1.0,0.6932291666666667,0.0,0.0,0.9992184139922493
cologne8,variable,1069,ergs_no_hysteresis,64.44166666666666,17.133333333333333,6.6225273059714915,3.5327329251854596,2010.0,2036.0,0.0,0.0,60.0,60.62500000000001,3600.0,8.0,20.45701629994437,1920.0,0.020833333333333332,0.0,0.0,1.0,0.6640625,-0.4361948302662664,0.0,0.9990267167249312
cologne8,variable,1069,ergs_v2,64.44166666666666,17.133333333333333,6.6225273059714915,3.5327329251854596,2010.0,2036.0,0.0,0.0,60.0,60.62500000000001,3600.0,8.0,20.45367710001301,1920.0,0.020833333333333332,0.0,0.0,1.0,0.6932291666666667,-0.43292186575944225,0.0,0.9992184139922493
cologne8,variable,1087,fixed,71.79583333333333,25.5125,6.2592653908400555,6.1670433204379975,2009.0,2033.0,0.0,0.0,54.0,144.0,3600.0,8.0,20.10663349996321,0.0,0.0,0.0,0.0,0.0,0.0,0.0,0.0,0.0
cologne8,variable,1087,max_pressure,69.41666666666667,23.791666666666668,6.036796622537808,9.271570636613314,2006.0,2033.0,0.0,0.0,62.0,47.5,3600.0,8.0,20.569360499968752,0.0,0.0,0.0,0.0,0.0,0.0,0.0,0.0,0.0
cologne8,variable,1087,ppo_ensemble,64.89583333333333,18.229166666666668,6.779417381786985,3.843159456230614,2012.0,2033.0,0.0,0.0,66.0,58.5,3600.0,8.0,18.470843799994327,0.0,0.0,0.0,0.0,0.0,0.0,0.0,0.0,0.0
cologne8,variable,1087,lightgpt_direct,70.75833333333334,24.883333333333333,6.112052609480352,8.870373876252556,2011.0,2033.0,0.0,0.0,48.0,41.125,3600.0,8.0,20.790878999978304,1920.0,1.0,0.2453125,0.9932291666666667,0.0067708333333333336,0.0,0.0,0.0,0.5940372062139504
cologne8,variable,1087,lightgpt_review,64.89583333333333,18.229166666666668,6.779417381786985,3.843159456230614,2012.0,2033.0,0.0,0.0,66.0,58.5,3600.0,8.0,18.531198699958622,1920.0,1.0,0.0,0.9661458333333334,0.033854166666666664,0.0,0.0,0.0,0.9205390420744557
cologne8,variable,1087,ergs_no_event,64.89583333333333,18.229166666666668,6.779417381786985,3.843159456230614,2012.0,2033.0,0.0,0.0,66.0,58.5,3600.0,8.0,113.22303760005161,1920.0,1.0,0.0,0.0,1.0,0.0,-0.4288005112687178,0.0,0.9205390420744557
cologne8,variable,1087,ergs_no_guard,64.89583333333333,18.229166666666668,6.779417381786985,3.843159456230614,2012.0,2033.0,0.0,0.0,66.0,58.5,3600.0,8.0,21.9385419000173,1920.0,0.020833333333333332,0.0,0.0,1.0,0.6817708333333333,0.0,0.0,0.9984370324780845
cologne8,variable,1087,ergs_no_calibration,64.89583333333333,18.229166666666668,6.779417381786985,3.843159456230614,2012.0,2033.0,0.0,0.0,66.0,58.5,3600.0,8.0,22.402391399955377,1920.0,0.020833333333333332,0.0,0.0,1.0,0.6817708333333333,0.0,0.0,0.9984370324780845
cologne8,variable,1087,ergs_no_hysteresis,64.89583333333333,18.229166666666668,6.779417381786985,3.843159456230614,2012.0,2033.0,0.0,0.0,66.0,58.5,3600.0,8.0,21.415714900009334,1920.0,0.020833333333333332,0.0,0.0,1.0,0.6567708333333333,-0.44601372378673865,0.0,0.9984370324780845
cologne8,variable,1087,ergs_v2,64.89583333333333,18.229166666666668,6.779417381786985,3.843159456230614,2012.0,2033.0,0.0,0.0,66.0,58.5,3600.0,8.0,21.09560020000208,1920.0,0.020833333333333332,0.0,0.0,1.0,0.6817708333333333,-0.44601372378673865,0.0,0.9984370324780845
cologne8,variable,1091,fixed,69.3625,23.933333333333334,6.349197003324794,6.082646076223773,2025.0,2046.0,0.0,0.0,74.0,144.0,3600.0,8.0,19.03658049996011,0.0,0.0,0.0,0.0,0.0,0.0,0.0,0.0,0.0
cologne8,variable,1091,max_pressure,71.2875,25.345833333333335,5.920500643583312,9.76908404753577,2015.0,2046.0,0.0,0.0,128.0,45.125,3600.0,8.0,21.401105100056157,0.0,0.0,0.0,0.0,0.0,0.0,0.0,0.0,0.0
cologne8,variable,1091,ppo_ensemble,61.920833333333334,15.795833333333333,6.983447850525187,3.430743171436086,2025.0,2046.0,0.0,0.0,48.0,57.5,3600.0,8.0,17.589780499925837,0.0,0.0,0.0,0.0,0.0,0.0,0.0,0.0,0.0
cologne8,variable,1091,lightgpt_direct,64.70416666666667,19.7625,6.40118753307184,7.166727745205701,2018.0,2046.0,0.0,0.0,58.0,42.0,3600.0,8.0,20.757610699976794,1920.0,1.0,0.234375,0.9958333333333333,0.004166666666666667,0.0,0.0,0.0,0.5959248729773338
cologne8,variable,1091,lightgpt_review,61.920833333333334,15.795833333333333,6.983447850525187,3.430743171436086,2025.0,2046.0,0.0,0.0,48.0,57.5,3600.0,8.0,18.050887800054625,1920.0,1.0,0.0,0.9651041666666667,0.034895833333333334,0.0,0.0,0.0,0.9227340355266234
cologne8,variable,1091,ergs_no_event,61.920833333333334,15.795833333333333,6.983447850525187,3.430743171436086,2025.0,2046.0,0.0,0.0,48.0,57.5,3600.0,8.0,106.76852639997378,1920.0,1.0,0.0,0.0,1.0,0.0,-0.42754494721729086,0.0,0.9227340355266234
cologne8,variable,1091,ergs_no_guard,61.920833333333334,15.795833333333333,6.983447850525187,3.430743171436086,2025.0,2046.0,0.0,0.0,48.0,57.5,3600.0,8.0,18.005386699922383,1920.0,0.020833333333333332,0.0,0.0,1.0,0.678125,0.0,0.0,0.9984429264320454
cologne8,variable,1091,ergs_no_calibration,61.920833333333334,15.795833333333333,6.983447850525187,3.430743171436086,2025.0,2046.0,0.0,0.0,48.0,57.5,3600.0,8.0,20.779827799997292,1920.0,0.020833333333333332,0.0,0.0,1.0,0.678125,0.0,0.0,0.9984429264320454
cologne8,variable,1091,ergs_no_hysteresis,61.920833333333334,15.795833333333333,6.983447850525187,3.430743171436086,2025.0,2046.0,0.0,0.0,48.0,57.5,3600.0,8.0,22.668959700036794,1920.0,0.020833333333333332,0.0,0.0,1.0,0.6520833333333333,-0.44601372378673865,0.0,0.9984429264320454
cologne8,variable,1091,ergs_v2,61.920833333333334,15.795833333333333,6.983447850525187,3.430743171436086,2025.0,2046.0,0.0,0.0,48.0,57.5,3600.0,8.0,23.468999100034125,1920.0,0.020833333333333332,0.0,0.0,1.0,0.678125,-0.44601372378673865,0.0,0.9984429264320454
cologne8,variable,1093,fixed,70.16666666666667,24.625,6.370121530554569,6.121155981085013,1978.0,2003.0,0.0,0.0,76.0,144.0,3600.0,8.0,18.366083699977025,0.0,0.0,0.0,0.0,0.0,0.0,0.0,0.0,0.0
cologne8,variable,1093,max_pressure,69.45833333333333,24.116666666666667,6.103773441951085,9.471798014609742,1969.0,2003.0,0.0,0.0,84.0,46.125,3600.0,8.0,25.47821319999639,0.0,0.0,0.0,0.0,0.0,0.0,0.0,0.0,0.0
cologne8,variable,1093,ppo_ensemble,60.37083333333333,14.7875,7.013228874167828,3.101301047401016,1981.0,2003.0,0.0,0.0,50.0,58.125,3600.0,8.0,21.09394729998894,0.0,0.0,0.0,0.0,0.0,0.0,0.0,0.0,0.0
cologne8,variable,1093,lightgpt_direct,66.70416666666667,21.391666666666666,6.337925017652473,7.784407777033118,1975.0,2003.0,0.0,0.0,70.0,42.25,3600.0,8.0,20.77961420000065,1920.0,1.0,0.23854166666666668,0.9953125,0.0046875,0.0,0.0,0.0,0.5954127592996896
cologne8,variable,1093,lightgpt_review,60.37083333333333,14.7875,7.013228874167828,3.101301047401016,1981.0,2003.0,0.0,0.0,50.0,58.125,3600.0,8.0,18.940980999963358,1920.0,1.0,0.0,0.9682291666666667,0.03177083333333333,0.0,0.0,0.0,0.920913585794994
cologne8,variable,1093,ergs_no_event,60.37083333333333,14.7875,7.013228874167828,3.101301047401016,1981.0,2003.0,0.0,0.0,50.0,58.125,3600.0,8.0,101.86664190003648,1920.0,1.0,0.0,0.0,1.0,0.0,-0.4298797173998363,0.0,0.920913585794994
cologne8,variable,1093,ergs_no_guard,60.37083333333333,14.7875,7.013228874167828,3.101301047401016,1981.0,2003.0,0.0,0.0,50.0,58.125,3600.0,8.0,20.855417100014165,1920.0,0.020833333333333332,0.0,0.0,1.0,0.6635416666666667,0.0,0.0,0.9982618480685872
cologne8,variable,1093,ergs_no_calibration,60.37083333333333,14.7875,7.013228874167828,3.101301047401016,1981.0,2003.0,0.0,0.0,50.0,58.125,3600.0,8.0,20.884787300019525,1920.0,0.020833333333333332,0.0,0.0,1.0,0.6635416666666667,0.0,0.0,0.9982618480685872
cologne8,variable,1093,ergs_no_hysteresis,60.37083333333333,14.7875,7.013228874167828,3.101301047401016,1981.0,2003.0,0.0,0.0,50.0,58.125,3600.0,8.0,21.224722200073302,1920.0,0.020833333333333332,0.0,0.0,1.0,0.6395833333333333,-0.435517973593435,0.0,0.9982618480685872
cologne8,variable,1093,ergs_v2,60.37083333333333,14.7875,7.013228874167828,3.101301047401016,1981.0,2003.0,0.0,0.0,50.0,58.125,3600.0,8.0,22.216631199931726,1920.0,0.020833333333333332,0.0,0.0,1.0,0.6635416666666667,-0.43551797359343497,0.0,0.9982618480685872
cologne8,variable,1097,fixed,69.6,23.6625,6.385958580977441,5.799797837578323,2006.0,2032.0,0.0,0.0,98.0,144.0,3600.0,8.0,20.708517999970354,0.0,0.0,0.0,0.0,0.0,0.0,0.0,0.0,0.0
cologne8,variable,1097,max_pressure,75.1375,28.108333333333334,5.7917276881228394,10.093718519354262,1999.0,2032.0,0.0,0.0,80.0,47.625,3600.0,8.0,24.33124129998032,0.0,0.0,0.0,0.0,0.0,0.0,0.0,0.0,0.0
cologne8,variable,1097,ppo_ensemble,61.6625,16.020833333333332,6.902600055318618,3.613801521124298,2007.0,2032.0,0.0,0.0,72.0,58.875,3600.0,8.0,20.028728899895214,0.0,0.0,0.0,0.0,0.0,0.0,0.0,0.0,0.0
cologne8,variable,1097,lightgpt_direct,68.80416666666666,23.420833333333334,6.146877724704793,8.023979821651778,2005.0,2032.0,0.0,0.0,108.0,42.5,3600.0,8.0,19.325208900030702,1920.0,1.0,0.23958333333333334,0.9932291666666667,0.0067708333333333336,0.0,0.0,0.0,0.5941594767068145
cologne8,variable,1097,lightgpt_review,61.6625,16.020833333333332,6.902600055318618,3.613801521124298,2007.0,2032.0,0.0,0.0,72.0,58.875,3600.0,8.0,21.04170780000277,1920.0,1.0,0.0,0.9640625,0.0359375,0.0,0.0,0.0,0.9188938942544788
cologne8,variable,1097,ergs_no_event,61.6625,16.020833333333332,6.902600055318618,3.613801521124298,2007.0,2032.0,0.0,0.0,72.0,58.875,3600.0,8.0,103.92140320001636,1920.0,1.0,0.0,0.0,1.0,0.0,-0.42840317274318773,0.0,0.9188938942544788
cologne8,variable,1097,ergs_no_guard,61.6625,16.020833333333332,6.902600055318618,3.613801521124298,2007.0,2032.0,0.0,0.0,72.0,58.875,3600.0,8.0,18.96728029998485,1920.0,0.020833333333333332,0.0,0.0,1.0,0.6921875,0.0,0.0,0.9986280504026135
cologne8,variable,1097,ergs_no_calibration,61.6625,16.020833333333332,6.902600055318618,3.613801521124298,2007.0,2032.0,0.0,0.0,72.0,58.875,3600.0,8.0,21.266461099963635,1920.0,0.020833333333333332,0.0,0.0,1.0,0.6921875,0.0,0.0,0.9986280504026135
cologne8,variable,1097,ergs_no_hysteresis,61.6625,16.020833333333332,6.902600055318618,3.613801521124298,2007.0,2032.0,0.0,0.0,72.0,58.875,3600.0,8.0,23.594034499954432,1920.0,0.020833333333333332,0.0,0.0,1.0,0.6677083333333333,-0.44274075927991463,0.0,0.9986280504026135
cologne8,variable,1097,ergs_v2,61.6625,16.020833333333332,6.902600055318618,3.613801521124298,2007.0,2032.0,0.0,0.0,72.0,58.875,3600.0,8.0,20.59476080001332,1920.0,0.020833333333333332,0.0,0.0,1.0,0.6921875,-0.44274075927991463,0.0,0.9986280504026135
cologne8,variable,1103,fixed,74.99583333333334,27.254166666666666,6.082972046770276,6.3488853785905475,1992.0,2022.0,0.0,0.0,76.0,144.0,3600.0,8.0,19.726723700063303,0.0,0.0,0.0,0.0,0.0,0.0,0.0,0.0,0.0
cologne8,variable,1103,max_pressure,72.99166666666666,25.8125,5.877347691807943,9.732834184631903,1985.0,2022.0,0.0,0.0,92.0,48.375,3600.0,8.0,24.582197799929418,0.0,0.0,0.0,0.0,0.0,0.0,0.0,0.0,0.0
cologne8,variable,1103,ppo_ensemble,62.5625,15.995833333333334,6.924983804850294,3.3972716202631363,1992.0,2022.0,0.0,0.0,82.0,59.375,3600.0,8.0,24.766088900039904,0.0,0.0,0.0,0.0,0.0,0.0,0.0,0.0,0.0
cologne8,variable,1103,lightgpt_direct,73.20833333333333,26.1875,6.086300089873607,8.511529576561205,1987.0,2022.0,0.0,0.0,86.0,42.125,3600.0,8.0,18.011215499951504,1920.0,1.0,0.24322916666666666,0.9890625,0.0109375,0.0,0.0,0.0,0.5938228428454323
cologne8,variable,1103,lightgpt_review,62.5625,15.995833333333334,6.924983804850294,3.3972716202631363,1992.0,2022.0,0.0,0.0,82.0,59.375,3600.0,8.0,19.250466700061224,1920.0,1.0,0.0,0.9697916666666667,0.030208333333333334,0.0,0.0,0.0,0.9197038843686526
cologne8,variable,1103,ergs_no_event,62.5625,15.995833333333334,6.924983804850294,3.3972716202631363,1992.0,2022.0,0.0,0.0,82.0,59.375,3600.0,8.0,107.5650820999872,1920.0,1.0,0.0,0.0,1.0,0.0,-0.431285756153065,0.0,0.9197038843686526
cologne8,variable,1103,ergs_no_guard,62.5625,15.995833333333334,6.924983804850294,3.3972716202631363,1992.0,2022.0,0.0,0.0,82.0,59.375,3600.0,8.0,20.38157540000975,1920.0,0.020833333333333332,0.0,0.0,1.0,0.6932291666666667,0.0,0.0,0.9984520491418972
cologne8,variable,1103,ergs_no_calibration,62.5625,15.995833333333334,6.924983804850294,3.3972716202631363,1992.0,2022.0,0.0,0.0,82.0,59.375,3600.0,8.0,23.124189299996942,1920.0,0.020833333333333332,0.0,0.0,1.0,0.6932291666666667,0.0,0.0,0.9984520491418972
cologne8,variable,1103,ergs_no_hysteresis,62.5625,15.995833333333334,6.924983804850294,3.3972716202631363,1992.0,2022.0,0.0,0.0,82.0,59.375,3600.0,8.0,22.82014830003027,1920.0,0.020833333333333332,0.0,0.0,1.0,0.6635416666666667,-0.4492866882935628,0.0,0.9982603518745791
cologne8,variable,1103,ergs_v2,62.5625,15.995833333333334,6.924983804850294,3.3972716202631363,1992.0,2022.0,0.0,0.0,82.0,59.375,3600.0,8.0,21.731704199919477,1920.0,0.020833333333333332,0.0,0.0,1.0,0.6932291666666667,-0.44601372378673865,0.0,0.9984520491418972
moscow,high,1001,fixed,522.6708333333333,364.4291666666667,4.31186924755177,51.859248389249075,1496.0,2668.0,79.0,0.0,30.0,159.0,3600.0,10.0,50.2512687999988,0.0,0.0,0.0,0.0,0.0,0.0,0.0,0.0,0.0
moscow,high,1001,max_pressure,532.1375,373.1958333333333,4.295186361483041,50.85699837198183,1493.0,2676.0,82.0,0.0,28.0,50.8,3600.0,10.0,62.211810900014825,0.0,0.0,0.0,0.0,0.0,0.0,0.0,0.0,0.0
moscow,high,1001,ppo_ensemble,657.5333333333333,522.65,3.6915921100286253,68.35301638130368,1111.0,2591.0,191.0,0.0,24.0,58.6,3600.0,10.0,63.2338886000216,0.0,0.0,0.0,0.0,0.0,0.0,0.0,0.0,0.0
moscow,high,1001,lightgpt_direct,603.8291666666667,446.62083333333334,3.93446080650783,59.448049341927714,1360.0,2647.0,117.0,0.0,30.0,56.1,3600.0,10.0,58.903309800080024,2400.0,1.0,0.16625,0.9079166666666667,0.09208333333333334,0.0,0.0,0.0,0.5803588218989388
moscow,high,1001,lightgpt_review,657.5333333333333,522.65,3.6915921100286253,68.35301638130368,1111.0,2591.0,191.0,0.0,24.0,58.6,3600.0,10.0,67.12575180002023,2400.0,1.0,0.0,0.9045833333333333,0.09541666666666666,0.0,0.0,0.0,0.9132766815030826
moscow,high,1001,ergs_no_event,657.5333333333333,522.65,3.6915921100286253,68.35301638130368,1111.0,2591.0,191.0,0.0,24.0,58.6,3600.0,10.0,182.9174786999356,2400.0,1.0,0.0,0.0,1.0,0.0,-0.3958087539111417,0.0,0.9132766815030826
moscow,high,1001,ergs_no_guard,657.5333333333333,522.65,3.6915921100286253,68.35301638130368,1111.0,2591.0,191.0,0.0,24.0,58.6,3600.0,10.0,63.26587360003032,2400.0,0.020833333333333332,0.0,0.0,1.0,0.7583333333333333,0.0,0.0,0.9985110486323472
moscow,high,1001,ergs_no_calibration,657.5333333333333,522.65,3.6915921100286253,68.35301638130368,1111.0,2591.0,191.0,0.0,24.0,58.6,3600.0,10.0,66.9295125999488,2400.0,0.020833333333333332,0.0,0.0,1.0,0.7583333333333333,0.0,0.0,0.9985110486323472
moscow,high,1001,ergs_no_hysteresis,657.5333333333333,522.65,3.6915921100286253,68.35301638130368,1111.0,2591.0,191.0,0.0,24.0,58.6,3600.0,10.0,67.87617740000132,2400.0,0.020833333333333332,0.0,0.0,1.0,0.7383333333333333,-0.39933546514087054,0.0,0.9985110486323472
moscow,high,1001,ergs_v2,657.5333333333333,522.65,3.6915921100286253,68.35301638130368,1111.0,2591.0,191.0,0.0,24.0,58.6,3600.0,10.0,69.58752090006601,2400.0,0.020833333333333332,0.0,0.0,1.0,0.7583333333333333,-0.39933546514087054,0.0,0.9985110486323472
moscow,high,1003,fixed,608.3125,448.3375,3.874120973324025,60.353421021000166,1305.0,2655.0,95.0,0.0,18.0,159.0,3600.0,10.0,59.211890700040385,0.0,0.0,0.0,0.0,0.0,0.0,0.0,0.0,0.0
moscow,high,1003,max_pressure,558.975,413.375,4.1956713336741185,56.1092997982891,1336.0,2681.0,117.0,0.0,26.0,50.3,3600.0,10.0,64.69516130001284,0.0,0.0,0.0,0.0,0.0,0.0,0.0,0.0,0.0
moscow,high,1003,ppo_ensemble,624.1708333333333,475.775,3.881099001143015,59.929714630617845,1251.0,2659.0,116.0,0.0,20.0,56.6,3600.0,10.0,57.456162900081836,0.0,0.0,0.0,0.0,0.0,0.0,0.0,0.0,0.0
moscow,high,1003,lightgpt_direct,590.1791666666667,425.1041666666667,4.079807045609316,57.06302446690844,1389.0,2677.0,88.0,0.0,20.0,54.3,3600.0,10.0,55.27934130001813,2400.0,1.0,0.19375,0.9154166666666667,0.08458333333333333,0.0,0.0,0.0,0.5801696204598374
moscow,high,1003,lightgpt_review,624.1708333333333,475.775,3.881099001143015,59.929714630617845,1251.0,2659.0,116.0,0.0,20.0,56.6,3600.0,10.0,64.00493870000355,2400.0,1.0,0.0,0.9270833333333334,0.07291666666666667,0.0,0.0,0.0,0.9217053132639262
moscow,high,1003,ergs_no_event,624.1708333333333,475.775,3.881099001143015,59.929714630617845,1251.0,2659.0,116.0,0.0,20.0,56.6,3600.0,10.0,185.00944850000087,2400.0,1.0,0.0,0.0,1.0,0.0,-0.4054185773104562,0.0,0.9217053132639262
moscow,high,1003,ergs_no_guard,624.1708333333333,475.775,3.881099001143015,59.929714630617845,1251.0,2659.0,116.0,0.0,20.0,56.6,3600.0,10.0,60.71188219997566,2400.0,0.020833333333333332,0.0,0.0,1.0,0.7370833333333333,0.0,0.0,0.9977681148361545
moscow,high,1003,ergs_no_calibration,624.1708333333333,475.775,3.881099001143015,59.929714630617845,1251.0,2659.0,116.0,0.0,20.0,56.6,3600.0,10.0,59.76325530000031,2400.0,0.020833333333333332,0.0,0.0,1.0,0.7370833333333333,0.0,0.0,0.9977681148361545
moscow,high,1003,ergs_no_hysteresis,624.1708333333333,475.775,3.881099001143015,59.929714630617845,1251.0,2659.0,116.0,0.0,20.0,56.6,3600.0,10.0,60.853405399946496,2400.0,0.020833333333333332,0.0,0.0,1.0,0.7145833333333333,-0.4234422949282692,0.0,0.9977681148361545
moscow,high,1003,ergs_v2,624.1708333333333,475.775,3.881099001143015,59.929714630617845,1251.0,2659.0,116.0,0.0,20.0,56.6,3600.0,10.0,57.25266630004626,2400.0,0.020833333333333332,0.0,0.0,1.0,0.7370833333333333,-0.4234422949282692,0.0,0.9977681148361545
moscow,high,1007,fixed,612.1,456.6791666666667,3.967084765111214,57.526185853850386,1284.0,2674.0,103.0,0.0,22.0,159.0,3600.0,10.0,54.9273925999878,0.0,0.0,0.0,0.0,0.0,0.0,0.0,0.0,0.0
moscow,high,1007,max_pressure,589.1083333333333,439.07916666666665,4.0362854910816575,56.92994763462129,1339.0,2688.0,128.0,0.0,20.0,50.7,3600.0,10.0,61.95596950000618,0.0,0.0,0.0,0.0,0.0,0.0,0.0,0.0,0.0
moscow,high,1007,ppo_ensemble,672.7541666666667,533.7583333333333,3.500969356539026,66.3960784571271,1136.0,2627.0,151.0,0.0,18.0,57.9,3600.0,10.0,57.337787900003605,0.0,0.0,0.0,0.0,0.0,0.0,0.0,0.0,0.0
moscow,high,1007,lightgpt_direct,585.1708333333333,428.00416666666666,4.1890754909419865,55.81280621878758,1363.0,2693.0,116.0,0.0,24.0,53.9,3600.0,10.0,54.41476590000093,2400.0,1.0,0.17125,0.92125,0.07875,0.0,0.0,0.0,0.5808239434117044
moscow,high,1007,lightgpt_review,672.7541666666667,533.7583333333333,3.500969356539026,66.3960784571271,1136.0,2627.0,151.0,0.0,18.0,57.9,3600.0,10.0,60.32108370005153,2400.0,1.0,0.0,0.9179166666666667,0.08208333333333333,0.0,0.0,0.0,0.9174893911246031
moscow,high,1007,ergs_no_event,672.7541666666667,533.7583333333333,3.500969356539026,66.3960784571271,1136.0,2627.0,151.0,0.0,18.0,57.9,3600.0,10.0,168.14295080001466,2400.0,1.0,0.0,0.0,1.0,0.0,-0.4018974320235939,0.0,0.9174893911246031
moscow,high,1007,ergs_no_guard,672.7541666666667,533.7583333333333,3.500969356539026,66.3960784571271,1136.0,2627.0,151.0,0.0,18.0,57.9,3600.0,10.0,63.818256900063716,2400.0,0.020833333333333332,0.0,0.0,1.0,0.7479166666666667,0.0,0.0,0.9983426178470095
moscow,high,1007,ergs_no_calibration,672.7541666666667,533.7583333333333,3.500969356539026,66.3960784571271,1136.0,2627.0,151.0,0.0,18.0,57.9,3600.0,10.0,58.267900999984704,2400.0,0.020833333333333332,0.0,0.0,1.0,0.7479166666666667,0.0,0.0,0.9983426178470095
moscow,high,1007,ergs_no_hysteresis,672.7541666666667,533.7583333333333,3.500969356539026,66.3960784571271,1136.0,2627.0,151.0,0.0,18.0,57.9,3600.0,10.0,59.36607310001273,2400.0,0.020833333333333332,0.0,0.0,1.0,0.7295833333333334,-0.39093886498622765,0.0,0.9983243532018093
moscow,high,1007,ergs_v2,672.7541666666667,533.7583333333333,3.500969356539026,66.3960784571271,1136.0,2627.0,151.0,0.0,18.0,57.9,3600.0,10.0,57.52737049991265,2400.0,0.020833333333333332,0.0,0.0,1.0,0.7479166666666667,-0.39093886498622765,0.0,0.9983426178470095
moscow,high,1009,fixed,589.9208333333333,441.47083333333336,4.009981081840053,63.30326521752251,1290.0,2638.0,103.0,0.0,24.0,159.0,3600.0,10.0,56.049567699898034,0.0,0.0,0.0,0.0,0.0,0.0,0.0,0.0,0.0
moscow,high,1009,max_pressure,553.2125,397.3333333333333,4.206534366964301,51.29710531950685,1430.0,2687.0,102.0,0.0,30.0,51.3,3600.0,10.0,58.830132900038734,0.0,0.0,0.0,0.0,0.0,0.0,0.0,0.0,0.0
moscow,high,1009,ppo_ensemble,544.5083333333333,392.5208333333333,4.4098012396892186,53.713771451408505,1401.0,2684.0,124.0,0.0,20.0,55.9,3600.0,10.0,52.40681090008002,0.0,0.0,0.0,0.0,0.0,0.0,0.0,0.0,0.0
moscow,high,1009,lightgpt_direct,524.3583333333333,347.78333333333336,4.384527658656509,48.4279382785778,1600.0,2687.0,80.0,0.0,36.0,54.1,3600.0,10.0,52.82649940007832,2400.0,1.0,0.18,0.9295833333333333,0.07041666666666667,0.0,0.0,0.0,0.5799415677148541
moscow,high,1009,lightgpt_review,544.5083333333333,392.5208333333333,4.4098012396892186,53.713771451408505,1401.0,2684.0,124.0,0.0,20.0,55.9,3600.0,10.0,54.333796499995515,2400.0,1.0,0.0,0.9491666666666667,0.050833333333333335,0.0,0.0,0.0,0.9278279671304677
moscow,high,1009,ergs_no_event,544.5083333333333,392.5208333333333,4.4098012396892186,53.713771451408505,1401.0,2684.0,124.0,0.0,20.0,55.9,3600.0,10.0,161.46035349997692,2400.0,1.0,0.0,0.0,1.0,0.0,-0.416271756159506,0.0,0.9278279671304677
moscow,high,1009,ergs_no_guard,544.5083333333333,392.5208333333333,4.4098012396892186,53.713771451408505,1401.0,2684.0,124.0,0.0,20.0,55.9,3600.0,10.0,53.683987699914724,2400.0,0.020833333333333332,0.0,0.0,1.0,0.7270833333333333,0.0,0.0,0.9984395583308497
moscow,high,1009,ergs_no_calibration,544.5083333333333,392.5208333333333,4.4098012396892186,53.713771451408505,1401.0,2684.0,124.0,0.0,20.0,55.9,3600.0,10.0,55.908375400002114,2400.0,0.020833333333333332,0.0,0.0,1.0,0.7270833333333333,0.0,0.0,0.9984395583308497
moscow,high,1009,ergs_no_hysteresis,544.5083333333333,392.5208333333333,4.4098012396892186,53.713771451408505,1401.0,2684.0,124.0,0.0,20.0,55.9,3600.0,10.0,55.14895549998619,2400.0,0.020833333333333332,0.0,0.0,1.0,0.6995833333333333,-0.4376171236320957,0.0,0.998295324601529
moscow,high,1009,ergs_v2,544.5083333333333,392.5208333333333,4.4098012396892186,53.713771451408505,1401.0,2684.0,124.0,0.0,20.0,55.9,3600.0,10.0,59.389796799980104,2400.0,0.020833333333333332,0.0,0.0,1.0,0.7270833333333333,-0.4460137237867386,0.0,0.9984395583308497
moscow,high,1013,fixed,496.42083333333335,338.1458333333333,4.744776690361444,43.342232144368026,1532.0,2703.0,92.0,0.0,16.0,159.0,3600.0,10.0,51.858039399958216,0.0,0.0,0.0,0.0,0.0,0.0,0.0,0.0,0.0
moscow,high,1013,max_pressure,581.6375,394.93333333333334,3.8699879764989844,48.5758629862023,1500.0,2697.0,54.0,0.0,28.0,52.0,3600.0,10.0,60.47971460002009,0.0,0.0,0.0,0.0,0.0,0.0,0.0,0.0,0.0
moscow,high,1013,ppo_ensemble,741.7708333333334,584.9041666666667,2.995144078417058,67.21753484158327,1035.0,2575.0,116.0,0.0,14.0,57.7,3600.0,10.0,64.80704849993344,0.0,0.0,0.0,0.0,0.0,0.0,0.0,0.0,0.0
moscow,high,1013,lightgpt_direct,724.1791666666667,568.8166666666667,3.1344000797174028,68.99157526582931,1110.0,2630.0,129.0,0.0,26.0,57.7,3600.0,10.0,62.78493000008166,2400.0,1.0,0.19958333333333333,0.8729166666666667,0.12708333333333333,0.0,0.0,0.0,0.5769914287488536
moscow,high,1013,lightgpt_review,741.7708333333334,584.9041666666667,2.995144078417058,67.21753484158327,1035.0,2575.0,116.0,0.0,14.0,57.7,3600.0,10.0,40.099946600035764,2400.0,1.0,0.0,0.9120833333333334,0.08791666666666667,0.0,0.0,0.0,0.9184777902600574
moscow,high,1013,ergs_no_event,741.7708333333334,584.9041666666667,2.995144078417058,67.21753484158327,1035.0,2575.0,116.0,0.0,14.0,57.7,3600.0,10.0,272.7171172000235,2400.0,1.0,0.0,0.0,1.0,0.0,-0.39808468843397965,0.0,0.9184777902600574
moscow,high,1013,ergs_no_guard,741.7708333333334,584.9041666666667,2.995144078417058,67.21753484158327,1035.0,2575.0,116.0,0.0,14.0,57.7,3600.0,10.0,39.44353189994581,2400.0,0.020833333333333332,0.0,0.0,1.0,0.74625,0.0,0.0,0.9984073274757488
moscow,high,1013,ergs_no_calibration,741.7708333333334,584.9041666666667,2.995144078417058,67.21753484158327,1035.0,2575.0,116.0,0.0,14.0,57.7,3600.0,10.0,39.84637829998974,2400.0,0.020833333333333332,0.0,0.0,1.0,0.74625,0.0,0.0,0.9984073274757488
moscow,high,1013,ergs_no_hysteresis,741.7708333333334,584.9041666666667,2.995144078417058,67.21753484158327,1035.0,2575.0,116.0,0.0,14.0,57.7,3600.0,10.0,40.384598300093785,2400.0,0.020833333333333332,0.0,0.0,1.0,0.7225,-0.42398378026653427,0.0,0.9984073274757488
moscow,high,1013,ergs_v2,741.7708333333334,584.9041666666667,2.995144078417058,67.21753484158327,1035.0,2575.0,116.0,0.0,14.0,57.7,3600.0,10.0,39.60493909998331,2400.0,0.020833333333333332,0.0,0.0,1.0,0.74625,-0.42398378026653427,0.0,0.9984073274757488
moscow,high,1019,fixed,707.1875,575.8916666666667,3.3620247534157204,71.68676976566374,1026.0,2586.0,182.0,0.0,26.0,159.0,3600.0,10.0,37.58378100011032,0.0,0.0,0.0,0.0,0.0,0.0,0.0,0.0,0.0
moscow,high,1019,max_pressure,653.8666666666667,499.37916666666666,3.615117425784579,58.1476339086003,1211.0,2638.0,109.0,0.0,34.0,50.9,3600.0,10.0,39.38257120002527,0.0,0.0,0.0,0.0,0.0,0.0,0.0,0.0,0.0
moscow,high,1019,ppo_ensemble,653.3375,495.6125,3.690793394084336,58.99858372615712,1206.0,2629.0,117.0,0.0,42.0,56.3,3600.0,10.0,35.11572240001988,0.0,0.0,0.0,0.0,0.0,0.0,0.0,0.0,0.0
moscow,high,1019,lightgpt_direct,592.7,430.1041666666667,3.9885300839492697,57.219917103700595,1375.0,2671.0,99.0,0.0,28.0,54.1,3600.0,10.0,32.905990100000054,2400.0,1.0,0.20416666666666666,0.9108333333333334,0.08916666666666667,0.0,0.0,0.0,0.579762815862625
moscow,high,1019,lightgpt_review,653.3375,495.6125,3.690793394084336,58.99858372615712,1206.0,2629.0,117.0,0.0,42.0,56.3,3600.0,10.0,34.26956489996519,2400.0,1.0,0.0,0.92,0.08,0.0,0.0,0.0,0.9218028561229913
moscow,high,1019,ergs_no_event,653.3375,495.6125,3.690793394084336,58.99858372615712,1206.0,2629.0,117.0,0.0,42.0,56.3,3600.0,10.0,96.59947319992352,2400.0,1.0,0.0,0.0,1.0,0.0,-0.4014628920703062,0.0,0.9218028561229913
moscow,high,1019,ergs_no_guard,653.3375,495.6125,3.690793394084336,58.99858372615712,1206.0,2629.0,117.0,0.0,42.0,56.3,3600.0,10.0,57.13779800001066,2400.0,0.020833333333333332,0.0,0.0,1.0,0.7425,0.0,0.0,0.9991864331872485
moscow,high,1019,ergs_no_calibration,653.3375,495.6125,3.690793394084336,58.99858372615712,1206.0,2629.0,117.0,0.0,42.0,56.3,3600.0,10.0,48.73633890005294,2400.0,0.020833333333333332,0.0,0.0,1.0,0.7425,0.0,0.0,0.9991864331872485
moscow,high,1019,ergs_no_hysteresis,653.3375,495.6125,3.690793394084336,58.99858372615712,1206.0,2629.0,117.0,0.0,42.0,56.3,3600.0,10.0,37.45068469992839,2400.0,0.020833333333333332,0.0,0.0,1.0,0.7183333333333334,-0.4135102938446971,0.0,0.9990336830850959
moscow,high,1019,ergs_v2,653.3375,495.6125,3.690793394084336,58.99858372615712,1206.0,2629.0,117.0,0.0,42.0,56.3,3600.0,10.0,35.22739520005416,2400.0,0.020833333333333332,0.0,0.0,1.0,0.7425,-0.4108919222392379,0.0,0.9991864331872485
moscow,high,1021,fixed,406.1,242.38333333333333,5.666962211174215,34.03275809589646,1743.0,2733.0,50.0,0.0,22.0,159.0,3600.0,10.0,27.76638260006439,0.0,0.0,0.0,0.0,0.0,0.0,0.0,0.0,0.0
moscow,high,1021,max_pressure,563.5041666666667,404.3541666666667,4.199686337256493,54.13641547798517,1381.0,2668.0,93.0,0.0,24.0,49.6,3600.0,10.0,35.83286299998872,0.0,0.0,0.0,0.0,0.0,0.0,0.0,0.0,0.0
moscow,high,1021,ppo_ensemble,575.9916666666667,411.25,4.300972987779297,57.32293478777031,1410.0,2677.0,79.0,0.0,20.0,56.5,3600.0,10.0,31.81747810007073,0.0,0.0,0.0,0.0,0.0,0.0,0.0,0.0,0.0
moscow,high,1021,lightgpt_direct,360.2291666666667,190.95416666666668,6.1762129061666515,31.080062482783614,1927.0,2742.0,32.0,0.0,22.0,49.9,3600.0,10.0,28.836422899970785,2400.0,1.0,0.16375,0.9658333333333333,0.034166666666666665,0.0,0.0,0.0,0.5844084711309167
moscow,high,1021,lightgpt_review,575.9916666666667,411.25,4.300972987779297,57.32293478777031,1410.0,2677.0,79.0,0.0,20.0,56.5,3600.0,10.0,34.03615619998891,2400.0,1.0,0.0,0.9316666666666666,0.06833333333333333,0.0,0.0,0.0,0.9231297980741372
moscow,high,1021,ergs_no_event,575.9916666666667,411.25,4.300972987779297,57.32293478777031,1410.0,2677.0,79.0,0.0,20.0,56.5,3600.0,10.0,94.07585329993162,2400.0,1.0,0.0,0.0,1.0,0.0,-0.4077791934468051,0.0,0.9231297980741372
moscow,high,1021,ergs_no_guard,575.9916666666667,411.25,4.300972987779297,57.32293478777031,1410.0,2677.0,79.0,0.0,20.0,56.5,3600.0,10.0,34.60708910005633,2400.0,0.020833333333333332,0.0,0.0,1.0,0.71375,0.0,0.0,0.9990013311228976
moscow,high,1021,ergs_no_calibration,575.9916666666667,411.25,4.300972987779297,57.32293478777031,1410.0,2677.0,79.0,0.0,20.0,56.5,3600.0,10.0,35.433716199942864,2400.0,0.020833333333333332,0.0,0.0,1.0,0.71375,0.0,0.0,0.9990013311228976
moscow,high,1021,ergs_no_hysteresis,575.9916666666667,411.25,4.300972987779297,57.32293478777031,1410.0,2677.0,79.0,0.0,20.0,56.5,3600.0,10.0,35.67689749994315,2400.0,0.020833333333333332,0.0,0.0,1.0,0.6908333333333333,-0.4135102938446971,0.0,0.9990013311228976
moscow,high,1021,ergs_v2,575.9916666666667,411.25,4.300972987779297,57.32293478777031,1410.0,2677.0,79.0,0.0,20.0,56.5,3600.0,10.0,34.29671180003788,2400.0,0.020833333333333332,0.0,0.0,1.0,0.71375,-0.4135102938446971,0.0,0.9990013311228976
moscow,high,1031,fixed,659.025,512.3291666666667,3.574090246099842,63.56623638862964,1176.0,2634.0,143.0,0.0,24.0,159.0,3600.0,10.0,46.59717950003687,0.0,0.0,0.0,0.0,0.0,0.0,0.0,0.0,0.0
moscow,high,1031,max_pressure,596.1375,433.18333333333334,3.9196064044056276,56.37284564161206,1338.0,2637.0,95.0,0.0,20.0,51.1,3600.0,10.0,29.890608199988492,0.0,0.0,0.0,0.0,0.0,0.0,0.0,0.0,0.0
moscow,high,1031,ppo_ensemble,624.9916666666667,471.44166666666666,3.8450799396680293,62.53525266767026,1269.0,2656.0,132.0,0.0,18.0,56.0,3600.0,10.0,27.563512799912132,0.0,0.0,0.0,0.0,0.0,0.0,0.0,0.0,0.0
moscow,high,1031,lightgpt_direct,657.9791666666666,509.95416666666665,3.5308996707375044,62.639018504739546,1193.0,2636.0,124.0,0.0,24.0,56.5,3600.0,10.0,26.600806700065732,2400.0,1.0,0.19958333333333333,0.88625,0.11375,0.0,0.0,0.0,0.5772686753066968
moscow,high,1031,lightgpt_review,624.9916666666667,471.44166666666666,3.8450799396680293,62.53525266767026,1269.0,2656.0,132.0,0.0,18.0,56.0,3600.0,10.0,23.551048599998467,2400.0,1.0,0.0,0.9291666666666667,0.07083333333333333,0.0,0.0,0.0,0.9251927024591221
moscow,high,1031,ergs_no_event,624.9916666666667,471.44166666666666,3.8450799396680293,62.53525266767026,1269.0,2656.0,132.0,0.0,18.0,56.0,3600.0,10.0,88.50584939995315,2400.0,1.0,0.0,0.0,1.0,0.0,-0.40552953144163917,0.0,0.9251927024591221
moscow,high,1031,ergs_no_guard,624.9916666666667,471.44166666666666,3.8450799396680293,62.53525266767026,1269.0,2656.0,132.0,0.0,18.0,56.0,3600.0,10.0,24.00641130004078,2400.0,0.020833333333333332,0.0,0.0,1.0,0.73,0.0,0.0,0.9979133659380036
moscow,high,1031,ergs_no_calibration,624.9916666666667,471.44166666666666,3.8450799396680293,62.53525266767026,1269.0,2656.0,132.0,0.0,18.0,56.0,3600.0,10.0,23.270442500011995,2400.0,0.020833333333333332,0.0,0.0,1.0,0.73,0.0,0.0,0.9979133659380036
moscow,high,1031,ergs_no_hysteresis,624.9916666666667,471.44166666666666,3.8450799396680293,62.53525266767026,1269.0,2656.0,132.0,0.0,18.0,56.0,3600.0,10.0,22.535414299927652,2400.0,0.020833333333333332,0.0,0.0,1.0,0.7095833333333333,-0.4208239233228099,0.0,0.9979133659380036
moscow,high,1031,ergs_v2,624.9916666666667,471.44166666666666,3.8450799396680293,62.53525266767026,1269.0,2656.0,132.0,0.0,18.0,56.0,3600.0,10.0,36.630818300065584,2400.0,0.020833333333333332,0.0,0.0,1.0,0.73,-0.4208239233228099,0.0,0.9979133659380036
moscow,high,1033,fixed,606.7833333333333,469.8,4.059162350546839,62.27953697126843,1265.0,2632.0,136.0,0.0,30.0,159.0,3600.0,10.0,25.530146400094964,0.0,0.0,0.0,0.0,0.0,0.0,0.0,0.0,0.0
moscow,high,1033,max_pressure,479.52916666666664,309.05,4.781863989018634,42.68210933330854,1656.0,2710.0,58.0,0.0,34.0,50.8,3600.0,10.0,20.959713200107217,0.0,0.0,0.0,0.0,0.0,0.0,0.0,0.0,0.0
moscow,high,1033,ppo_ensemble,563.5583333333333,421.49583333333334,4.383956968286404,57.19858561199364,1349.0,2664.0,120.0,0.0,20.0,56.7,3600.0,10.0,20.474623899906874,0.0,0.0,0.0,0.0,0.0,0.0,0.0,0.0,0.0
moscow,high,1033,lightgpt_direct,511.79583333333335,354.2125,4.581211667402667,50.652647421815615,1504.0,2667.0,84.0,0.0,32.0,52.6,3600.0,10.0,21.272494399920106,2400.0,1.0,0.18125,0.9333333333333333,0.06666666666666667,0.0,0.0,0.0,0.5811143037116137
moscow,high,1033,lightgpt_review,563.5583333333333,421.49583333333334,4.383956968286404,57.19858561199364,1349.0,2664.0,120.0,0.0,20.0,56.7,3600.0,10.0,21.288815499981865,2400.0,1.0,0.0,0.9395833333333333,0.06041666666666667,0.0,0.0,0.0,0.9238378907517691
moscow,high,1033,ergs_no_event,563.5583333333333,421.49583333333334,4.383956968286404,57.19858561199364,1349.0,2664.0,120.0,0.0,20.0,56.7,3600.0,10.0,59.43290729995351,2400.0,1.0,0.0,0.0,1.0,0.0,-0.41213928643517883,0.0,0.9238378907517691
moscow,high,1033,ergs_no_guard,563.5583333333333,421.49583333333334,4.383956968286404,57.19858561199364,1349.0,2664.0,120.0,0.0,20.0,56.7,3600.0,10.0,21.243619699962437,2400.0,0.020833333333333332,0.0,0.0,1.0,0.7195833333333334,0.0,0.0,0.9985814141978805
moscow,high,1033,ergs_no_calibration,563.5583333333333,421.49583333333334,4.383956968286404,57.19858561199364,1349.0,2664.0,120.0,0.0,20.0,56.7,3600.0,10.0,22.527606000076048,2400.0,0.020833333333333332,0.0,0.0,1.0,0.7195833333333334,0.0,0.0,0.9985814141978805
moscow,high,1033,ergs_no_hysteresis,563.5583333333333,421.49583333333334,4.383956968286404,57.19858561199364,1349.0,2664.0,120.0,0.0,20.0,56.7,3600.0,10.0,22.040240000002086,2400.0,0.020833333333333332,0.0,0.0,1.0,0.6929166666666666,-0.42136540866107497,0.0,0.9985814141978805
moscow,high,1033,ergs_v2,563.5583333333333,421.49583333333334,4.383956968286404,57.19858561199364,1349.0,2664.0,120.0,0.0,20.0,56.7,3600.0,10.0,21.884780499967746,2400.0,0.020833333333333332,0.0,0.0,1.0,0.7195833333333334,-0.42136540866107497,0.0,0.9985814141978805
moscow,high,1039,fixed,544.5833333333334,390.23333333333335,4.394096489547321,53.301556807214794,1397.0,2655.0,88.0,0.0,16.0,159.0,3600.0,10.0,20.566932799993083,0.0,0.0,0.0,0.0,0.0,0.0,0.0,0.0,0.0
moscow,high,1039,max_pressure,602.9708333333333,436.22083333333336,3.6575270582139634,54.828068401355836,1380.0,2644.0,89.0,0.0,34.0,51.5,3600.0,10.0,22.440071500022896,0.0,0.0,0.0,0.0,0.0,0.0,0.0,0.0,0.0
moscow,high,1039,ppo_ensemble,554.5583333333333,401.37916666666666,4.3180111491136435,48.71606158695537,1410.0,2676.0,79.0,0.0,14.0,55.2,3600.0,10.0,21.164780399994925,0.0,0.0,0.0,0.0,0.0,0.0,0.0,0.0,0.0
moscow,high,1039,lightgpt_direct,654.0375,475.775,3.688867745824236,54.93348241749089,1323.0,2664.0,101.0,0.0,26.0,57.0,3600.0,10.0,22.788890499970876,2400.0,1.0,0.19791666666666666,0.8983333333333333,0.10166666666666667,0.0,0.0,0.0,0.5779029244464954
moscow,high,1039,lightgpt_review,554.5583333333333,401.37916666666666,4.3180111491136435,48.71606158695537,1410.0,2676.0,79.0,0.0,14.0,55.2,3600.0,10.0,20.744685400044546,2400.0,1.0,0.0,0.9404166666666667,0.059583333333333335,0.0,0.0,0.0,0.9287957665239253
moscow,high,1039,ergs_no_event,554.5583333333333,401.37916666666666,4.3180111491136435,48.71606158695537,1410.0,2676.0,79.0,0.0,14.0,55.2,3600.0,10.0,58.96709159994498,2400.0,1.0,0.0,0.0,1.0,0.0,-0.41074356370464943,0.0,0.9287957665239253
moscow,high,1039,ergs_no_guard,554.5583333333333,401.37916666666666,4.3180111491136435,48.71606158695537,1410.0,2676.0,79.0,0.0,14.0,55.2,3600.0,10.0,20.539337199996226,2400.0,0.020833333333333332,0.0,0.0,1.0,0.7220833333333333,0.0,0.0,0.9980733192452328
moscow,high,1039,ergs_no_calibration,554.5583333333333,401.37916666666666,4.3180111491136435,48.71606158695537,1410.0,2676.0,79.0,0.0,14.0,55.2,3600.0,10.0,20.582133800024167,2400.0,0.020833333333333332,0.0,0.0,1.0,0.7220833333333333,0.0,0.0,0.9980733192452328
moscow,high,1039,ergs_no_hysteresis,554.5583333333333,401.37916666666666,4.3180111491136435,48.71606158695537,1410.0,2676.0,79.0,0.0,14.0,55.2,3600.0,10.0,20.83367189997807,2400.0,0.020833333333333332,0.0,0.0,1.0,0.6966666666666667,-0.4182055517173506,0.0,0.9980733192452328
moscow,high,1039,ergs_v2,554.5583333333333,401.37916666666666,4.3180111491136435,48.71606158695537,1410.0,2676.0,79.0,0.0,14.0,55.2,3600.0,10.0,20.637548099970445,2400.0,0.020833333333333332,0.0,0.0,1.0,0.7220833333333333,-0.4182055517173506,0.0,0.9980733192452328
moscow,high,1049,fixed,529.2875,360.87083333333334,4.493430652684552,47.25800461093383,1525.0,2693.0,81.0,0.0,16.0,159.0,3600.0,10.0,46.41236489999574,0.0,0.0,0.0,0.0,0.0,0.0,0.0,0.0,0.0
moscow,high,1049,max_pressure,434.98333333333335,257.30833333333334,5.087589089844019,35.90451294990124,1775.0,2732.0,44.0,0.0,36.0,51.0,3600.0,10.0,56.75496369996108,0.0,0.0,0.0,0.0,0.0,0.0,0.0,0.0,0.0
moscow,high,1049,ppo_ensemble,462.3333333333333,297.5708333333333,5.276839294377144,37.72367451225502,1624.0,2708.0,53.0,0.0,18.0,57.8,3600.0,10.0,54.928313799900934,0.0,0.0,0.0,0.0,0.0,0.0,0.0,0.0,0.0
moscow,high,1049,lightgpt_direct,550.9958333333333,405.225,4.3851598633703315,56.87844822580669,1362.0,2661.0,106.0,0.0,18.0,54.5,3600.0,10.0,58.32385360007174,2400.0,1.0,0.15625,0.9241666666666667,0.07583333333333334,0.0,0.0,0.0,0.5820972357504046
moscow,high,1049,lightgpt_review,462.3333333333333,297.5708333333333,5.276839294377144,37.72367451225502,1624.0,2708.0,53.0,0.0,18.0,57.8,3600.0,10.0,57.044825899996795,2400.0,1.0,0.0,0.9475,0.0525,0.0,0.0,0.0,0.9244291263017855
moscow,high,1049,ergs_no_event,462.3333333333333,297.5708333333333,5.276839294377144,37.72367451225502,1624.0,2708.0,53.0,0.0,18.0,57.8,3600.0,10.0,179.06149940006435,2400.0,1.0,0.0,0.0,1.0,0.0,-0.4164993794235526,0.0,0.9244291263017855
moscow,high,1049,ergs_no_guard,462.3333333333333,297.5708333333333,5.276839294377144,37.72367451225502,1624.0,2708.0,53.0,0.0,18.0,57.8,3600.0,10.0,56.719011200009845,2400.0,0.020833333333333332,0.0,0.0,1.0,0.6979166666666666,0.0,0.0,0.9983795026671377
moscow,high,1049,ergs_no_calibration,462.3333333333333,297.5708333333333,5.276839294377144,37.72367451225502,1624.0,2708.0,53.0,0.0,18.0,57.8,3600.0,10.0,58.86164979997557,2400.0,0.020833333333333332,0.0,0.0,1.0,0.6979166666666666,0.0,0.0,0.9983795026671377
moscow,high,1049,ergs_no_hysteresis,462.3333333333333,297.5708333333333,5.276839294377144,37.72367451225502,1624.0,2708.0,53.0,0.0,18.0,57.8,3600.0,10.0,55.097942500025965,2400.0,0.020833333333333332,0.0,0.0,1.0,0.6725,-0.42398378026653427,0.0,0.9984184653224041
moscow,high,1049,ergs_v2,462.3333333333333,297.5708333333333,5.276839294377144,37.72367451225502,1624.0,2708.0,53.0,0.0,18.0,57.8,3600.0,10.0,58.92350090004038,2400.0,0.020833333333333332,0.0,0.0,1.0,0.6979166666666666,-0.42398378026653427,0.0,0.9983795026671377
moscow,high,1051,fixed,480.52916666666664,301.1458333333333,4.8254809952804845,44.19884844439718,1697.0,2731.0,60.0,0.0,42.0,159.0,3600.0,10.0,53.12919280002825,0.0,0.0,0.0,0.0,0.0,0.0,0.0,0.0,0.0
moscow,high,1051,max_pressure,712.8833333333333,584.75,3.2242144487044535,74.11350875509778,1078.0,2643.0,171.0,0.0,14.0,49.1,3600.0,10.0,66.65792299993336,0.0,0.0,0.0,0.0,0.0,0.0,0.0,0.0,0.0
moscow,high,1051,ppo_ensemble,642.3666666666667,503.76666666666665,3.721512152641285,65.9546044799223,1215.0,2673.0,129.0,0.0,18.0,56.8,3600.0,10.0,60.02650929999072,0.0,0.0,0.0,0.0,0.0,0.0,0.0,0.0,0.0
moscow,high,1051,lightgpt_direct,589.4541666666667,436.1,3.884515005257681,63.047961909163206,1376.0,2684.0,92.0,0.0,20.0,54.8,3600.0,10.0,55.515514700091444,2400.0,1.0,0.15666666666666668,0.9158333333333334,0.08416666666666667,0.0,0.0,0.0,0.5804938252986968
moscow,high,1051,lightgpt_review,642.3666666666667,503.76666666666665,3.721512152641285,65.9546044799223,1215.0,2673.0,129.0,0.0,18.0,56.8,3600.0,10.0,55.40040869999211,2400.0,1.0,0.0,0.91375,0.08625,0.0,0.0,0.0,0.9188809557751644
moscow,high,1051,ergs_no_event,642.3666666666667,503.76666666666665,3.721512152641285,65.9546044799223,1215.0,2673.0,129.0,0.0,18.0,56.8,3600.0,10.0,194.39990150008816,2400.0,1.0,0.0,0.0,1.0,0.0,-0.3987844051135333,0.0,0.9188809557751644
moscow,high,1051,ergs_no_guard,642.3666666666667,503.76666666666665,3.721512152641285,65.9546044799223,1215.0,2673.0,129.0,0.0,18.0,56.8,3600.0,10.0,59.4363025999628,2400.0,0.020833333333333332,0.0,0.0,1.0,0.7508333333333334,0.0,0.0,0.9984961622570878
moscow,high,1051,ergs_no_calibration,642.3666666666667,503.76666666666665,3.721512152641285,65.9546044799223,1215.0,2673.0,129.0,0.0,18.0,56.8,3600.0,10.0,59.06402559997514,2400.0,0.020833333333333332,0.0,0.0,1.0,0.7508333333333334,0.0,0.0,0.9984961622570878
moscow,high,1051,ergs_no_hysteresis,642.3666666666667,503.76666666666665,3.721512152641285,65.9546044799223,1215.0,2673.0,129.0,0.0,18.0,56.8,3600.0,10.0,58.93509729998186,2400.0,0.020833333333333332,0.0,0.0,1.0,0.7295833333333334,-0.40195383674632984,0.0,0.9983433619959609
moscow,high,1051,ergs_v2,642.3666666666667,503.76666666666665,3.721512152641285,65.9546044799223,1215.0,2673.0,129.0,0.0,18.0,56.8,3600.0,10.0,58.28245529998094,2400.0,0.020833333333333332,0.0,0.0,1.0,0.7508333333333334,-0.39933546514087054,0.0,0.9984961622570878
moscow,high,1061,fixed,464.2583333333333,305.7375,5.118999514670885,43.694638494617834,1577.0,2690.0,67.0,0.0,10.0,159.0,3600.0,10.0,49.10660990001634,0.0,0.0,0.0,0.0,0.0,0.0,0.0,0.0,0.0
moscow,high,1061,max_pressure,428.3208333333333,259.39166666666665,5.253313865363965,38.16815402898531,1766.0,2723.0,50.0,0.0,24.0,49.2,3600.0,10.0,53.64612190006301,0.0,0.0,0.0,0.0,0.0,0.0,0.0,0.0,0.0
moscow,high,1061,ppo_ensemble,424.9291666666667,264.39166666666665,5.583392361045582,35.61432692982833,1636.0,2681.0,41.0,0.0,22.0,56.4,3600.0,10.0,45.2553594999481,0.0,0.0,0.0,0.0,0.0,0.0,0.0,0.0,0.0
moscow,high,1061,lightgpt_direct,462.825,299.0625,5.072186701291509,41.99741199361954,1644.0,2708.0,46.0,0.0,26.0,52.0,3600.0,10.0,51.09517749992665,2400.0,1.0,0.1825,0.9416666666666667,0.058333333333333334,0.0,0.0,0.0,0.5813845845149782
moscow,high,1061,lightgpt_review,424.9291666666667,264.39166666666665,5.583392361045582,35.61432692982833,1636.0,2681.0,41.0,0.0,22.0,56.4,3600.0,10.0,51.237240400048904,2400.0,1.0,0.0,0.9679166666666666,0.03208333333333333,0.0,0.0,0.0,0.9319026316675839
moscow,high,1061,ergs_no_event,424.9291666666667,264.39166666666665,5.583392361045582,35.61432692982833,1636.0,2681.0,41.0,0.0,22.0,56.4,3600.0,10.0,175.7677608000813,2400.0,1.0,0.0,0.0,1.0,0.0,-0.42539820519876637,0.0,0.9319026316675839
moscow,high,1061,ergs_no_guard,424.9291666666667,264.39166666666665,5.583392361045582,35.61432692982833,1636.0,2681.0,41.0,0.0,22.0,56.4,3600.0,10.0,48.9775908999145,2400.0,0.020833333333333332,0.0,0.0,1.0,0.6725,0.0,0.0,0.9984264391859523
moscow,high,1061,ergs_no_calibration,424.9291666666667,264.39166666666665,5.583392361045582,35.61432692982833,1636.0,2681.0,41.0,0.0,22.0,56.4,3600.0,10.0,52.27143520000391,2400.0,0.020833333333333332,0.0,0.0,1.0,0.6725,0.0,0.0,0.9984264391859523
moscow,high,1061,ergs_no_hysteresis,424.9291666666667,264.39166666666665,5.583392361045582,35.61432692982833,1636.0,2681.0,41.0,0.0,22.0,56.4,3600.0,10.0,54.09343510004692,2400.0,0.020833333333333332,0.0,0.0,1.0,0.63875,-0.43499875202663646,0.0,0.9984265210357036
moscow,high,1061,ergs_v2,424.9291666666667,264.39166666666665,5.583392361045582,35.61432692982833,1636.0,2681.0,41.0,0.0,22.0,56.4,3600.0,10.0,51.704886300023645,2400.0,0.020833333333333332,0.0,0.0,1.0,0.6725,-0.43499875202663646,0.0,0.9984264391859523
moscow,high,1063,fixed,529.5041666666667,346.975,4.4921721892652435,48.00047861147946,1551.0,2696.0,69.0,0.0,16.0,159.0,3600.0,10.0,50.26809540006798,0.0,0.0,0.0,0.0,0.0,0.0,0.0,0.0,0.0
moscow,high,1063,max_pressure,532.775,354.77916666666664,4.321854859074191,46.310300034350554,1512.0,2695.0,56.0,0.0,28.0,51.4,3600.0,10.0,59.981313699972816,0.0,0.0,0.0,0.0,0.0,0.0,0.0,0.0,0.0
moscow,high,1063,ppo_ensemble,685.7875,520.5291666666667,3.488886015732343,60.20678904908533,1168.0,2634.0,116.0,0.0,28.0,58.0,3600.0,10.0,52.15289589995518,0.0,0.0,0.0,0.0,0.0,0.0,0.0,0.0,0.0
moscow,high,1063,lightgpt_direct,625.4208333333333,466.2291666666667,3.873141551469635,56.457592825636965,1258.0,2672.0,104.0,0.0,30.0,55.2,3600.0,10.0,55.05641670001205,2400.0,1.0,0.18458333333333332,0.9129166666666667,0.08708333333333333,0.0,0.0,0.0,0.5810885407875402
moscow,high,1063,lightgpt_review,685.7875,520.5291666666667,3.488886015732343,60.20678904908533,1168.0,2634.0,116.0,0.0,28.0,58.0,3600.0,10.0,58.52608420001343,2400.0,1.0,0.0,0.9029166666666667,0.09708333333333333,0.0,0.0,0.0,0.9129801495035603
moscow,high,1063,ergs_no_event,685.7875,520.5291666666667,3.488886015732343,60.20678904908533,1168.0,2634.0,116.0,0.0,28.0,58.0,3600.0,10.0,158.80690510000568,2400.0,1.0,0.0,0.0,1.0,0.0,-0.3945089937386704,0.0,0.9129801495035603
moscow,high,1063,ergs_no_guard,685.7875,520.5291666666667,3.488886015732343,60.20678904908533,1168.0,2634.0,116.0,0.0,28.0,58.0,3600.0,10.0,58.62269979994744,2400.0,0.020833333333333332,0.0,0.0,1.0,0.745,0.0,0.0,0.9983159300493424
moscow,high,1063,ergs_no_calibration,685.7875,520.5291666666667,3.488886015732343,60.20678904908533,1168.0,2634.0,116.0,0.0,28.0,58.0,3600.0,10.0,62.535593499895185,2400.0,0.020833333333333332,0.0,0.0,1.0,0.745,0.0,0.0,0.9983159300493424
moscow,high,1063,ergs_no_hysteresis,685.7875,520.5291666666667,3.488886015732343,60.20678904908533,1168.0,2634.0,116.0,0.0,28.0,58.0,3600.0,10.0,60.523325499962084,2400.0,0.020833333333333332,0.0,0.0,1.0,0.7183333333333334,-0.39093886498622765,0.0,0.9983159300493424
moscow,high,1063,ergs_v2,685.7875,520.5291666666667,3.488886015732343,60.20678904908533,1168.0,2634.0,116.0,0.0,28.0,58.0,3600.0,10.0,60.88763119990472,2400.0,0.020833333333333332,0.0,0.0,1.0,0.745,-0.39093886498622765,0.0,0.9983159300493424
moscow,high,1069,fixed,629.5458333333333,465.3041666666667,3.6249831210903887,59.424798899649794,1271.0,2641.0,76.0,0.0,24.0,159.0,3600.0,10.0,56.03090519993566,0.0,0.0,0.0,0.0,0.0,0.0,0.0,0.0,0.0
moscow,high,1069,max_pressure,600.2708333333334,446.0125,3.8009822902425277,56.61448207302332,1291.0,2648.0,107.0,0.0,20.0,50.0,3600.0,10.0,55.39706549991388,0.0,0.0,0.0,0.0,0.0,0.0,0.0,0.0,0.0
moscow,high,1069,ppo_ensemble,640.8375,496.59583333333336,3.63289546306533,63.46229411072211,1135.0,2596.0,149.0,0.0,26.0,56.5,3600.0,10.0,59.8209627000615,0.0,0.0,0.0,0.0,0.0,0.0,0.0,0.0,0.0
moscow,high,1069,lightgpt_direct,612.0416666666666,463.95416666666665,3.797604791263666,61.682886595201325,1249.0,2626.0,122.0,0.0,26.0,54.9,3600.0,10.0,59.25175140006468,2400.0,1.0,0.17333333333333334,0.9070833333333334,0.09291666666666666,0.0,0.0,0.0,0.5805200543522583
moscow,high,1069,lightgpt_review,640.8375,496.59583333333336,3.63289546306533,63.46229411072211,1135.0,2596.0,149.0,0.0,26.0,56.5,3600.0,10.0,60.314992400002666,2400.0,1.0,0.0,0.9204166666666667,0.07958333333333334,0.0,0.0,0.0,0.92324823099355
moscow,high,1069,ergs_no_event,640.8375,496.59583333333336,3.63289546306533,63.46229411072211,1135.0,2596.0,149.0,0.0,26.0,56.5,3600.0,10.0,137.05683109990787,2400.0,1.0,0.0,0.0,1.0,0.0,-0.40131052478951224,0.0,0.92324823099355
moscow,high,1069,ergs_no_guard,640.8375,496.59583333333336,3.63289546306533,63.46229411072211,1135.0,2596.0,149.0,0.0,26.0,56.5,3600.0,10.0,35.501506600063294,2400.0,0.020833333333333332,0.0,0.0,1.0,0.7291666666666666,0.0,0.0,0.9983330624848867
moscow,high,1069,ergs_no_calibration,640.8375,496.59583333333336,3.63289546306533,63.46229411072211,1135.0,2596.0,149.0,0.0,26.0,56.5,3600.0,10.0,69.19493130000774,2400.0,0.020833333333333332,0.0,0.0,1.0,0.7291666666666666,0.0,0.0,0.9983330624848867
moscow,high,1069,ergs_no_hysteresis,640.8375,496.59583333333336,3.63289546306533,63.46229411072211,1135.0,2596.0,149.0,0.0,26.0,56.5,3600.0,10.0,70.97413749992847,2400.0,0.020833333333333332,0.0,0.0,1.0,0.7033333333333334,-0.3935572365916869,0.0,0.9981797046710322
moscow,high,1069,ergs_v2,640.8375,496.59583333333336,3.63289546306533,63.46229411072211,1135.0,2596.0,149.0,0.0,26.0,56.5,3600.0,10.0,52.72484170005191,2400.0,0.020833333333333332,0.0,0.0,1.0,0.7291666666666666,-0.39093886498622765,0.0,0.9983330624848867
moscow,high,1087,fixed,644.35,495.3208333333333,3.526098389787468,59.882870354084886,1214.0,2636.0,128.0,0.0,12.0,159.0,3600.0,10.0,39.585641699959524,0.0,0.0,0.0,0.0,0.0,0.0,0.0,0.0,0.0
moscow,high,1087,max_pressure,551.625,379.075,4.174500238354713,50.800454534225864,1507.0,2680.0,79.0,0.0,26.0,50.9,3600.0,10.0,37.455480200005695,0.0,0.0,0.0,0.0,0.0,0.0,0.0,0.0,0.0
moscow,high,1087,ppo_ensemble,565.4,397.8666666666667,4.017065487967499,54.418988601672254,1452.0,2672.0,94.0,0.0,22.0,57.2,3600.0,10.0,33.41650159994606,0.0,0.0,0.0,0.0,0.0,0.0,0.0,0.0,0.0
moscow,high,1087,lightgpt_direct,560.7,400.4166666666667,4.177874323693578,55.4291950881518,1429.0,2658.0,92.0,0.0,22.0,53.7,3600.0,10.0,32.34681809996255,2400.0,1.0,0.16208333333333333,0.9220833333333334,0.07791666666666666,0.0,0.0,0.0,0.5820996476772825
moscow,high,1087,lightgpt_review,565.4,397.8666666666667,4.017065487967499,54.418988601672254,1452.0,2672.0,94.0,0.0,22.0,57.2,3600.0,10.0,35.07856409996748,2400.0,1.0,0.0,0.9525,0.0475,0.0,0.0,0.0,0.928403341206597
moscow,high,1087,ergs_no_event,565.4,397.8666666666667,4.017065487967499,54.418988601672254,1452.0,2672.0,94.0,0.0,22.0,57.2,3600.0,10.0,97.12838599993847,2400.0,1.0,0.0,0.0,1.0,0.0,-0.4178348377439544,0.0,0.928403341206597
moscow,high,1087,ergs_no_guard,565.4,397.8666666666667,4.017065487967499,54.418988601672254,1452.0,2672.0,94.0,0.0,22.0,57.2,3600.0,10.0,34.64248919999227,2400.0,0.020833333333333332,0.0,0.0,1.0,0.725,0.0,0.0,0.9985267038449291
moscow,high,1087,ergs_no_calibration,565.4,397.8666666666667,4.017065487967499,54.418988601672254,1452.0,2672.0,94.0,0.0,22.0,57.2,3600.0,10.0,33.02669389999937,2400.0,0.020833333333333332,0.0,0.0,1.0,0.725,0.0,0.0,0.9985267038449291
moscow,high,1087,ergs_no_hysteresis,565.4,397.8666666666667,4.017065487967499,54.418988601672254,1452.0,2672.0,94.0,0.0,22.0,57.2,3600.0,10.0,33.65118679997977,2400.0,0.020833333333333332,0.0,0.0,1.0,0.6995833333333333,-0.4103504369009727,0.0,0.9985267038449291
moscow,high,1087,ergs_v2,565.4,397.8666666666667,4.017065487967499,54.418988601672254,1452.0,2672.0,94.0,0.0,22.0,57.2,3600.0,10.0,37.63341900007799,2400.0,0.020833333333333332,0.0,0.0,1.0,0.725,-0.4103504369009727,0.0,0.9985267038449291
moscow,high,1091,fixed,571.05,417.37083333333334,4.2493505144742905,54.22238272635914,1392.0,2666.0,107.0,0.0,16.0,159.0,3600.0,10.0,33.79380789992865,0.0,0.0,0.0,0.0,0.0,0.0,0.0,0.0,0.0
moscow,high,1091,max_pressure,673.9125,530.7833333333333,3.5321882502754094,64.61258877831438,1150.0,2620.0,145.0,0.0,40.0,52.0,3600.0,10.0,64.42344629997388,0.0,0.0,0.0,0.0,0.0,0.0,0.0,0.0,0.0
moscow,high,1091,ppo_ensemble,695.7791666666667,545.3125,3.4620408035867856,66.12322296424462,1114.0,2634.0,157.0,0.0,18.0,56.6,3600.0,10.0,45.25928030000068,0.0,0.0,0.0,0.0,0.0,0.0,0.0,0.0,0.0
moscow,high,1091,lightgpt_direct,665.5458333333333,496.8875,3.5806220821099966,60.9940750168947,1229.0,2653.0,111.0,0.0,32.0,56.2,3600.0,10.0,37.32036460004747,2400.0,1.0,0.20833333333333334,0.89875,0.10125,0.0,0.0,0.0,0.5773499800439259
moscow,high,1091,lightgpt_review,695.7791666666667,545.3125,3.4620408035867856,66.12322296424462,1114.0,2634.0,157.0,0.0,18.0,56.6,3600.0,10.0,35.854916400043294,2400.0,1.0,0.0,0.9241666666666667,0.07583333333333334,0.0,0.0,0.0,0.9227087666964824
moscow,high,1091,ergs_no_event,695.7791666666667,545.3125,3.4620408035867856,66.12322296424462,1114.0,2634.0,157.0,0.0,18.0,56.6,3600.0,10.0,97.18627770000603,2400.0,1.0,0.0,0.0,1.0,0.0,-0.4037031284452138,0.0,0.9227087666964824
moscow,high,1091,ergs_no_guard,695.7791666666667,545.3125,3.4620408035867856,66.12322296424462,1114.0,2634.0,157.0,0.0,18.0,56.6,3600.0,10.0,36.685038800002076,2400.0,0.020833333333333332,0.0,0.0,1.0,0.7583333333333333,0.0,0.0,0.9985361058678046
moscow,high,1091,ergs_no_calibration,695.7791666666667,545.3125,3.4620408035867856,66.12322296424462,1114.0,2634.0,157.0,0.0,18.0,56.6,3600.0,10.0,39.23102840001229,2400.0,0.020833333333333332,0.0,0.0,1.0,0.7583333333333333,0.0,0.0,0.9985361058678046
moscow,high,1091,ergs_no_hysteresis,695.7791666666667,545.3125,3.4620408035867856,66.12322296424462,1114.0,2634.0,157.0,0.0,18.0,56.6,3600.0,10.0,36.827861699974164,2400.0,0.020833333333333332,0.0,0.0,1.0,0.7391666666666666,-0.42136540866107497,0.0,0.9985361058678046
moscow,high,1091,ergs_v2,695.7791666666667,545.3125,3.4620408035867856,66.12322296424462,1114.0,2634.0,157.0,0.0,18.0,56.6,3600.0,10.0,36.961607100092806,2400.0,0.020833333333333332,0.0,0.0,1.0,0.7583333333333333,-0.42136540866107497,0.0,0.9985361058678046
moscow,high,1093,fixed,601.15,436.21666666666664,3.8939816530093676,58.85715276305322,1385.0,2674.0,96.0,0.0,14.0,159.0,3600.0,10.0,35.306852900073864,0.0,0.0,0.0,0.0,0.0,0.0,0.0,0.0,0.0
moscow,high,1093,max_pressure,654.25,499.1625,3.6009770483719867,62.53459163544461,1265.0,2653.0,115.0,0.0,28.0,51.6,3600.0,10.0,40.171572600025684,0.0,0.0,0.0,0.0,0.0,0.0,0.0,0.0,0.0
moscow,high,1093,ppo_ensemble,574.825,391.175,4.05208050041921,48.81192639121792,1437.0,2657.0,73.0,0.0,14.0,58.0,3600.0,10.0,33.45791380002629,0.0,0.0,0.0,0.0,0.0,0.0,0.0,0.0,0.0
moscow,high,1093,lightgpt_direct,578.5,425.1166666666667,4.2198864927737585,57.70214979842177,1362.0,2658.0,111.0,0.0,24.0,54.2,3600.0,10.0,32.34097500005737,2400.0,1.0,0.18541666666666667,0.92125,0.07875,0.0,0.0,0.0,0.5801979459562896
moscow,high,1093,lightgpt_review,574.825,391.175,4.05208050041921,48.81192639121792,1437.0,2657.0,73.0,0.0,14.0,58.0,3600.0,10.0,44.40565670002252,2400.0,1.0,0.0,0.94375,0.05625,0.0,0.0,0.0,0.9220292042735161
moscow,high,1093,ergs_no_event,574.825,391.175,4.05208050041921,48.81192639121792,1437.0,2657.0,73.0,0.0,14.0,58.0,3600.0,10.0,76.92188580008224,2400.0,1.0,0.0,0.0,1.0,0.0,-0.4151432145283453,0.0,0.9220292042735161
moscow,high,1093,ergs_no_guard,574.825,391.175,4.05208050041921,48.81192639121792,1437.0,2657.0,73.0,0.0,14.0,58.0,3600.0,10.0,22.805160599993542,2400.0,0.020833333333333332,0.0,0.0,1.0,0.7216666666666667,0.0,0.0,0.998075351624473
moscow,high,1093,ergs_no_calibration,574.825,391.175,4.05208050041921,48.81192639121792,1437.0,2657.0,73.0,0.0,14.0,58.0,3600.0,10.0,24.101976599893533,2400.0,0.020833333333333332,0.0,0.0,1.0,0.7216666666666667,0.0,0.0,0.998075351624473
moscow,high,1093,ergs_no_hysteresis,574.825,391.175,4.05208050041921,48.81192639121792,1437.0,2657.0,73.0,0.0,14.0,58.0,3600.0,10.0,33.685896300012246,2400.0,0.020833333333333332,0.0,0.0,1.0,0.7008333333333333,-0.4071905799572484,0.0,0.998075351624473
moscow,high,1093,ergs_v2,574.825,391.175,4.05208050041921,48.81192639121792,1437.0,2657.0,73.0,0.0,14.0,58.0,3600.0,10.0,36.91817700001411,2400.0,0.020833333333333332,0.0,0.0,1.0,0.7216666666666667,-0.4071905799572484,0.0,0.998075351624473
moscow,high,1097,fixed,535.5916666666667,359.475,4.420421885493763,44.293370626231884,1542.0,2711.0,68.0,0.0,24.0,159.0,3600.0,10.0,22.452042799908668,0.0,0.0,0.0,0.0,0.0,0.0,0.0,0.0,0.0
moscow,high,1097,max_pressure,571.3208333333333,412.8333333333333,4.03987994460065,51.65670648242206,1385.0,2660.0,82.0,0.0,24.0,48.8,3600.0,10.0,23.216195299988613,0.0,0.0,0.0,0.0,0.0,0.0,0.0,0.0,0.0
moscow,high,1097,ppo_ensemble,565.8083333333333,407.4583333333333,4.120180928359736,53.483796693667486,1381.0,2646.0,71.0,0.0,20.0,56.2,3600.0,10.0,21.02382159989793,0.0,0.0,0.0,0.0,0.0,0.0,0.0,0.0,0.0
moscow,high,1097,lightgpt_direct,507.6,327.42083333333335,4.5647419134548235,42.787979821998235,1579.0,2690.0,53.0,0.0,24.0,50.9,3600.0,10.0,26.912968899938278,2400.0,1.0,0.15625,0.9466666666666667,0.05333333333333334,0.0,0.0,0.0,0.5837065931573365
moscow,high,1097,lightgpt_review,565.8083333333333,407.4583333333333,4.120180928359736,53.483796693667486,1381.0,2646.0,71.0,0.0,20.0,56.2,3600.0,10.0,32.32405910000671,2400.0,1.0,0.0,0.9366666666666666,0.06333333333333334,0.0,0.0,0.0,0.9250396034522625
moscow,high,1097,ergs_no_event,565.8083333333333,407.4583333333333,4.120180928359736,53.483796693667486,1381.0,2646.0,71.0,0.0,20.0,56.2,3600.0,10.0,58.79317950003315,2400.0,1.0,0.0,0.0,1.0,0.0,-0.4098237940770187,0.0,0.9250396034522625
moscow,high,1097,ergs_no_guard,565.8083333333333,407.4583333333333,4.120180928359736,53.483796693667486,1381.0,2646.0,71.0,0.0,20.0,56.2,3600.0,10.0,21.765068599954247,2400.0,0.020833333333333332,0.0,0.0,1.0,0.7095833333333333,0.0,0.0,0.9986038198517936
moscow,high,1097,ergs_no_calibration,565.8083333333333,407.4583333333333,4.120180928359736,53.483796693667486,1381.0,2646.0,71.0,0.0,20.0,56.2,3600.0,10.0,21.508741799974814,2400.0,0.020833333333333332,0.0,0.0,1.0,0.7095833333333333,0.0,0.0,0.9986038198517936
moscow,high,1097,ergs_no_hysteresis,565.8083333333333,407.4583333333333,4.120180928359736,53.483796693667486,1381.0,2646.0,71.0,0.0,20.0,56.2,3600.0,10.0,21.552437300095335,2400.0,0.020833333333333332,0.0,0.0,1.0,0.68625,-0.44601372378673865,0.0,0.9984504620379391
moscow,high,1097,ergs_v2,565.8083333333333,407.4583333333333,4.120180928359736,53.483796693667486,1381.0,2646.0,71.0,0.0,20.0,56.2,3600.0,10.0,21.496858699945733,2400.0,0.020833333333333332,0.0,0.0,1.0,0.7095833333333333,-0.44339535218127935,0.0,0.9986038198517936
moscow,high,1103,fixed,502.12083333333334,344.7,4.7267772894265505,49.48868184590874,1504.0,2678.0,75.0,0.0,30.0,159.0,3600.0,10.0,19.61014659993816,0.0,0.0,0.0,0.0,0.0,0.0,0.0,0.0,0.0
moscow,high,1103,max_pressure,545.55,384.4458333333333,4.255603817052294,48.92130543680858,1434.0,2665.0,65.0,0.0,26.0,48.8,3600.0,10.0,23.19285170000512,0.0,0.0,0.0,0.0,0.0,0.0,0.0,0.0,0.0
moscow,high,1103,ppo_ensemble,530.1708333333333,374.05,4.376976300707678,52.92966443778092,1467.0,2665.0,78.0,0.0,20.0,55.1,3600.0,10.0,20.29651879996527,0.0,0.0,0.0,0.0,0.0,0.0,0.0,0.0,0.0
moscow,high,1103,lightgpt_direct,530.55,375.09583333333336,4.489305106487559,53.69698505749491,1473.0,2658.0,104.0,0.0,12.0,53.3,3600.0,10.0,20.80339529993944,2400.0,1.0,0.1775,0.92125,0.07875,0.0,0.0,0.0,0.5799857837367993
moscow,high,1103,lightgpt_review,530.1708333333333,374.05,4.376976300707678,52.92966443778092,1467.0,2665.0,78.0,0.0,20.0,55.1,3600.0,10.0,20.617395500070415,2400.0,1.0,0.0,0.9491666666666667,0.050833333333333335,0.0,0.0,0.0,0.9300267198432615
moscow,high,1103,ergs_no_event,530.1708333333333,374.05,4.376976300707678,52.92966443778092,1467.0,2665.0,78.0,0.0,20.0,55.1,3600.0,10.0,60.60312330001034,2400.0,1.0,0.0,0.0,1.0,0.0,-0.41545351503280004,0.0,0.9300267198432615
moscow,high,1103,ergs_no_guard,530.1708333333333,374.05,4.376976300707678,52.92966443778092,1467.0,2665.0,78.0,0.0,20.0,55.1,3600.0,10.0,20.49635060003493,2400.0,0.020833333333333332,0.0,0.0,1.0,0.7225,0.0,0.0,0.998228017301645
moscow,high,1103,ergs_no_calibration,530.1708333333333,374.05,4.376976300707678,52.92966443778092,1467.0,2665.0,78.0,0.0,20.0,55.1,3600.0,10.0,21.144369999994524,2400.0,0.020833333333333332,0.0,0.0,1.0,0.7225,0.0,0.0,0.998228017301645
moscow,high,1103,ergs_no_hysteresis,530.1708333333333,374.05,4.376976300707678,52.92966443778092,1467.0,2665.0,78.0,0.0,20.0,55.1,3600.0,10.0,20.720312000019476,2400.0,0.020833333333333332,0.0,0.0,1.0,0.7004166666666667,-0.4266021518719936,0.0,0.998228017301645
moscow,high,1103,ergs_v2,530.1708333333333,374.05,4.376976300707678,52.92966443778092,1467.0,2665.0,78.0,0.0,20.0,55.1,3600.0,10.0,20.857620600028895,2400.0,0.020833333333333332,0.0,0.0,1.0,0.7225,-0.4266021518719936,0.0,0.998228017301645
moscow,low,1001,fixed,48.77916666666667,9.979166666666666,10.81664600149037,7.20771530076808,649.0,700.0,3.0,0.0,2.0,159.0,3600.0,10.0,33.39886020007543,0.0,0.0,0.0,0.0,0.0,0.0,0.0,0.0,0.0
moscow,low,1001,max_pressure,51.19583333333333,12.120833333333334,10.44946643609524,8.27195753876245,642.0,700.0,0.0,0.0,0.0,39.8,3600.0,10.0,39.10052659991197,0.0,0.0,0.0,0.0,0.0,0.0,0.0,0.0,0.0
moscow,low,1001,ppo_ensemble,48.645833333333336,9.754166666666666,10.935323053663378,6.155733990122864,643.0,700.0,0.0,0.0,2.0,39.3,3600.0,10.0,34.455118800047785,0.0,0.0,0.0,0.0,0.0,0.0,0.0,0.0,0.0
moscow,low,1001,lightgpt_direct,49.49583333333333,10.529166666666667,10.743228566942028,6.852429924162564,643.0,700.0,0.0,0.0,4.0,38.9,3600.0,10.0,40.554408599971794,2400.0,1.0,0.029583333333333333,0.9979166666666667,0.0020833333333333333,0.0,0.0,0.0,0.6028730995562372
moscow,low,1001,lightgpt_review,48.645833333333336,9.754166666666666,10.935323053663378,6.155733990122864,643.0,700.0,0.0,0.0,2.0,39.3,3600.0,10.0,39.454674900043756,2400.0,1.0,0.0,0.99875,0.00125,0.0,0.0,0.0,0.9906711849397524
moscow,low,1001,ergs_no_event,48.645833333333336,9.754166666666666,10.935323053663378,6.155733990122864,643.0,700.0,0.0,0.0,2.0,39.3,3600.0,10.0,164.35566779994406,2400.0,1.0,0.0,0.0,1.0,0.0,-0.4221963388701752,0.0,0.9906711849397524
moscow,low,1001,ergs_no_guard,48.645833333333336,9.754166666666666,10.935323053663378,6.155733990122864,643.0,700.0,0.0,0.0,2.0,39.3,3600.0,10.0,43.49192860000767,2400.0,0.020833333333333332,0.0,0.0,1.0,0.515,0.0,0.0,0.9999842730120946
moscow,low,1001,ergs_no_calibration,48.645833333333336,9.754166666666666,10.935323053663378,6.155733990122864,643.0,700.0,0.0,0.0,2.0,39.3,3600.0,10.0,43.9079408000689,2400.0,0.020833333333333332,0.0,0.0,1.0,0.515,0.0,0.0,0.9999842730120946
moscow,low,1001,ergs_no_hysteresis,48.645833333333336,9.754166666666666,10.935323053663378,6.155733990122864,643.0,700.0,0.0,0.0,2.0,39.3,3600.0,10.0,41.99342279997654,2400.0,0.020833333333333332,0.0,0.0,1.0,0.5075,-0.41983000773214585,0.0,0.9999842730120946
moscow,low,1001,ergs_v2,48.645833333333336,9.754166666666666,10.935323053663378,6.155733990122864,643.0,700.0,0.0,0.0,2.0,39.3,3600.0,10.0,38.566873500007205,2400.0,0.020833333333333332,0.0,0.0,1.0,0.515,-0.41983000773214585,0.0,0.9999842730120946
moscow,low,1003,fixed,47.09166666666667,8.633333333333333,11.157135770697625,3.3709526746097658,648.0,700.0,0.0,0.0,4.0,159.0,3600.0,10.0,38.633948800037615,0.0,0.0,0.0,0.0,0.0,0.0,0.0,0.0,0.0
moscow,low,1003,max_pressure,52.0,13.495833333333334,10.124142464233188,9.442118471492176,642.0,700.0,0.0,0.0,2.0,39.0,3600.0,10.0,42.32031719991937,0.0,0.0,0.0,0.0,0.0,0.0,0.0,0.0,0.0
moscow,low,1003,ppo_ensemble,52.85,14.1,10.048871773845306,12.395968463604925,642.0,700.0,5.0,0.0,4.0,39.8,3600.0,10.0,37.690058000036515,0.0,0.0,0.0,0.0,0.0,0.0,0.0,0.0,0.0
moscow,low,1003,lightgpt_direct,49.47083333333333,10.908333333333333,10.602009795154776,6.99945525983782,642.0,700.0,0.0,0.0,4.0,38.7,3600.0,10.0,35.22829320002347,2400.0,1.0,0.017916666666666668,0.9975,0.0025,0.0,0.0,0.0,0.6029851107348122
moscow,low,1003,lightgpt_review,52.85,14.1,10.048871773845306,12.395968463604925,642.0,700.0,5.0,0.0,4.0,39.8,3600.0,10.0,39.44978540006559,2400.0,1.0,0.0,0.9966666666666667,0.0033333333333333335,0.0,0.0,0.0,0.9879215547778689
moscow,low,1003,ergs_no_event,52.85,14.1,10.048871773845306,12.395968463604925,642.0,700.0,5.0,0.0,4.0,39.8,3600.0,10.0,155.9260643000016,2400.0,1.0,0.0,0.0,1.0,0.0,-0.42203083533054514,0.0,0.9879215547778689
moscow,low,1003,ergs_no_guard,52.85,14.1,10.048871773845306,12.395968463604925,642.0,700.0,5.0,0.0,4.0,39.8,3600.0,10.0,39.78376339992974,2400.0,0.020833333333333332,0.0,0.0,1.0,0.5408333333333334,0.0,0.0,0.999678119256228
moscow,low,1003,ergs_no_calibration,52.85,14.1,10.048871773845306,12.395968463604925,642.0,700.0,5.0,0.0,4.0,39.8,3600.0,10.0,34.164033399894834,2400.0,0.020833333333333332,0.0,0.0,1.0,0.5408333333333334,0.0,0.0,0.999678119256228
moscow,low,1003,ergs_no_hysteresis,52.85,14.1,10.048871773845306,12.395968463604925,642.0,700.0,5.0,0.0,4.0,39.8,3600.0,10.0,38.318144899909385,2400.0,0.020833333333333332,0.0,0.0,1.0,0.5329166666666667,-0.41405177918296215,0.0,0.999678119256228
moscow,low,1003,ergs_v2,52.85,14.1,10.048871773845306,12.395968463604925,642.0,700.0,5.0,0.0,4.0,39.8,3600.0,10.0,39.479269700008444,2400.0,0.020833333333333332,0.0,0.0,1.0,0.5408333333333334,-0.41405177918296215,0.0,0.999678119256228
moscow,low,1007,fixed,46.30833333333333,8.325,11.248314283624369,3.284923848137149,644.0,700.0,0.0,0.0,0.0,159.0,3600.0,10.0,37.311072000069544,0.0,0.0,0.0,0.0,0.0,0.0,0.0,0.0,0.0
moscow,low,1007,max_pressure,51.483333333333334,13.304166666666667,10.248065594730152,9.890668668667248,643.0,700.0,2.0,0.0,0.0,39.4,3600.0,10.0,45.650769800064154,0.0,0.0,0.0,0.0,0.0,0.0,0.0,0.0,0.0
moscow,low,1007,ppo_ensemble,49.704166666666666,11.2625,10.588595162954435,8.332330536497793,649.0,700.0,1.0,0.0,0.0,39.0,3600.0,10.0,41.20712689997163,0.0,0.0,0.0,0.0,0.0,0.0,0.0,0.0,0.0
moscow,low,1007,lightgpt_direct,48.99583333333333,10.854166666666666,10.685610576392143,7.191322332408595,644.0,700.0,0.0,0.0,0.0,38.5,3600.0,10.0,36.21649509994313,2400.0,1.0,0.019583333333333335,0.9979166666666667,0.0020833333333333333,0.0,0.0,0.0,0.6032300393718291
moscow,low,1007,lightgpt_review,49.704166666666666,11.2625,10.588595162954435,8.332330536497793,649.0,700.0,1.0,0.0,0.0,39.0,3600.0,10.0,31.541435500024818,2400.0,1.0,0.0,0.9970833333333333,0.002916666666666667,0.0,0.0,0.0,0.989903254376041
moscow,low,1007,ergs_no_event,49.704166666666666,11.2625,10.588595162954435,8.332330536497793,649.0,700.0,1.0,0.0,0.0,39.0,3600.0,10.0,148.08104970003478,2400.0,1.0,0.0,0.0,1.0,0.0,-0.42155117159906874,0.0,0.989903254376041
moscow,low,1007,ergs_no_guard,49.704166666666666,11.2625,10.588595162954435,8.332330536497793,649.0,700.0,1.0,0.0,0.0,39.0,3600.0,10.0,36.79105230001733,2400.0,0.020833333333333332,0.0,0.0,1.0,0.5279166666666667,0.0,0.0,0.9993714494683784
moscow,low,1007,ergs_no_calibration,49.704166666666666,11.2625,10.588595162954435,8.332330536497793,649.0,700.0,1.0,0.0,0.0,39.0,3600.0,10.0,36.9772462999681,2400.0,0.020833333333333332,0.0,0.0,1.0,0.5279166666666667,0.0,0.0,0.9993714494683784
moscow,low,1007,ergs_no_hysteresis,49.704166666666666,11.2625,10.588595162954435,8.332330536497793,649.0,700.0,1.0,0.0,0.0,39.0,3600.0,10.0,40.870302799972706,2400.0,0.020833333333333332,0.0,0.0,1.0,0.52125,-0.4303034941539829,0.0,0.9993714494683784
moscow,low,1007,ergs_v2,49.704166666666666,11.2625,10.588595162954435,8.332330536497793,649.0,700.0,1.0,0.0,0.0,39.0,3600.0,10.0,37.847635700018145,2400.0,0.020833333333333332,0.0,0.0,1.0,0.5279166666666667,-0.4303034941539829,0.0,0.9993714494683784
moscow,low,1009,fixed,45.9,8.045833333333333,11.276935486066183,3.1462048104954143,649.0,700.0,0.0,0.0,6.0,159.0,3600.0,10.0,38.27353039989248,0.0,0.0,0.0,0.0,0.0,0.0,0.0,0.0,0.0
moscow,low,1009,max_pressure,50.4625,12.133333333333333,10.423765686621287,8.415751738873896,646.0,700.0,0.0,0.0,0.0,39.2,3600.0,10.0,39.69920589996036,0.0,0.0,0.0,0.0,0.0,0.0,0.0,0.0,0.0
moscow,low,1009,ppo_ensemble,47.94583333333333,9.6,10.978962442067969,5.784485277322224,646.0,700.0,0.0,0.0,4.0,39.0,3600.0,10.0,37.164530899957754,0.0,0.0,0.0,0.0,0.0,0.0,0.0,0.0,0.0
moscow,low,1009,lightgpt_direct,49.37083333333333,10.820833333333333,10.664562968835975,7.519315190100826,643.0,700.0,2.0,0.0,2.0,38.6,3600.0,10.0,33.8338739000028,2400.0,1.0,0.0225,0.9991666666666666,0.0008333333333333334,0.0,0.0,0.0,0.6031360342741123
moscow,low,1009,lightgpt_review,47.94583333333333,9.6,10.978962442067969,5.784485277322224,646.0,700.0,0.0,0.0,4.0,39.0,3600.0,10.0,36.83894559997134,2400.0,1.0,0.0,0.99875,0.00125,0.0,0.0,0.0,0.9899115311254147
moscow,low,1009,ergs_no_event,47.94583333333333,9.6,10.978962442067969,5.784485277322224,646.0,700.0,0.0,0.0,4.0,39.0,3600.0,10.0,172.3121560999425,2400.0,1.0,0.0,0.0,1.0,0.0,-0.4224690859124106,0.0,0.9899115311254147
moscow,low,1009,ergs_no_guard,47.94583333333333,9.6,10.978962442067969,5.784485277322224,646.0,700.0,0.0,0.0,4.0,39.0,3600.0,10.0,33.79701980005484,2400.0,0.020833333333333332,0.0,0.0,1.0,0.5145833333333333,0.0,0.0,0.9998313938775821
moscow,low,1009,ergs_no_calibration,47.94583333333333,9.6,10.978962442067969,5.784485277322224,646.0,700.0,0.0,0.0,4.0,39.0,3600.0,10.0,39.69367399998009,2400.0,0.020833333333333332,0.0,0.0,1.0,0.5145833333333333,0.0,0.0,0.9998313938775821
moscow,low,1009,ergs_no_hysteresis,47.94583333333333,9.6,10.978962442067969,5.784485277322224,646.0,700.0,0.0,0.0,4.0,39.0,3600.0,10.0,39.090064299991354,2400.0,0.020833333333333332,0.0,0.0,1.0,0.5066666666666667,-0.42244837933760515,0.0,0.9998313938775821
moscow,low,1009,ergs_v2,47.94583333333333,9.6,10.978962442067969,5.784485277322224,646.0,700.0,0.0,0.0,4.0,39.0,3600.0,10.0,39.77701419999357,2400.0,0.020833333333333332,0.0,0.0,1.0,0.5145833333333333,-0.42244837933760515,0.0,0.9998313938775821
moscow,low,1013,fixed,47.75,8.4375,11.282217587272859,3.1830810044968625,651.0,700.0,0.0,0.0,0.0,159.0,3600.0,10.0,34.37606699997559,0.0,0.0,0.0,0.0,0.0,0.0,0.0,0.0,0.0
moscow,low,1013,max_pressure,53.27916666666667,13.458333333333334,10.247801738206665,9.662830700084772,642.0,700.0,1.0,0.0,0.0,39.8,3600.0,10.0,39.88728600007016,0.0,0.0,0.0,0.0,0.0,0.0,0.0,0.0,0.0
moscow,low,1013,ppo_ensemble,52.1625,12.095833333333333,10.535340405696612,8.978800357133464,647.0,700.0,3.0,0.0,0.0,39.0,3600.0,10.0,35.88745499996003,0.0,0.0,0.0,0.0,0.0,0.0,0.0,0.0,0.0
moscow,low,1013,lightgpt_direct,52.11666666666667,12.1625,10.491517740975388,8.391353387095013,649.0,700.0,2.0,0.0,2.0,38.3,3600.0,10.0,34.419786200043745,2400.0,1.0,0.02666666666666667,0.9979166666666667,0.0020833333333333333,0.0,0.0,0.0,0.6027191621359114
moscow,low,1013,lightgpt_review,52.1625,12.095833333333333,10.535340405696612,8.978800357133464,647.0,700.0,3.0,0.0,0.0,39.0,3600.0,10.0,40.46002560004126,2400.0,1.0,0.0,0.9979166666666667,0.0020833333333333333,0.0,0.0,0.0,0.9903173307035996
moscow,low,1013,ergs_no_event,52.1625,12.095833333333333,10.535340405696612,8.978800357133464,647.0,700.0,3.0,0.0,0.0,39.0,3600.0,10.0,145.2638353999937,2400.0,1.0,0.0,0.0,1.0,0.0,-0.42184648053039847,0.0,0.9903173307035996
moscow,low,1013,ergs_no_guard,52.1625,12.095833333333333,10.535340405696612,8.978800357133464,647.0,700.0,3.0,0.0,0.0,39.0,3600.0,10.0,37.920930000022054,2400.0,0.020833333333333332,0.0,0.0,1.0,0.53625,0.0,0.0,0.9999842730120946
moscow,low,1013,ergs_no_calibration,52.1625,12.095833333333333,10.535340405696612,8.978800357133464,647.0,700.0,3.0,0.0,0.0,39.0,3600.0,10.0,39.136486399918795,2400.0,0.020833333333333332,0.0,0.0,1.0,0.53625,0.0,0.0,0.9999842730120946
moscow,low,1013,ergs_no_hysteresis,52.1625,12.095833333333333,10.535340405696612,8.978800357133464,647.0,700.0,3.0,0.0,0.0,39.0,3600.0,10.0,39.24557609995827,2400.0,0.020833333333333332,0.0,0.0,1.0,0.5283333333333333,-0.41983000773214585,0.0,0.9999842730120946
moscow,low,1013,ergs_v2,52.1625,12.095833333333333,10.535340405696612,8.978800357133464,647.0,700.0,3.0,0.0,0.0,39.0,3600.0,10.0,40.16546429996379,2400.0,0.020833333333333332,0.0,0.0,1.0,0.53625,-0.41983000773214585,0.0,0.9999842730120946
moscow,low,1019,fixed,47.641666666666666,8.104166666666666,11.400786013599898,2.9874933152778658,644.0,700.0,0.0,0.0,8.0,159.0,3600.0,10.0,36.959023499977775,0.0,0.0,0.0,0.0,0.0,0.0,0.0,0.0,0.0
moscow,low,1019,max_pressure,53.75416666666667,13.666666666666666,10.244941224859103,10.343344865113307,638.0,700.0,3.0,0.0,2.0,39.6,3600.0,10.0,37.9750152999768,0.0,0.0,0.0,0.0,0.0,0.0,0.0,0.0,0.0
moscow,low,1019,ppo_ensemble,50.270833333333336,10.316666666666666,10.899141925013446,6.19270808051815,641.0,700.0,0.0,0.0,6.0,39.3,3600.0,10.0,34.97096760000568,0.0,0.0,0.0,0.0,0.0,0.0,0.0,0.0,0.0
moscow,low,1019,lightgpt_direct,51.3,11.379166666666666,10.721451558257657,7.335253586100487,640.0,700.0,0.0,0.0,0.0,38.2,3600.0,10.0,36.69814860005863,2400.0,1.0,0.019166666666666665,0.9983333333333333,0.0016666666666666668,0.0,0.0,0.0,0.6031704974060867
moscow,low,1019,lightgpt_review,50.270833333333336,10.316666666666666,10.899141925013446,6.19270808051815,641.0,700.0,0.0,0.0,6.0,39.3,3600.0,10.0,39.32264580007177,2400.0,1.0,0.0,0.99875,0.00125,0.0,0.0,0.0,0.990203217517108
moscow,low,1019,ergs_no_event,50.270833333333336,10.316666666666666,10.899141925013446,6.19270808051815,641.0,700.0,0.0,0.0,6.0,39.3,3600.0,10.0,147.38671470002737,2400.0,1.0,0.0,0.0,1.0,0.0,-0.4223599870955165,0.0,0.990203217517108
moscow,low,1019,ergs_no_guard,50.270833333333336,10.316666666666666,10.899141925013446,6.19270808051815,641.0,700.0,0.0,0.0,6.0,39.3,3600.0,10.0,38.39109499996994,2400.0,0.020833333333333332,0.0,0.0,1.0,0.5229166666666667,0.0,0.0,0.9996781179134787
moscow,low,1019,ergs_no_calibration,50.270833333333336,10.316666666666666,10.899141925013446,6.19270808051815,641.0,700.0,0.0,0.0,6.0,39.3,3600.0,10.0,37.38071100006346,2400.0,0.020833333333333332,0.0,0.0,1.0,0.5229166666666667,0.0,0.0,0.9996781179134787
moscow,low,1019,ergs_no_hysteresis,50.270833333333336,10.316666666666666,10.899141925013446,6.19270808051815,641.0,700.0,0.0,0.0,6.0,39.3,3600.0,10.0,40.998826000024565,2400.0,0.020833333333333332,0.0,0.0,1.0,0.51375,-0.4250667509430644,0.0,0.9996781179134787
moscow,low,1019,ergs_v2,50.270833333333336,10.316666666666666,10.899141925013446,6.19270808051815,641.0,700.0,0.0,0.0,6.0,39.3,3600.0,10.0,42.58433570002671,2400.0,0.020833333333333332,0.0,0.0,1.0,0.5229166666666667,-0.4250667509430644,0.0,0.9996781179134787
moscow,low,1021,fixed,44.333333333333336,7.9875,11.288784335734885,3.314201948970551,652.0,700.0,0.0,0.0,2.0,159.0,3600.0,10.0,34.79070110002067,0.0,0.0,0.0,0.0,0.0,0.0,0.0,0.0,0.0
moscow,low,1021,max_pressure,48.958333333333336,12.158333333333333,10.386620079484503,8.768457601234154,646.0,700.0,0.0,0.0,2.0,39.4,3600.0,10.0,32.54328169999644,0.0,0.0,0.0,0.0,0.0,0.0,0.0,0.0,0.0
moscow,low,1021,ppo_ensemble,46.795833333333334,10.0375,10.778966504378275,6.758050033194648,647.0,700.0,0.0,0.0,4.0,39.1,3600.0,10.0,22.962061600061134,0.0,0.0,0.0,0.0,0.0,0.0,0.0,0.0,0.0
moscow,low,1021,lightgpt_direct,47.32083333333333,10.366666666666667,10.738121362029712,7.314783850799441,645.0,700.0,0.0,0.0,2.0,38.1,3600.0,10.0,21.78115940000862,2400.0,1.0,0.015416666666666667,0.99875,0.00125,0.0,0.0,0.0,0.6033304871505503
moscow,low,1021,lightgpt_review,46.795833333333334,10.0375,10.778966504378275,6.758050033194648,647.0,700.0,0.0,0.0,4.0,39.1,3600.0,10.0,21.137647100025788,2400.0,1.0,0.0,0.99875,0.00125,0.0,0.0,0.0,0.9909791119652561
moscow,low,1021,ergs_no_event,46.795833333333334,10.0375,10.778966504378275,6.758050033194648,647.0,700.0,0.0,0.0,4.0,39.1,3600.0,10.0,273.49852330004796,2400.0,1.0,0.0,0.0,1.0,0.0,-0.42208724005328113,0.0,0.9909791119652561
moscow,low,1021,ergs_no_guard,46.795833333333334,10.0375,10.778966504378275,6.758050033194648,647.0,700.0,0.0,0.0,4.0,39.1,3600.0,10.0,22.09407780005131,2400.0,0.020833333333333332,0.0,0.0,1.0,0.5208333333333334,0.0,0.0,0.9998309151982401
moscow,low,1021,ergs_no_calibration,46.795833333333334,10.0375,10.778966504378275,6.758050033194648,647.0,700.0,0.0,0.0,4.0,39.1,3600.0,10.0,22.429343200055882,2400.0,0.020833333333333332,0.0,0.0,1.0,0.5208333333333334,0.0,0.0,0.9998309151982401
moscow,low,1021,ergs_no_hysteresis,46.795833333333334,10.0375,10.778966504378275,6.758050033194648,647.0,700.0,0.0,0.0,4.0,39.1,3600.0,10.0,24.16913840000052,2400.0,0.020833333333333332,0.0,0.0,1.0,0.515,-0.4224483793376051,0.0,0.9998309151982401
moscow,low,1021,ergs_v2,46.795833333333334,10.0375,10.778966504378275,6.758050033194648,647.0,700.0,0.0,0.0,4.0,39.1,3600.0,10.0,21.979264399968088,2400.0,0.020833333333333332,0.0,0.0,1.0,0.5208333333333334,-0.4224483793376051,0.0,0.9998309151982401
moscow,low,1031,fixed,48.083333333333336,8.616666666666667,11.241557311300912,3.2827279990447495,650.0,700.0,0.0,0.0,4.0,159.0,3600.0,10.0,21.637575199943967,0.0,0.0,0.0,0.0,0.0,0.0,0.0,0.0,0.0
moscow,low,1031,max_pressure,54.475,14.65,10.021981629821568,11.388040821589513,642.0,700.0,1.0,0.0,0.0,39.9,3600.0,10.0,22.909681500052102,0.0,0.0,0.0,0.0,0.0,0.0,0.0,0.0,0.0
moscow,low,1031,ppo_ensemble,52.61666666666667,12.5875,10.406350182266253,10.434274816720283,648.0,700.0,5.0,0.0,2.0,39.9,3600.0,10.0,24.13623489998281,0.0,0.0,0.0,0.0,0.0,0.0,0.0,0.0,0.0
moscow,low,1031,lightgpt_direct,51.795833333333334,11.7375,10.554750316127155,8.16278087868773,644.0,700.0,1.0,0.0,2.0,38.5,3600.0,10.0,23.340836200048216,2400.0,1.0,0.024166666666666666,0.9975,0.0025,0.0,0.0,0.0,0.6031173047418392
moscow,low,1031,lightgpt_review,52.61666666666667,12.5875,10.406350182266253,10.434274816720283,648.0,700.0,5.0,0.0,2.0,39.9,3600.0,10.0,21.521790899918415,2400.0,1.0,0.0,0.9983333333333333,0.0016666666666666668,0.0,0.0,0.0,0.9885235036594473
moscow,low,1031,ergs_no_event,52.61666666666667,12.5875,10.406350182266253,10.434274816720283,648.0,700.0,5.0,0.0,2.0,39.9,3600.0,10.0,86.11094170005526,2400.0,1.0,0.0,0.0,1.0,0.0,-0.4227305520100988,0.0,0.9885235036594473
moscow,low,1031,ergs_no_guard,52.61666666666667,12.5875,10.406350182266253,10.434274816720283,648.0,700.0,5.0,0.0,2.0,39.9,3600.0,10.0,21.071835699956864,2400.0,0.020833333333333332,0.0,0.0,1.0,0.5370833333333334,0.0,0.0,0.9998315229099417
moscow,low,1031,ergs_no_calibration,52.61666666666667,12.5875,10.406350182266253,10.434274816720283,648.0,700.0,5.0,0.0,2.0,39.9,3600.0,10.0,24.4731652000919,2400.0,0.020833333333333332,0.0,0.0,1.0,0.5370833333333334,0.0,0.0,0.9998315229099417
moscow,low,1031,ergs_no_hysteresis,52.61666666666667,12.5875,10.406350182266253,10.434274816720283,648.0,700.0,5.0,0.0,2.0,39.9,3600.0,10.0,23.985978699987754,2400.0,0.020833333333333332,0.0,0.0,1.0,0.53,-0.4224483793376051,0.0,0.9998315229099417
moscow,low,1031,ergs_v2,52.61666666666667,12.5875,10.406350182266253,10.434274816720283,648.0,700.0,5.0,0.0,2.0,39.9,3600.0,10.0,23.038844499969855,2400.0,0.020833333333333332,0.0,0.0,1.0,0.5370833333333334,-0.4224483793376051,0.0,0.9998315229099417
moscow,low,1033,fixed,46.483333333333334,8.7125,11.175023284943697,4.488792447202896,651.0,700.0,1.0,0.0,8.0,159.0,3600.0,10.0,24.25130900007207,0.0,0.0,0.0,0.0,0.0,0.0,0.0,0.0,0.0
moscow,low,1033,max_pressure,49.979166666666664,12.120833333333334,10.508557560475086,8.161249805934956,646.0,700.0,0.0,0.0,6.0,39.3,3600.0,10.0,37.79036270000506,0.0,0.0,0.0,0.0,0.0,0.0,0.0,0.0,0.0
moscow,low,1033,ppo_ensemble,48.525,10.375,10.815873276611207,6.600910332522881,648.0,700.0,0.0,0.0,2.0,38.7,3600.0,10.0,31.072867600014433,0.0,0.0,0.0,0.0,0.0,0.0,0.0,0.0,0.0
moscow,low,1033,lightgpt_direct,49.833333333333336,11.65,10.519159343790449,7.356011785034905,647.0,700.0,0.0,0.0,6.0,38.6,3600.0,10.0,21.469743499998003,2400.0,1.0,0.022916666666666665,0.9966666666666667,0.0033333333333333335,0.0,0.0,0.0,0.6027929535595465
moscow,low,1033,lightgpt_review,48.525,10.375,10.815873276611207,6.600910332522881,648.0,700.0,0.0,0.0,2.0,38.7,3600.0,10.0,22.122511200024746,2400.0,1.0,0.0,0.9979166666666667,0.0020833333333333333,0.0,0.0,0.0,0.9908296329416965
moscow,low,1033,ergs_no_event,48.525,10.375,10.815873276611207,6.600910332522881,648.0,700.0,0.0,0.0,2.0,38.7,3600.0,10.0,85.62250339996535,2400.0,1.0,0.0,0.0,1.0,0.0,-0.4216828323050573,0.0,0.9908296329416965
moscow,low,1033,ergs_no_guard,48.525,10.375,10.815873276611207,6.600910332522881,648.0,700.0,0.0,0.0,2.0,38.7,3600.0,10.0,21.134511100011878,2400.0,0.020833333333333332,0.0,0.0,1.0,0.5225,0.0,0.0,0.9996781149371132
moscow,low,1033,ergs_no_calibration,48.525,10.375,10.815873276611207,6.600910332522881,648.0,700.0,0.0,0.0,2.0,38.7,3600.0,10.0,22.430253600003198,2400.0,0.020833333333333332,0.0,0.0,1.0,0.5225,0.0,0.0,0.9996781149371132
moscow,low,1033,ergs_no_hysteresis,48.525,10.375,10.815873276611207,6.600910332522881,648.0,700.0,0.0,0.0,2.0,38.7,3600.0,10.0,21.897487699985504,2400.0,0.020833333333333332,0.0,0.0,1.0,0.5141666666666667,-0.4250667509430644,0.0,0.9996781149371132
moscow,low,1033,ergs_v2,48.525,10.375,10.815873276611207,6.600910332522881,648.0,700.0,0.0,0.0,2.0,38.7,3600.0,10.0,24.8457880000351,2400.0,0.020833333333333332,0.0,0.0,1.0,0.5225,-0.4250667509430644,0.0,0.9996781149371132
moscow,low,1039,fixed,48.52916666666667,9.9,10.91636169015192,6.319101353035572,654.0,700.0,3.0,0.0,4.0,159.0,3600.0,10.0,21.368237599963322,0.0,0.0,0.0,0.0,0.0,0.0,0.0,0.0,0.0
moscow,low,1039,max_pressure,50.416666666666664,11.8875,10.478987424704496,8.382629593954082,651.0,700.0,0.0,0.0,0.0,39.5,3600.0,10.0,20.88254100002814,0.0,0.0,0.0,0.0,0.0,0.0,0.0,0.0,0.0
moscow,low,1039,ppo_ensemble,48.80416666666667,9.983333333333333,10.847481782858447,6.381613007790342,652.0,700.0,0.0,0.0,0.0,39.7,3600.0,10.0,22.11407460004557,0.0,0.0,0.0,0.0,0.0,0.0,0.0,0.0,0.0
moscow,low,1039,lightgpt_direct,49.24583333333333,10.258333333333333,10.780201400269368,6.7258937016890945,647.0,700.0,0.0,0.0,0.0,38.3,3600.0,10.0,21.555434299982153,2400.0,1.0,0.020833333333333332,0.9983333333333333,0.0016666666666666668,0.0,0.0,0.0,0.6031527086628723
moscow,low,1039,lightgpt_review,48.80416666666667,9.983333333333333,10.847481782858447,6.381613007790342,652.0,700.0,0.0,0.0,0.0,39.7,3600.0,10.0,21.26191099989228,2400.0,1.0,0.0,0.99875,0.00125,0.0,0.0,0.0,0.9894462382699916
moscow,low,1039,ergs_no_event,48.80416666666667,9.983333333333333,10.847481782858447,6.381613007790342,652.0,700.0,0.0,0.0,0.0,39.7,3600.0,10.0,88.31936720001977,2400.0,1.0,0.0,0.0,1.0,0.0,-0.4226327341377518,0.0,0.9894462382699916
moscow,low,1039,ergs_no_guard,48.80416666666667,9.983333333333333,10.847481782858447,6.381613007790342,652.0,700.0,0.0,0.0,0.0,39.7,3600.0,10.0,20.545079400064424,2400.0,0.020833333333333332,0.0,0.0,1.0,0.52,0.0,0.0,0.9998309151982401
moscow,low,1039,ergs_no_calibration,48.80416666666667,9.983333333333333,10.847481782858447,6.381613007790342,652.0,700.0,0.0,0.0,0.0,39.7,3600.0,10.0,22.349958200007677,2400.0,0.020833333333333332,0.0,0.0,1.0,0.52,0.0,0.0,0.9998309151982401
moscow,low,1039,ergs_no_hysteresis,48.80416666666667,9.983333333333333,10.847481782858447,6.381613007790342,652.0,700.0,0.0,0.0,0.0,39.7,3600.0,10.0,22.608434499939904,2400.0,0.020833333333333332,0.0,0.0,1.0,0.5133333333333333,-0.4224483793376051,0.0,0.9998309151982401
moscow,low,1039,ergs_v2,48.80416666666667,9.983333333333333,10.847481782858447,6.381613007790342,652.0,700.0,0.0,0.0,0.0,39.7,3600.0,10.0,25.004942699917592,2400.0,0.020833333333333332,0.0,0.0,1.0,0.52,-0.4224483793376051,0.0,0.9998309151982401
moscow,low,1049,fixed,47.766666666666666,9.0375,11.138560624091117,3.448099067960116,651.0,700.0,0.0,0.0,6.0,159.0,3600.0,10.0,28.83028950006701,0.0,0.0,0.0,0.0,0.0,0.0,0.0,0.0,0.0
moscow,low,1049,max_pressure,52.22083333333333,13.3625,10.246991965423927,9.345114631564968,640.0,700.0,0.0,0.0,6.0,39.5,3600.0,10.0,39.626952299964614,0.0,0.0,0.0,0.0,0.0,0.0,0.0,0.0,0.0
moscow,low,1049,ppo_ensemble,50.50833333333333,11.375,10.639666028702585,8.173345070790576,645.0,700.0,1.0,0.0,2.0,39.3,3600.0,10.0,38.99845169996843,0.0,0.0,0.0,0.0,0.0,0.0,0.0,0.0,0.0
moscow,low,1049,lightgpt_direct,50.50833333333333,11.266666666666667,10.654929329097474,7.078637147883346,651.0,700.0,0.0,0.0,8.0,38.6,3600.0,10.0,39.90532440005336,2400.0,1.0,0.019583333333333335,0.99875,0.00125,0.0,0.0,0.0,0.6029644423621028
moscow,low,1049,lightgpt_review,50.50833333333333,11.375,10.639666028702585,8.173345070790576,645.0,700.0,1.0,0.0,2.0,39.3,3600.0,10.0,39.68807380006183,2400.0,1.0,0.0,0.9983333333333333,0.0016666666666666668,0.0,0.0,0.0,0.9900667324468382
moscow,low,1049,ergs_no_event,50.50833333333333,11.375,10.639666028702585,8.173345070790576,645.0,700.0,1.0,0.0,2.0,39.3,3600.0,10.0,162.13878460007254,2400.0,1.0,0.0,0.0,1.0,0.0,-0.4221850579256281,0.0,0.9900667324468382
moscow,low,1049,ergs_no_guard,50.50833333333333,11.375,10.639666028702585,8.173345070790576,645.0,700.0,1.0,0.0,2.0,39.3,3600.0,10.0,43.31436089996714,2400.0,0.020833333333333332,0.0,0.0,1.0,0.5358333333333334,0.0,0.0,0.9996785117667039
moscow,low,1049,ergs_no_calibration,50.50833333333333,11.375,10.639666028702585,8.173345070790576,645.0,700.0,1.0,0.0,2.0,39.3,3600.0,10.0,41.75874590000603,2400.0,0.020833333333333332,0.0,0.0,1.0,0.5358333333333334,0.0,0.0,0.9996785117667039
moscow,low,1049,ergs_no_hysteresis,50.50833333333333,11.375,10.639666028702585,8.173345070790576,645.0,700.0,1.0,0.0,2.0,39.3,3600.0,10.0,44.532917400007136,2400.0,0.020833333333333332,0.0,0.0,1.0,0.52875,-0.42506675094306445,0.0,0.9996785117667039
moscow,low,1049,ergs_v2,50.50833333333333,11.375,10.639666028702585,8.173345070790576,645.0,700.0,1.0,0.0,2.0,39.3,3600.0,10.0,38.258843800053,2400.0,0.020833333333333332,0.0,0.0,1.0,0.5358333333333334,-0.42506675094306445,0.0,0.9996785117667039
moscow,low,1051,fixed,46.8625,8.204166666666667,11.207384733484913,3.2243247731067344,641.0,700.0,0.0,0.0,2.0,159.0,3600.0,10.0,33.43805710005108,0.0,0.0,0.0,0.0,0.0,0.0,0.0,0.0,0.0
moscow,low,1051,max_pressure,52.32083333333333,13.375,10.085426017209567,9.309388172523365,641.0,700.0,0.0,0.0,4.0,39.4,3600.0,10.0,41.03954939998221,0.0,0.0,0.0,0.0,0.0,0.0,0.0,0.0,0.0
moscow,low,1051,ppo_ensemble,49.3875,10.4,10.694236247582365,6.546273370506129,636.0,700.0,0.0,0.0,4.0,39.8,3600.0,10.0,36.159688299987465,0.0,0.0,0.0,0.0,0.0,0.0,0.0,0.0,0.0
moscow,low,1051,lightgpt_direct,50.729166666666664,11.504166666666666,10.446150553733622,7.462660254892555,642.0,700.0,0.0,0.0,6.0,38.4,3600.0,10.0,35.05139339994639,2400.0,1.0,0.019166666666666665,0.9975,0.0025,0.0,0.0,0.0,0.6030280584976808
moscow,low,1051,lightgpt_review,49.3875,10.4,10.694236247582365,6.546273370506129,636.0,700.0,0.0,0.0,4.0,39.8,3600.0,10.0,36.33249910001177,2400.0,1.0,0.0,0.9979166666666667,0.0020833333333333333,0.0,0.0,0.0,0.989600822363468
moscow,low,1051,ergs_no_event,49.3875,10.4,10.694236247582365,6.546273370506129,636.0,700.0,0.0,0.0,4.0,39.8,3600.0,10.0,154.71382629999425,2400.0,1.0,0.0,0.0,1.0,0.0,-0.4221192275726338,0.0,0.989600822363468
moscow,low,1051,ergs_no_guard,49.3875,10.4,10.694236247582365,6.546273370506129,636.0,700.0,0.0,0.0,4.0,39.8,3600.0,10.0,38.35378180001862,2400.0,0.020833333333333332,0.0,0.0,1.0,0.5316666666666666,0.0,0.0,0.9996781149371132
moscow,low,1051,ergs_no_calibration,49.3875,10.4,10.694236247582365,6.546273370506129,636.0,700.0,0.0,0.0,4.0,39.8,3600.0,10.0,36.7918882999802,2400.0,0.020833333333333332,0.0,0.0,1.0,0.5316666666666666,0.0,0.0,0.9996781149371132
moscow,low,1051,ergs_no_hysteresis,49.3875,10.4,10.694236247582365,6.546273370506129,636.0,700.0,0.0,0.0,4.0,39.8,3600.0,10.0,40.193172200000845,2400.0,0.020833333333333332,0.0,0.0,1.0,0.5233333333333333,-0.4250667509430644,0.0,0.9996781149371132
moscow,low,1051,ergs_v2,49.3875,10.4,10.694236247582365,6.546273370506129,636.0,700.0,0.0,0.0,4.0,39.8,3600.0,10.0,38.92297139996663,2400.0,0.020833333333333332,0.0,0.0,1.0,0.5316666666666666,-0.4250667509430644,0.0,0.9996781149371132
moscow,low,1061,fixed,46.84166666666667,8.9625,11.224987083670472,4.670705155838355,647.0,700.0,1.0,0.0,0.0,159.0,3600.0,10.0,35.545263599953614,0.0,0.0,0.0,0.0,0.0,0.0,0.0,0.0,0.0
moscow,low,1061,max_pressure,50.895833333333336,12.879166666666666,10.358333230629293,9.283051382496069,646.0,700.0,0.0,0.0,0.0,39.3,3600.0,10.0,45.35801229998469,0.0,0.0,0.0,0.0,0.0,0.0,0.0,0.0,0.0
moscow,low,1061,ppo_ensemble,48.295833333333334,10.291666666666666,10.907732422927978,6.489106186926339,645.0,700.0,0.0,0.0,0.0,39.1,3600.0,10.0,36.507475699996576,0.0,0.0,0.0,0.0,0.0,0.0,0.0,0.0,0.0
moscow,low,1061,lightgpt_direct,49.0625,11.041666666666666,10.68999633711418,7.1523998997262375,648.0,700.0,0.0,0.0,2.0,38.2,3600.0,10.0,41.21622900001239,2400.0,1.0,0.021666666666666667,0.9975,0.0025,0.0,0.0,0.0,0.6033051562914308
moscow,low,1061,lightgpt_review,48.295833333333334,10.291666666666666,10.907732422927978,6.489106186926339,645.0,700.0,0.0,0.0,0.0,39.1,3600.0,10.0,33.28549519996159,2400.0,1.0,0.0,0.99875,0.00125,0.0,0.0,0.0,0.9912843741359859
moscow,low,1061,ergs_no_event,48.295833333333334,10.291666666666666,10.907732422927978,6.489106186926339,645.0,700.0,0.0,0.0,0.0,39.1,3600.0,10.0,145.6771754999645,2400.0,1.0,0.0,0.0,1.0,0.0,-0.42197814123638705,0.0,0.9912843741359859
moscow,low,1061,ergs_no_guard,48.295833333333334,10.291666666666666,10.907732422927978,6.489106186926339,645.0,700.0,0.0,0.0,0.0,39.1,3600.0,10.0,35.751514000003226,2400.0,0.020833333333333332,0.0,0.0,1.0,0.5166666666666667,0.0,0.0,0.9996775573843856
moscow,low,1061,ergs_no_calibration,48.295833333333334,10.291666666666666,10.907732422927978,6.489106186926339,645.0,700.0,0.0,0.0,0.0,39.1,3600.0,10.0,37.30885729996953,2400.0,0.020833333333333332,0.0,0.0,1.0,0.5166666666666667,0.0,0.0,0.9996775573843856
moscow,low,1061,ergs_no_hysteresis,48.295833333333334,10.291666666666666,10.907732422927978,6.489106186926339,645.0,700.0,0.0,0.0,0.0,39.1,3600.0,10.0,39.508443300030194,2400.0,0.020833333333333332,0.0,0.0,1.0,0.5104166666666666,-0.42506675094306445,0.0,0.9996775573843856
moscow,low,1061,ergs_v2,48.295833333333334,10.291666666666666,10.907732422927978,6.489106186926339,645.0,700.0,0.0,0.0,0.0,39.1,3600.0,10.0,38.59337779995985,2400.0,0.020833333333333332,0.0,0.0,1.0,0.5166666666666667,-0.42506675094306445,0.0,0.9996775573843856
moscow,low,1063,fixed,48.94166666666667,9.583333333333334,10.960476292335132,4.495958033776173,648.0,700.0,1.0,0.0,4.0,159.0,3600.0,10.0,37.17497520009056,0.0,0.0,0.0,0.0,0.0,0.0,0.0,0.0,0.0
moscow,low,1063,max_pressure,53.9625,14.5,10.007397868521196,10.667843685379061,640.0,700.0,1.0,0.0,10.0,39.6,3600.0,10.0,42.46758840000257,0.0,0.0,0.0,0.0,0.0,0.0,0.0,0.0,0.0
moscow,low,1063,ppo_ensemble,52.175,12.333333333333334,10.440306821360517,8.524453872389712,647.0,700.0,1.0,0.0,4.0,40.2,3600.0,10.0,35.98685029998887,0.0,0.0,0.0,0.0,0.0,0.0,0.0,0.0,0.0
moscow,low,1063,lightgpt_direct,52.775,12.9375,10.345653825046561,8.82917907184582,645.0,700.0,1.0,0.0,8.0,38.8,3600.0,10.0,34.676092600100674,2400.0,1.0,0.02375,0.9966666666666667,0.0033333333333333335,0.0,0.0,0.0,0.6025991859130042
moscow,low,1063,lightgpt_review,52.175,12.333333333333334,10.440306821360517,8.524453872389712,647.0,700.0,1.0,0.0,4.0,40.2,3600.0,10.0,35.58454929990694,2400.0,1.0,0.0,0.9966666666666667,0.0033333333333333335,0.0,0.0,0.0,0.9872974481276939
moscow,low,1063,ergs_no_event,52.175,12.333333333333334,10.440306821360517,8.524453872389712,647.0,700.0,1.0,0.0,4.0,40.2,3600.0,10.0,175.06224580004346,2400.0,1.0,0.0,0.0,1.0,0.0,-0.4222490329643334,0.0,0.9872974481276939
moscow,low,1063,ergs_no_guard,52.175,12.333333333333334,10.440306821360517,8.524453872389712,647.0,700.0,1.0,0.0,4.0,40.2,3600.0,10.0,36.40386049996596,2400.0,0.020833333333333332,0.0,0.0,1.0,0.5379166666666667,0.0,0.0,0.9998315087608596
moscow,low,1063,ergs_no_calibration,52.175,12.333333333333334,10.440306821360517,8.524453872389712,647.0,700.0,1.0,0.0,4.0,40.2,3600.0,10.0,41.04728229995817,2400.0,0.020833333333333332,0.0,0.0,1.0,0.5379166666666667,0.0,0.0,0.9998315087608596
moscow,low,1063,ergs_no_hysteresis,52.175,12.333333333333334,10.440306821360517,8.524453872389712,647.0,700.0,1.0,0.0,4.0,40.2,3600.0,10.0,39.43615960003808,2400.0,0.020833333333333332,0.0,0.0,1.0,0.5333333333333333,-0.4224483793376051,0.0,0.9998315087608596
moscow,low,1063,ergs_v2,52.175,12.333333333333334,10.440306821360517,8.524453872389712,647.0,700.0,1.0,0.0,4.0,40.2,3600.0,10.0,36.672012600000016,2400.0,0.020833333333333332,0.0,0.0,1.0,0.5379166666666667,-0.4224483793376051,0.0,0.9998315087608596
moscow,low,1069,fixed,47.625,7.9375,11.301100091676313,2.9454268162963877,645.0,700.0,0.0,0.0,6.0,159.0,3600.0,10.0,32.04075520008337,0.0,0.0,0.0,0.0,0.0,0.0,0.0,0.0,0.0
moscow,low,1069,max_pressure,52.97083333333333,12.9625,10.199065463769518,8.815172086449024,639.0,700.0,0.0,0.0,6.0,39.5,3600.0,10.0,42.25491890008561,0.0,0.0,0.0,0.0,0.0,0.0,0.0,0.0,0.0
moscow,low,1069,ppo_ensemble,51.00833333333333,11.020833333333334,10.57921054133499,7.39441022221827,631.0,700.0,1.0,0.0,4.0,39.7,3600.0,10.0,36.45023400010541,0.0,0.0,0.0,0.0,0.0,0.0,0.0,0.0,0.0
moscow,low,1069,lightgpt_direct,50.9125,10.975,10.598616593054075,6.8152989269649655,643.0,700.0,0.0,0.0,2.0,38.4,3600.0,10.0,35.39178299997002,2400.0,1.0,0.0325,0.9983333333333333,0.0016666666666666668,0.0,0.0,0.0,0.6030788523513032
moscow,low,1069,lightgpt_review,51.00833333333333,11.020833333333334,10.57921054133499,7.39441022221827,631.0,700.0,1.0,0.0,4.0,39.7,3600.0,10.0,38.052983200061135,2400.0,1.0,0.0,0.99875,0.00125,0.0,0.0,0.0,0.9897558820407653
moscow,low,1069,ergs_no_event,51.00833333333333,11.020833333333334,10.57921054133499,7.39441022221827,631.0,700.0,1.0,0.0,4.0,39.7,3600.0,10.0,144.1146574000595,2400.0,1.0,0.0,0.0,1.0,0.0,-0.42252363532085774,0.0,0.9897558820407653
moscow,low,1069,ergs_no_guard,51.00833333333333,11.020833333333334,10.57921054133499,7.39441022221827,631.0,700.0,1.0,0.0,4.0,39.7,3600.0,10.0,36.46876550000161,2400.0,0.020833333333333332,0.0,0.0,1.0,0.5270833333333333,0.0,0.0,0.9998314727509677
moscow,low,1069,ergs_no_calibration,51.00833333333333,11.020833333333334,10.57921054133499,7.39441022221827,631.0,700.0,1.0,0.0,4.0,39.7,3600.0,10.0,39.34811670007184,2400.0,0.020833333333333332,0.0,0.0,1.0,0.5270833333333333,0.0,0.0,0.9998314727509677
moscow,low,1069,ergs_no_hysteresis,51.00833333333333,11.020833333333334,10.57921054133499,7.39441022221827,631.0,700.0,1.0,0.0,4.0,39.7,3600.0,10.0,38.222481700009666,2400.0,0.020833333333333332,0.0,0.0,1.0,0.5183333333333333,-0.4250667509430644,0.0,0.999678672489841
moscow,low,1069,ergs_v2,51.00833333333333,11.020833333333334,10.57921054133499,7.39441022221827,631.0,700.0,1.0,0.0,4.0,39.7,3600.0,10.0,38.804187900037505,2400.0,0.020833333333333332,0.0,0.0,1.0,0.5270833333333333,-0.4224483793376051,0.0,0.9998314727509677
moscow,low,1087,fixed,47.7375,8.5625,11.345963292641649,3.242494862901494,645.0,700.0,0.0,0.0,4.0,159.0,3600.0,10.0,36.33320310001727,0.0,0.0,0.0,0.0,0.0,0.0,0.0,0.0,0.0
moscow,low,1087,max_pressure,53.833333333333336,14.2125,10.138178411254092,11.031565465173015,645.0,699.0,1.0,0.0,2.0,40.1,3600.0,10.0,38.76829689997248,0.0,0.0,0.0,0.0,0.0,0.0,0.0,0.0,0.0
moscow,low,1087,ppo_ensemble,50.63333333333333,10.916666666666666,10.827835611432334,6.694080936838852,643.0,700.0,0.0,0.0,0.0,39.6,3600.0,10.0,36.08585190004669,0.0,0.0,0.0,0.0,0.0,0.0,0.0,0.0,0.0
moscow,low,1087,lightgpt_direct,53.50416666666667,13.570833333333333,10.31521776193856,11.269841884731687,645.0,699.0,7.0,0.0,0.0,38.7,3600.0,10.0,36.33971349999774,2400.0,1.0,0.024166666666666666,0.9983333333333333,0.0016666666666666668,0.0,0.0,0.0,0.6026264861092339
moscow,low,1087,lightgpt_review,50.63333333333333,10.916666666666666,10.827835611432334,6.694080936838852,643.0,700.0,0.0,0.0,0.0,39.6,3600.0,10.0,35.87626059993636,2400.0,1.0,0.0,0.9975,0.0025,0.0,0.0,0.0,0.989905978359819
moscow,low,1087,ergs_no_event,50.63333333333333,10.916666666666666,10.827835611432334,6.694080936838852,643.0,700.0,0.0,0.0,0.0,39.6,3600.0,10.0,146.1513245999813,2400.0,1.0,0.0,0.0,1.0,0.0,-0.4217806501774043,0.0,0.989905978359819
moscow,low,1087,ergs_no_guard,50.63333333333333,10.916666666666666,10.827835611432334,6.694080936838852,643.0,700.0,0.0,0.0,0.0,39.6,3600.0,10.0,36.228470299975015,2400.0,0.020833333333333332,0.0,0.0,1.0,0.52875,0.0,0.0,0.9998314727509677
moscow,low,1087,ergs_no_calibration,50.63333333333333,10.916666666666666,10.827835611432334,6.694080936838852,643.0,700.0,0.0,0.0,0.0,39.6,3600.0,10.0,39.16015729994979,2400.0,0.020833333333333332,0.0,0.0,1.0,0.52875,0.0,0.0,0.9998314727509677
moscow,low,1087,ergs_no_hysteresis,50.63333333333333,10.916666666666666,10.827835611432334,6.694080936838852,643.0,700.0,0.0,0.0,0.0,39.6,3600.0,10.0,39.20805839996319,2400.0,0.020833333333333332,0.0,0.0,1.0,0.5216666666666666,-0.4224483793376051,0.0,0.9998314727509677
moscow,low,1087,ergs_v2,50.63333333333333,10.916666666666666,10.827835611432334,6.694080936838852,643.0,700.0,0.0,0.0,0.0,39.6,3600.0,10.0,41.10183010005858,2400.0,0.020833333333333332,0.0,0.0,1.0,0.52875,-0.4224483793376051,0.0,0.9998314727509677
moscow,low,1091,fixed,47.270833333333336,8.283333333333333,11.319770430097673,3.1621098218214354,649.0,700.0,0.0,0.0,2.0,159.0,3600.0,10.0,35.90616770007182,0.0,0.0,0.0,0.0,0.0,0.0,0.0,0.0,0.0
moscow,low,1091,max_pressure,52.854166666666664,13.745833333333334,10.189897563529353,11.527083479906926,632.0,700.0,4.0,0.0,4.0,40.0,3600.0,10.0,40.18690109997988,0.0,0.0,0.0,0.0,0.0,0.0,0.0,0.0,0.0
moscow,low,1091,ppo_ensemble,50.12916666666667,10.620833333333334,10.818499962480004,7.0363076309084285,647.0,700.0,2.0,0.0,4.0,39.3,3600.0,10.0,25.656857899972238,0.0,0.0,0.0,0.0,0.0,0.0,0.0,0.0,0.0
moscow,low,1091,lightgpt_direct,49.84166666666667,10.475,10.862132545238683,6.67753047141601,649.0,700.0,0.0,0.0,6.0,38.5,3600.0,10.0,22.153510199976154,2400.0,1.0,0.02375,0.9991666666666666,0.0008333333333333334,0.0,0.0,0.0,0.6031344391007881
moscow,low,1091,lightgpt_review,50.12916666666667,10.620833333333334,10.818499962480004,7.0363076309084285,647.0,700.0,2.0,0.0,4.0,39.3,3600.0,10.0,22.187231000047177,2400.0,1.0,0.0,0.9995833333333334,0.0004166666666666667,0.0,0.0,0.0,0.9911313697042016
moscow,low,1091,ergs_no_event,50.12916666666667,10.620833333333334,10.818499962480004,7.0363076309084285,647.0,700.0,2.0,0.0,4.0,39.3,3600.0,10.0,270.36601300002076,2400.0,1.0,0.0,0.0,1.0,0.0,-0.42249164780150505,0.0,0.9911313697042016
moscow,low,1091,ergs_no_guard,50.12916666666667,10.620833333333334,10.818499962480004,7.0363076309084285,647.0,700.0,2.0,0.0,4.0,39.3,3600.0,10.0,21.645133799989708,2400.0,0.020833333333333332,0.0,0.0,1.0,0.5254166666666666,0.0,0.0,0.9996781650960874
moscow,low,1091,ergs_no_calibration,50.12916666666667,10.620833333333334,10.818499962480004,7.0363076309084285,647.0,700.0,2.0,0.0,4.0,39.3,3600.0,10.0,23.648215000052005,2400.0,0.020833333333333332,0.0,0.0,1.0,0.5254166666666666,0.0,0.0,0.9996781650960874
moscow,low,1091,ergs_no_hysteresis,50.12916666666667,10.620833333333334,10.818499962480004,7.0363076309084285,647.0,700.0,2.0,0.0,4.0,39.3,3600.0,10.0,24.259293199982494,2400.0,0.020833333333333332,0.0,0.0,1.0,0.5208333333333334,-0.42506675094306445,0.0,0.9996781650960874
moscow,low,1091,ergs_v2,50.12916666666667,10.620833333333334,10.818499962480004,7.0363076309084285,647.0,700.0,2.0,0.0,4.0,39.3,3600.0,10.0,22.98193300003186,2400.0,0.020833333333333332,0.0,0.0,1.0,0.5254166666666666,-0.42506675094306445,0.0,0.9996781650960874
moscow,low,1093,fixed,47.25416666666667,8.5625,11.282875415453569,3.228077374583332,642.0,700.0,0.0,0.0,2.0,159.0,3600.0,10.0,21.230157199897803,0.0,0.0,0.0,0.0,0.0,0.0,0.0,0.0,0.0
moscow,low,1093,max_pressure,52.28333333333333,13.241666666666667,10.2824823982774,8.906031285577866,641.0,700.0,0.0,0.0,2.0,38.9,3600.0,10.0,23.87786370003596,0.0,0.0,0.0,0.0,0.0,0.0,0.0,0.0,0.0
moscow,low,1093,ppo_ensemble,48.74166666666667,9.941666666666666,10.947042251980912,6.307636481023607,638.0,700.0,0.0,0.0,0.0,39.2,3600.0,10.0,21.892650600057095,0.0,0.0,0.0,0.0,0.0,0.0,0.0,0.0,0.0
moscow,low,1093,lightgpt_direct,51.145833333333336,12.058333333333334,10.482619705105009,8.403169450899219,638.0,700.0,1.0,0.0,0.0,38.1,3600.0,10.0,22.84884570003487,2400.0,1.0,0.022083333333333333,0.9995833333333334,0.0004166666666666667,0.0,0.0,0.0,0.603190481095074
moscow,low,1093,lightgpt_review,48.74166666666667,9.941666666666666,10.947042251980912,6.307636481023607,638.0,700.0,0.0,0.0,0.0,39.2,3600.0,10.0,22.071299600065686,2400.0,1.0,0.0,0.9983333333333333,0.0016666666666666668,0.0,0.0,0.0,0.9915913235037869
moscow,low,1093,ergs_no_event,48.74166666666667,9.941666666666666,10.947042251980912,6.307636481023607,638.0,700.0,0.0,0.0,0.0,39.2,3600.0,10.0,85.2142254000064,2400.0,1.0,0.0,0.0,1.0,0.0,-0.42163956384115747,0.0,0.9915913235037869
moscow,low,1093,ergs_no_guard,48.74166666666667,9.941666666666666,10.947042251980912,6.307636481023607,638.0,700.0,0.0,0.0,0.0,39.2,3600.0,10.0,21.071834100061096,2400.0,0.020833333333333332,0.0,0.0,1.0,0.5266666666666666,0.0,0.0,0.9998314727509677
moscow,low,1093,ergs_no_calibration,48.74166666666667,9.941666666666666,10.947042251980912,6.307636481023607,638.0,700.0,0.0,0.0,0.0,39.2,3600.0,10.0,23.93865350005217,2400.0,0.020833333333333332,0.0,0.0,1.0,0.5266666666666666,0.0,0.0,0.9998314727509677
moscow,low,1093,ergs_no_hysteresis,48.74166666666667,9.941666666666666,10.947042251980912,6.307636481023607,638.0,700.0,0.0,0.0,0.0,39.2,3600.0,10.0,24.079859499935992,2400.0,0.020833333333333332,0.0,0.0,1.0,0.52,-0.4224483793376051,0.0,0.9998314727509677
moscow,low,1093,ergs_v2,48.74166666666667,9.941666666666666,10.947042251980912,6.307636481023607,638.0,700.0,0.0,0.0,0.0,39.2,3600.0,10.0,23.24319079995621,2400.0,0.020833333333333332,0.0,0.0,1.0,0.5266666666666666,-0.4224483793376051,0.0,0.9998314727509677
moscow,low,1097,fixed,46.6625,8.291666666666666,11.353456492238742,3.2254039949969213,649.0,700.0,0.0,0.0,2.0,159.0,3600.0,10.0,22.58303550002165,0.0,0.0,0.0,0.0,0.0,0.0,0.0,0.0,0.0
moscow,low,1097,max_pressure,51.72083333333333,13.133333333333333,10.309829907323502,9.089476478170742,648.0,700.0,0.0,0.0,8.0,39.3,3600.0,10.0,34.09498149994761,0.0,0.0,0.0,0.0,0.0,0.0,0.0,0.0,0.0
moscow,low,1097,ppo_ensemble,48.958333333333336,10.291666666666666,10.865498180968697,6.851585890788088,648.0,700.0,0.0,0.0,0.0,38.7,3600.0,10.0,34.341185799916275,0.0,0.0,0.0,0.0,0.0,0.0,0.0,0.0,0.0
moscow,low,1097,lightgpt_direct,49.99166666666667,11.083333333333334,10.699427153882908,7.061988264854023,651.0,700.0,0.0,0.0,8.0,38.7,3600.0,10.0,31.19966049992945,2400.0,1.0,0.0175,0.9975,0.0025,0.0,0.0,0.0,0.6030964031873607
moscow,low,1097,lightgpt_review,48.958333333333336,10.291666666666666,10.865498180968697,6.851585890788088,648.0,700.0,0.0,0.0,0.0,38.7,3600.0,10.0,22.23707279993687,2400.0,1.0,0.0,0.9979166666666667,0.0020833333333333333,0.0,0.0,0.0,0.9925113031010422
moscow,low,1097,ergs_no_event,48.958333333333336,10.291666666666666,10.865498180968697,6.851585890788088,648.0,700.0,0.0,0.0,0.0,38.7,3600.0,10.0,85.00208559993189,2400.0,1.0,0.0,0.0,1.0,0.0,-0.4210827888121395,0.0,0.9925113031010422
moscow,low,1097,ergs_no_guard,48.958333333333336,10.291666666666666,10.865498180968697,6.851585890788088,648.0,700.0,0.0,0.0,0.0,38.7,3600.0,10.0,20.709978600032628,2400.0,0.020833333333333332,0.0,0.0,1.0,0.5304166666666666,0.0,0.0,0.9996785906400896
moscow,low,1097,ergs_no_calibration,48.958333333333336,10.291666666666666,10.865498180968697,6.851585890788088,648.0,700.0,0.0,0.0,0.0,38.7,3600.0,10.0,21.548268000013195,2400.0,0.020833333333333332,0.0,0.0,1.0,0.5304166666666666,0.0,0.0,0.9996785906400896
moscow,low,1097,ergs_no_hysteresis,48.958333333333336,10.291666666666666,10.865498180968697,6.851585890788088,648.0,700.0,0.0,0.0,0.0,38.7,3600.0,10.0,21.440969499992207,2400.0,0.020833333333333332,0.0,0.0,1.0,0.5225,-0.42506675094306445,0.0,0.9996785906400896
moscow,low,1097,ergs_v2,48.958333333333336,10.291666666666666,10.865498180968697,6.851585890788088,648.0,700.0,0.0,0.0,0.0,38.7,3600.0,10.0,23.445710700005293,2400.0,0.020833333333333332,0.0,0.0,1.0,0.5304166666666666,-0.42506675094306445,0.0,0.9996785906400896
moscow,low,1103,fixed,46.37916666666667,8.045833333333333,11.418712566835383,3.130747126056254,644.0,700.0,0.0,0.0,10.0,159.0,3600.0,10.0,20.910848900093697,0.0,0.0,0.0,0.0,0.0,0.0,0.0,0.0,0.0
moscow,low,1103,max_pressure,51.025,12.683333333333334,10.442555391485643,8.71478259649275,641.0,700.0,0.0,0.0,2.0,39.5,3600.0,10.0,24.158827999955975,0.0,0.0,0.0,0.0,0.0,0.0,0.0,0.0,0.0
moscow,low,1103,ppo_ensemble,50.454166666666666,11.458333333333334,10.635539567930929,8.275371774957966,640.0,700.0,5.0,0.0,2.0,39.2,3600.0,10.0,21.66540169995278,0.0,0.0,0.0,0.0,0.0,0.0,0.0,0.0,0.0
moscow,low,1103,lightgpt_direct,49.975,11.391666666666667,10.665504215263946,8.012303075109758,641.0,699.0,1.0,0.0,2.0,38.4,3600.0,10.0,20.67818189994432,2400.0,1.0,0.020833333333333332,0.9979166666666667,0.0020833333333333333,0.0,0.0,0.0,0.6029213756456556
moscow,low,1103,lightgpt_review,50.454166666666666,11.458333333333334,10.635539567930929,8.275371774957966,640.0,700.0,5.0,0.0,2.0,39.2,3600.0,10.0,20.597095099976286,2400.0,1.0,0.0,0.9983333333333333,0.0016666666666666668,0.0,0.0,0.0,0.9897342866397283
moscow,low,1103,ergs_no_event,50.454166666666666,11.458333333333334,10.635539567930929,8.275371774957966,640.0,700.0,5.0,0.0,2.0,39.2,3600.0,10.0,87.56642619997729,2400.0,1.0,0.0,0.0,1.0,0.0,-0.42229415674252224,0.0,0.9897342866397283
moscow,low,1103,ergs_no_guard,50.454166666666666,11.458333333333334,10.635539567930929,8.275371774957966,640.0,700.0,5.0,0.0,2.0,39.2,3600.0,10.0,22.786166499950923,2400.0,0.020833333333333332,0.0,0.0,1.0,0.5295833333333333,0.0,0.0,0.9998314269111082
moscow,low,1103,ergs_no_calibration,50.454166666666666,11.458333333333334,10.635539567930929,8.275371774957966,640.0,700.0,5.0,0.0,2.0,39.2,3600.0,10.0,23.406671700067818,2400.0,0.020833333333333332,0.0,0.0,1.0,0.5295833333333333,0.0,0.0,0.9998314269111082
moscow,low,1103,ergs_no_hysteresis,50.454166666666666,11.458333333333334,10.635539567930929,8.275371774957966,640.0,700.0,5.0,0.0,2.0,39.2,3600.0,10.0,19.35384380002506,2400.0,0.020833333333333332,0.0,0.0,1.0,0.5229166666666667,-0.4224483793376051,0.0,0.9998314269111082
moscow,low,1103,ergs_v2,50.454166666666666,11.458333333333334,10.635539567930929,8.275371774957966,640.0,700.0,5.0,0.0,2.0,39.2,3600.0,10.0,22.869542800006457,2400.0,0.020833333333333332,0.0,0.0,1.0,0.5295833333333333,-0.4224483793376051,0.0,0.9998314269111082
moscow,nominal,1001,fixed,110.0875,19.925,10.86540160996292,3.207246594817479,1476.0,1600.0,0.0,0.0,14.0,159.0,3600.0,10.0,32.50206630001776,0.0,0.0,0.0,0.0,0.0,0.0,0.0,0.0,0.0
moscow,nominal,1001,max_pressure,128.825,36.525,9.331707507008321,11.627432917490324,1452.0,1600.0,2.0,0.0,12.0,43.3,3600.0,10.0,38.69700369995553,0.0,0.0,0.0,0.0,0.0,0.0,0.0,0.0,0.0
moscow,nominal,1001,ppo_ensemble,116.75833333333334,24.820833333333333,10.366556268971474,6.9378360753773105,1469.0,1600.0,3.0,0.0,8.0,46.9,3600.0,10.0,41.94622010004241,0.0,0.0,0.0,0.0,0.0,0.0,0.0,0.0,0.0
moscow,nominal,1001,lightgpt_direct,134.025,40.295833333333334,9.092633687062705,17.35298973782902,1473.0,1600.0,14.0,0.0,8.0,42.5,3600.0,10.0,41.279182699974626,2400.0,1.0,0.08333333333333333,0.9933333333333333,0.006666666666666667,0.0,0.0,0.0,0.596434469957509
moscow,nominal,1001,lightgpt_review,116.75833333333334,24.820833333333333,10.366556268971474,6.9378360753773105,1469.0,1600.0,3.0,0.0,8.0,46.9,3600.0,10.0,42.445688700070605,2400.0,1.0,0.0,0.9920833333333333,0.007916666666666667,0.0,0.0,0.0,0.9640895381413408
moscow,nominal,1001,ergs_no_event,116.75833333333334,24.820833333333333,10.366556268971474,6.9378360753773105,1469.0,1600.0,3.0,0.0,8.0,46.9,3600.0,10.0,162.27499689999968,2400.0,1.0,0.0,0.0,1.0,0.0,-0.4279617292781506,0.0,0.9640895381413408
moscow,nominal,1001,ergs_no_guard,116.75833333333334,24.820833333333333,10.366556268971474,6.9378360753773105,1469.0,1600.0,3.0,0.0,8.0,46.9,3600.0,10.0,45.554998700041324,2400.0,0.020833333333333332,0.0,0.0,1.0,0.6045833333333334,0.0,0.0,0.9987591864537552
moscow,nominal,1001,ergs_no_calibration,116.75833333333334,24.820833333333333,10.366556268971474,6.9378360753773105,1469.0,1600.0,3.0,0.0,8.0,46.9,3600.0,10.0,46.09759900008794,2400.0,0.020833333333333332,0.0,0.0,1.0,0.6045833333333334,0.0,0.0,0.9987591864537552
moscow,nominal,1001,ergs_no_hysteresis,116.75833333333334,24.820833333333333,10.366556268971474,6.9378360753773105,1469.0,1600.0,3.0,0.0,8.0,46.9,3600.0,10.0,46.176367700099945,2400.0,0.020833333333333332,0.0,0.0,1.0,0.58125,-0.4407769805758201,0.0,0.9987591864537552
moscow,nominal,1001,ergs_v2,116.75833333333334,24.820833333333333,10.366556268971474,6.9378360753773105,1469.0,1600.0,3.0,0.0,8.0,46.9,3600.0,10.0,42.40434460004326,2400.0,0.020833333333333332,0.0,0.0,1.0,0.6045833333333334,-0.4407769805758201,0.0,0.9987591864537552
moscow,nominal,1003,fixed,131.20833333333334,37.875,9.342953393495428,15.316889356076391,1464.0,1600.0,14.0,0.0,8.0,159.0,3600.0,10.0,39.19694469997194,0.0,0.0,0.0,0.0,0.0,0.0,0.0,0.0,0.0
moscow,nominal,1003,max_pressure,124.0625,31.9625,9.750648291891041,8.985675800192219,1455.0,1596.0,0.0,0.0,8.0,41.2,3600.0,10.0,41.69754209998064,0.0,0.0,0.0,0.0,0.0,0.0,0.0,0.0,0.0
moscow,nominal,1003,ppo_ensemble,119.99166666666666,27.295833333333334,10.180014027184473,8.390038263702046,1462.0,1598.0,4.0,0.0,4.0,46.9,3600.0,10.0,42.952968499972485,0.0,0.0,0.0,0.0,0.0,0.0,0.0,0.0,0.0
moscow,nominal,1003,lightgpt_direct,137.92916666666667,44.5625,8.94620519626805,18.361552847609545,1409.0,1596.0,12.0,0.0,4.0,43.1,3600.0,10.0,38.80437839997467,2400.0,1.0,0.08,0.9916666666666667,0.008333333333333333,0.0,0.0,0.0,0.5950309108980294
moscow,nominal,1003,lightgpt_review,119.99166666666666,27.295833333333334,10.180014027184473,8.390038263702046,1462.0,1598.0,4.0,0.0,4.0,46.9,3600.0,10.0,37.72478620009497,2400.0,1.0,0.0,0.9925,0.0075,0.0,0.0,0.0,0.9630088010109493
moscow,nominal,1003,ergs_no_event,119.99166666666666,27.295833333333334,10.180014027184473,8.390038263702046,1462.0,1598.0,4.0,0.0,4.0,46.9,3600.0,10.0,156.45852169999853,2400.0,1.0,0.0,0.0,1.0,0.0,-0.4285730537156157,0.0,0.9630088010109493
moscow,nominal,1003,ergs_no_guard,119.99166666666666,27.295833333333334,10.180014027184473,8.390038263702046,1462.0,1598.0,4.0,0.0,4.0,46.9,3600.0,10.0,42.33358340000268,2400.0,0.020833333333333332,0.0,0.0,1.0,0.6125,0.0,0.0,0.9993726005837255
moscow,nominal,1003,ergs_no_calibration,119.99166666666666,27.295833333333334,10.180014027184473,8.390038263702046,1462.0,1598.0,4.0,0.0,4.0,46.9,3600.0,10.0,43.63458539999556,2400.0,0.020833333333333332,0.0,0.0,1.0,0.6125,0.0,0.0,0.9993726005837255
moscow,nominal,1003,ergs_no_hysteresis,119.99166666666666,27.295833333333334,10.180014027184473,8.390038263702046,1462.0,1598.0,4.0,0.0,4.0,46.9,3600.0,10.0,43.04863929993007,2400.0,0.020833333333333332,0.0,0.0,1.0,0.5870833333333333,-0.4329218657594423,0.0,0.999219242769871
moscow,nominal,1003,ergs_v2,119.99166666666666,27.295833333333334,10.180014027184473,8.390038263702046,1462.0,1598.0,4.0,0.0,4.0,46.9,3600.0,10.0,43.1306920000352,2400.0,0.020833333333333332,0.0,0.0,1.0,0.6125,-0.430303494153983,0.0,0.9993726005837255
moscow,nominal,1007,fixed,120.81666666666666,27.220833333333335,10.16383143253277,8.557162787409618,1459.0,1600.0,4.0,0.0,10.0,159.0,3600.0,10.0,42.78988329996355,0.0,0.0,0.0,0.0,0.0,0.0,0.0,0.0,0.0
moscow,nominal,1007,max_pressure,141.725,46.45,8.76437835108928,17.577371748938084,1421.0,1599.0,12.0,0.0,2.0,43.6,3600.0,10.0,45.85879779991228,0.0,0.0,0.0,0.0,0.0,0.0,0.0,0.0,0.0
moscow,nominal,1007,ppo_ensemble,131.075,36.31666666666667,9.480592640017477,14.867029750538755,1424.0,1599.0,12.0,0.0,10.0,47.3,3600.0,10.0,40.776164099923335,0.0,0.0,0.0,0.0,0.0,0.0,0.0,0.0,0.0
moscow,nominal,1007,lightgpt_direct,122.59166666666667,29.375,10.029216495058087,9.395577012227468,1438.0,1600.0,5.0,0.0,8.0,42.5,3600.0,10.0,38.17880650004372,2400.0,1.0,0.06708333333333333,0.9933333333333333,0.006666666666666667,0.0,0.0,0.0,0.5972302377700263
moscow,nominal,1007,lightgpt_review,131.075,36.31666666666667,9.480592640017477,14.867029750538755,1424.0,1599.0,12.0,0.0,10.0,47.3,3600.0,10.0,39.53522980003618,2400.0,1.0,0.0,0.9908333333333333,0.009166666666666667,0.0,0.0,0.0,0.9622528767947199
moscow,nominal,1007,ergs_no_event,131.075,36.31666666666667,9.480592640017477,14.867029750538755,1424.0,1599.0,12.0,0.0,10.0,47.3,3600.0,10.0,151.3547322000377,2400.0,1.0,0.0,0.0,1.0,0.0,-0.42792788644450924,0.0,0.9622528767947199
moscow,nominal,1007,ergs_no_guard,131.075,36.31666666666667,9.480592640017477,14.867029750538755,1424.0,1599.0,12.0,0.0,10.0,47.3,3600.0,10.0,42.94384900003206,2400.0,0.020833333333333332,0.0,0.0,1.0,0.62375,0.0,0.0,0.9992185979723487
moscow,nominal,1007,ergs_no_calibration,131.075,36.31666666666667,9.480592640017477,14.867029750538755,1424.0,1599.0,12.0,0.0,10.0,47.3,3600.0,10.0,42.79730810003821,2400.0,0.020833333333333332,0.0,0.0,1.0,0.62375,0.0,0.0,0.9992185979723487
moscow,nominal,1007,ergs_no_hysteresis,131.075,36.31666666666667,9.480592640017477,14.867029750538755,1424.0,1599.0,12.0,0.0,10.0,47.3,3600.0,10.0,41.08871669997461,2400.0,0.020833333333333332,0.0,0.0,1.0,0.6041666666666666,-0.4329218657594422,0.0,0.9992185979723487
moscow,nominal,1007,ergs_v2,131.075,36.31666666666667,9.480592640017477,14.867029750538755,1424.0,1599.0,12.0,0.0,10.0,47.3,3600.0,10.0,42.12127220002003,2400.0,0.020833333333333332,0.0,0.0,1.0,0.62375,-0.4329218657594422,0.0,0.9992185979723487
moscow,nominal,1009,fixed,116.5375,25.0625,10.332204907767922,6.198643640463516,1466.0,1600.0,4.0,0.0,10.0,159.0,3600.0,10.0,35.989889300079085,0.0,0.0,0.0,0.0,0.0,0.0,0.0,0.0,0.0
moscow,nominal,1009,max_pressure,139.85416666666666,48.03333333333333,8.544884305815287,19.95645934531248,1397.0,1599.0,12.0,0.0,14.0,42.8,3600.0,10.0,44.16722689999733,0.0,0.0,0.0,0.0,0.0,0.0,0.0,0.0,0.0
moscow,nominal,1009,ppo_ensemble,116.08333333333333,25.354166666666668,10.329279994693172,8.544545917968884,1454.0,1599.0,3.0,0.0,10.0,46.6,3600.0,10.0,39.966382800019346,0.0,0.0,0.0,0.0,0.0,0.0,0.0,0.0,0.0
moscow,nominal,1009,lightgpt_direct,144.5,53.55833333333333,8.260398351082033,27.134766509891318,1355.0,1597.0,16.0,0.0,18.0,42.7,3600.0,10.0,44.61063800007105,2400.0,1.0,0.07625,0.9916666666666667,0.008333333333333333,0.0,0.0,0.0,0.5958110058649518
moscow,nominal,1009,lightgpt_review,116.08333333333333,25.354166666666668,10.329279994693172,8.544545917968884,1454.0,1599.0,3.0,0.0,10.0,46.6,3600.0,10.0,41.09759510005824,2400.0,1.0,0.0,0.9933333333333333,0.006666666666666667,0.0,0.0,0.0,0.965679833191709
moscow,nominal,1009,ergs_no_event,116.08333333333333,25.354166666666668,10.329279994693172,8.544545917968884,1454.0,1599.0,3.0,0.0,10.0,46.6,3600.0,10.0,152.60672469995916,2400.0,1.0,0.0,0.0,1.0,0.0,-0.42810467092868637,0.0,0.965679833191709
moscow,nominal,1009,ergs_no_guard,116.08333333333333,25.354166666666668,10.329279994693172,8.544545917968884,1454.0,1599.0,3.0,0.0,10.0,46.6,3600.0,10.0,40.47706359997392,2400.0,0.020833333333333332,0.0,0.0,1.0,0.6079166666666667,0.0,0.0,0.9990566917490276
moscow,nominal,1009,ergs_no_calibration,116.08333333333333,25.354166666666668,10.329279994693172,8.544545917968884,1454.0,1599.0,3.0,0.0,10.0,46.6,3600.0,10.0,42.34129550005309,2400.0,0.020833333333333332,0.0,0.0,1.0,0.6079166666666667,0.0,0.0,0.9990566917490276
moscow,nominal,1009,ergs_no_hysteresis,116.08333333333333,25.354166666666668,10.329279994693172,8.544545917968884,1454.0,1599.0,3.0,0.0,10.0,46.6,3600.0,10.0,41.54321739997249,2400.0,0.020833333333333332,0.0,0.0,1.0,0.58625,-0.4245252656047993,0.0,0.9990566917490276
moscow,nominal,1009,ergs_v2,116.08333333333333,25.354166666666668,10.329279994693172,8.544545917968884,1454.0,1599.0,3.0,0.0,10.0,46.6,3600.0,10.0,41.32205299998168,2400.0,0.020833333333333332,0.0,0.0,1.0,0.6079166666666667,-0.4245252656047993,0.0,0.9990566917490276
moscow,nominal,1013,fixed,123.0125,30.841666666666665,9.856575225581855,10.119856795592192,1435.0,1598.0,7.0,0.0,6.0,159.0,3600.0,10.0,33.21509529999457,0.0,0.0,0.0,0.0,0.0,0.0,0.0,0.0,0.0
moscow,nominal,1013,max_pressure,142.59166666666667,49.475,8.568599327436957,19.722801951372723,1390.0,1599.0,12.0,0.0,12.0,43.2,3600.0,10.0,44.892117799958214,0.0,0.0,0.0,0.0,0.0,0.0,0.0,0.0,0.0
moscow,nominal,1013,ppo_ensemble,127.08333333333333,34.62083333333333,9.571959269696235,14.548023852494698,1415.0,1598.0,18.0,0.0,10.0,46.9,3600.0,10.0,37.323295500013046,0.0,0.0,0.0,0.0,0.0,0.0,0.0,0.0,0.0
moscow,nominal,1013,lightgpt_direct,129.05416666666667,36.45,9.446546706362811,14.033089623187726,1392.0,1597.0,8.0,0.0,8.0,43.8,3600.0,10.0,41.75103610008955,2400.0,1.0,0.07833333333333334,0.9925,0.0075,0.0,0.0,0.0,0.5953864685401669
moscow,nominal,1013,lightgpt_review,127.08333333333333,34.62083333333333,9.571959269696235,14.548023852494698,1415.0,1598.0,18.0,0.0,10.0,46.9,3600.0,10.0,40.14045459998306,2400.0,1.0,0.0,0.9925,0.0075,0.0,0.0,0.0,0.9633469824285569
moscow,nominal,1013,ergs_no_event,127.08333333333333,34.62083333333333,9.571959269696235,14.548023852494698,1415.0,1598.0,18.0,0.0,10.0,46.9,3600.0,10.0,147.64633959997445,2400.0,1.0,0.0,0.0,1.0,0.0,-0.4284639548987214,0.0,0.9633469824285569
moscow,nominal,1013,ergs_no_guard,127.08333333333333,34.62083333333333,9.571959269696235,14.548023852494698,1415.0,1598.0,18.0,0.0,10.0,46.9,3600.0,10.0,36.08447490003891,2400.0,0.020833333333333332,0.0,0.0,1.0,0.6308333333333334,0.0,0.0,0.9990612742435429
moscow,nominal,1013,ergs_no_calibration,127.08333333333333,34.62083333333333,9.571959269696235,14.548023852494698,1415.0,1598.0,18.0,0.0,10.0,46.9,3600.0,10.0,41.72299729997758,2400.0,0.020833333333333332,0.0,0.0,1.0,0.6308333333333334,0.0,0.0,0.9990612742435429
moscow,nominal,1013,ergs_no_hysteresis,127.08333333333333,34.62083333333333,9.571959269696235,14.548023852494698,1415.0,1598.0,18.0,0.0,10.0,46.9,3600.0,10.0,41.777862199931405,2400.0,0.020833333333333332,0.0,0.0,1.0,0.6075,-0.4381586089703608,0.0,0.9989079164296883
moscow,nominal,1013,ergs_v2,127.08333333333333,34.62083333333333,9.571959269696235,14.548023852494698,1415.0,1598.0,18.0,0.0,10.0,46.9,3600.0,10.0,39.411054000025615,2400.0,0.020833333333333332,0.0,0.0,1.0,0.6308333333333334,-0.4355402373649015,0.0,0.9990612742435429
moscow,nominal,1019,fixed,130.675,37.45,9.382818965444367,14.418400737355292,1413.0,1598.0,9.0,0.0,12.0,159.0,3600.0,10.0,39.5986864999868,0.0,0.0,0.0,0.0,0.0,0.0,0.0,0.0,0.0
moscow,nominal,1019,max_pressure,134.8875,38.74583333333333,9.295478898181821,12.22611492392381,1471.0,1598.0,7.0,0.0,12.0,43.9,3600.0,10.0,41.926523299887776,0.0,0.0,0.0,0.0,0.0,0.0,0.0,0.0,0.0
moscow,nominal,1019,ppo_ensemble,114.71666666666667,21.683333333333334,10.76870973959311,4.940431881059195,1467.0,1600.0,0.0,0.0,12.0,46.6,3600.0,10.0,39.18498599994928,0.0,0.0,0.0,0.0,0.0,0.0,0.0,0.0,0.0
moscow,nominal,1019,lightgpt_direct,129.3375,36.15,9.45459385837906,14.47716280043236,1412.0,1599.0,11.0,0.0,8.0,43.4,3600.0,10.0,42.64808940002695,2400.0,1.0,0.06958333333333333,0.9925,0.0075,0.0,0.0,0.0,0.5969575247261167
moscow,nominal,1019,lightgpt_review,114.71666666666667,21.683333333333334,10.76870973959311,4.940431881059195,1467.0,1600.0,0.0,0.0,12.0,46.6,3600.0,10.0,39.02018980006687,2400.0,1.0,0.0,0.9941666666666666,0.005833333333333334,0.0,0.0,0.0,0.9644506561375279
moscow,nominal,1019,ergs_no_event,114.71666666666667,21.683333333333334,10.76870973959311,4.940431881059195,1467.0,1600.0,0.0,0.0,12.0,46.6,3600.0,10.0,161.50560359994415,2400.0,1.0,0.0,0.0,1.0,0.0,-0.4290000233529339,0.0,0.9644506561375279
moscow,nominal,1019,ergs_no_guard,114.71666666666667,21.683333333333334,10.76870973959311,4.940431881059195,1467.0,1600.0,0.0,0.0,12.0,46.6,3600.0,10.0,39.90801640006248,2400.0,0.020833333333333332,0.0,0.0,1.0,0.5925,0.0,0.0,0.9992187023425914
moscow,nominal,1019,ergs_no_calibration,114.71666666666667,21.683333333333334,10.76870973959311,4.940431881059195,1467.0,1600.0,0.0,0.0,12.0,46.6,3600.0,10.0,39.21343620005064,2400.0,0.020833333333333332,0.0,0.0,1.0,0.5925,0.0,0.0,0.9992187023425914
moscow,nominal,1019,ergs_no_hysteresis,114.71666666666667,21.683333333333334,10.76870973959311,4.940431881059195,1467.0,1600.0,0.0,0.0,12.0,46.6,3600.0,10.0,28.910121000022627,2400.0,0.020833333333333332,0.0,0.0,1.0,0.56875,-0.42190689399934,0.0,0.9992187023425914
moscow,nominal,1019,ergs_v2,114.71666666666667,21.683333333333334,10.76870973959311,4.940431881059195,1467.0,1600.0,0.0,0.0,12.0,46.6,3600.0,10.0,24.809984100051224,2400.0,0.020833333333333332,0.0,0.0,1.0,0.5925,-0.42190689399934,0.0,0.9992187023425914
moscow,nominal,1021,fixed,114.49166666666666,24.370833333333334,10.470869271050415,5.769505271310087,1474.0,1600.0,4.0,0.0,10.0,159.0,3600.0,10.0,21.93598050007131,0.0,0.0,0.0,0.0,0.0,0.0,0.0,0.0,0.0
moscow,nominal,1021,max_pressure,125.84166666666667,34.65416666666667,9.55918606966623,10.246635717544866,1458.0,1600.0,2.0,0.0,16.0,43.0,3600.0,10.0,25.64303989999462,0.0,0.0,0.0,0.0,0.0,0.0,0.0,0.0,0.0
moscow,nominal,1021,ppo_ensemble,114.52083333333333,23.933333333333334,10.490220945322374,7.0711449348350275,1475.0,1600.0,5.0,0.0,10.0,46.6,3600.0,10.0,33.46438650006894,0.0,0.0,0.0,0.0,0.0,0.0,0.0,0.0,0.0
moscow,nominal,1021,lightgpt_direct,114.0,23.9,10.51949278482949,5.917187165869528,1476.0,1600.0,0.0,0.0,10.0,42.8,3600.0,10.0,32.91420290002134,2400.0,1.0,0.08041666666666666,0.9925,0.0075,0.0,0.0,0.0,0.597100754837899
moscow,nominal,1021,lightgpt_review,114.52083333333333,23.933333333333334,10.490220945322374,7.0711449348350275,1475.0,1600.0,5.0,0.0,10.0,46.6,3600.0,10.0,31.333089200081304,2400.0,1.0,0.0,0.9933333333333333,0.006666666666666667,0.0,0.0,0.0,0.9638129235434163
moscow,nominal,1021,ergs_no_event,114.52083333333333,23.933333333333334,10.490220945322374,7.0711449348350275,1475.0,1600.0,5.0,0.0,10.0,46.6,3600.0,10.0,168.66579270001967,2400.0,1.0,0.0,0.0,1.0,0.0,-0.42875926383005125,0.0,0.9638129235434163
moscow,nominal,1021,ergs_no_guard,114.52083333333333,23.933333333333334,10.490220945322374,7.0711449348350275,1475.0,1600.0,5.0,0.0,10.0,46.6,3600.0,10.0,23.990886899991892,2400.0,0.020833333333333332,0.0,0.0,1.0,0.5970833333333333,0.0,0.0,0.9982914116384355
moscow,nominal,1021,ergs_no_calibration,114.52083333333333,23.933333333333334,10.490220945322374,7.0711449348350275,1475.0,1600.0,5.0,0.0,10.0,46.6,3600.0,10.0,23.564094699919224,2400.0,0.020833333333333332,0.0,0.0,1.0,0.5970833333333333,0.0,0.0,0.9982914116384355
moscow,nominal,1021,ergs_no_hysteresis,114.52083333333333,23.933333333333334,10.490220945322374,7.0711449348350275,1475.0,1600.0,5.0,0.0,10.0,46.6,3600.0,10.0,24.722941499901935,2400.0,0.020833333333333332,0.0,0.0,1.0,0.5741666666666667,-0.4376171236320957,0.0,0.9982914116384355
moscow,nominal,1021,ergs_v2,114.52083333333333,23.933333333333334,10.490220945322374,7.0711449348350275,1475.0,1600.0,5.0,0.0,10.0,46.6,3600.0,10.0,25.290898700011894,2400.0,0.020833333333333332,0.0,0.0,1.0,0.5970833333333333,-0.4376171236320957,0.0,0.9982914116384355
moscow,nominal,1031,fixed,206.45416666666668,105.95416666666667,6.572510833245502,40.91983875773364,1316.0,1597.0,37.0,0.0,8.0,159.0,3600.0,10.0,25.76215450000018,0.0,0.0,0.0,0.0,0.0,0.0,0.0,0.0,0.0
moscow,nominal,1031,max_pressure,138.64583333333334,42.704166666666666,9.008529460612115,16.108692095134867,1473.0,1600.0,8.0,0.0,10.0,42.5,3600.0,10.0,27.13002280006185,0.0,0.0,0.0,0.0,0.0,0.0,0.0,0.0,0.0
moscow,nominal,1031,ppo_ensemble,128.50416666666666,33.291666666666664,9.699144481745671,12.533149674393567,1468.0,1600.0,8.0,0.0,10.0,47.1,3600.0,10.0,24.997319799964316,0.0,0.0,0.0,0.0,0.0,0.0,0.0,0.0,0.0
moscow,nominal,1031,lightgpt_direct,121.22083333333333,27.220833333333335,10.223913661929513,7.7321538863302655,1478.0,1600.0,3.0,0.0,14.0,43.5,3600.0,10.0,23.107564299949445,2400.0,1.0,0.07875,0.9925,0.0075,0.0,0.0,0.0,0.5968006103960156
moscow,nominal,1031,lightgpt_review,128.50416666666666,33.291666666666664,9.699144481745671,12.533149674393567,1468.0,1600.0,8.0,0.0,10.0,47.1,3600.0,10.0,23.16312150005251,2400.0,1.0,0.0,0.9925,0.0075,0.0,0.0,0.0,0.9640886671932882
moscow,nominal,1031,ergs_no_event,128.50416666666666,33.291666666666664,9.699144481745671,12.533149674393567,1468.0,1600.0,8.0,0.0,10.0,47.1,3600.0,10.0,85.048334699939,2400.0,1.0,0.0,0.0,1.0,0.0,-0.4281912078564862,0.0,0.9640886671932882
moscow,nominal,1031,ergs_no_guard,128.50416666666666,33.291666666666664,9.699144481745671,12.533149674393567,1468.0,1600.0,8.0,0.0,10.0,47.1,3600.0,10.0,23.828272100072354,2400.0,0.020833333333333332,0.0,0.0,1.0,0.6316666666666667,0.0,0.0,0.999066442508744
moscow,nominal,1031,ergs_no_calibration,128.50416666666666,33.291666666666664,9.699144481745671,12.533149674393567,1468.0,1600.0,8.0,0.0,10.0,47.1,3600.0,10.0,25.74953330005519,2400.0,0.020833333333333332,0.0,0.0,1.0,0.6316666666666667,0.0,0.0,0.999066442508744
moscow,nominal,1031,ergs_no_hysteresis,128.50416666666666,33.291666666666664,9.699144481745671,12.533149674393567,1468.0,1600.0,8.0,0.0,10.0,47.1,3600.0,10.0,41.44333779998124,2400.0,0.020833333333333332,0.0,0.0,1.0,0.6083333333333333,-0.4245252656047993,0.0,0.999066442508744
moscow,nominal,1031,ergs_v2,128.50416666666666,33.291666666666664,9.699144481745671,12.533149674393567,1468.0,1600.0,8.0,0.0,10.0,47.1,3600.0,10.0,39.770432099932805,2400.0,0.020833333333333332,0.0,0.0,1.0,0.6316666666666667,-0.4245252656047993,0.0,0.999066442508744
moscow,nominal,1033,fixed,115.3125,24.0625,10.548865673722734,6.302098431926485,1455.0,1600.0,3.0,0.0,12.0,159.0,3600.0,10.0,24.36928139999509,0.0,0.0,0.0,0.0,0.0,0.0,0.0,0.0,0.0
moscow,nominal,1033,max_pressure,124.45,31.825,9.793757769738647,8.833191677264333,1455.0,1600.0,0.0,0.0,16.0,43.2,3600.0,10.0,25.687551800045185,0.0,0.0,0.0,0.0,0.0,0.0,0.0,0.0,0.0
moscow,nominal,1033,ppo_ensemble,126.12083333333334,34.49583333333333,9.6493628920563,13.536278757004633,1417.0,1598.0,10.0,0.0,16.0,48.0,3600.0,10.0,23.00708809995558,0.0,0.0,0.0,0.0,0.0,0.0,0.0,0.0,0.0
moscow,nominal,1033,lightgpt_direct,122.11666666666666,30.558333333333334,10.117905892911844,10.41197145496686,1464.0,1600.0,6.0,0.0,12.0,44.2,3600.0,10.0,23.420838800026104,2400.0,1.0,0.09416666666666666,0.9929166666666667,0.007083333333333333,0.0,0.0,0.0,0.5960213764159219
moscow,nominal,1033,lightgpt_review,126.12083333333334,34.49583333333333,9.6493628920563,13.536278757004633,1417.0,1598.0,10.0,0.0,16.0,48.0,3600.0,10.0,22.549625100102276,2400.0,1.0,0.0,0.9920833333333333,0.007916666666666667,0.0,0.0,0.0,0.9610311625448802
moscow,nominal,1033,ergs_no_event,126.12083333333334,34.49583333333333,9.6493628920563,13.536278757004633,1417.0,1598.0,10.0,0.0,16.0,48.0,3600.0,10.0,88.23579599999357,2400.0,1.0,0.0,0.0,1.0,0.0,-0.429052717447092,0.0,0.9610311625448802
moscow,nominal,1033,ergs_no_guard,126.12083333333334,34.49583333333333,9.6493628920563,13.536278757004633,1417.0,1598.0,10.0,0.0,16.0,48.0,3600.0,10.0,22.479530500015244,2400.0,0.020833333333333332,0.0,0.0,1.0,0.6045833333333334,0.0,0.0,0.9989135462487836
moscow,nominal,1033,ergs_no_calibration,126.12083333333334,34.49583333333333,9.6493628920563,13.536278757004633,1417.0,1598.0,10.0,0.0,16.0,48.0,3600.0,10.0,25.98243380000349,2400.0,0.020833333333333332,0.0,0.0,1.0,0.6045833333333334,0.0,0.0,0.9989135462487836
moscow,nominal,1033,ergs_no_hysteresis,126.12083333333334,34.49583333333333,9.6493628920563,13.536278757004633,1417.0,1598.0,10.0,0.0,16.0,48.0,3600.0,10.0,26.022078400012106,2400.0,0.020833333333333332,0.0,0.0,1.0,0.5829166666666666,-0.43815860897036074,0.0,0.9989135462487836
moscow,nominal,1033,ergs_v2,126.12083333333334,34.49583333333333,9.6493628920563,13.536278757004633,1417.0,1598.0,10.0,0.0,16.0,48.0,3600.0,10.0,24.878835599985905,2400.0,0.020833333333333332,0.0,0.0,1.0,0.6045833333333334,-0.43815860897036074,0.0,0.9989135462487836
moscow,nominal,1039,fixed,114.86666666666666,24.308333333333334,10.38255780173614,6.7542695994452675,1452.0,1600.0,3.0,0.0,14.0,159.0,3600.0,10.0,21.959422299987637,0.0,0.0,0.0,0.0,0.0,0.0,0.0,0.0,0.0
moscow,nominal,1039,max_pressure,141.25,47.18333333333333,8.631684772277726,18.86240978551906,1433.0,1596.0,14.0,0.0,14.0,43.4,3600.0,10.0,25.58315089996904,0.0,0.0,0.0,0.0,0.0,0.0,0.0,0.0,0.0
moscow,nominal,1039,ppo_ensemble,122.95,29.441666666666666,9.935875937879866,11.327148646577546,1461.0,1600.0,7.0,0.0,14.0,47.7,3600.0,10.0,23.000128200044855,0.0,0.0,0.0,0.0,0.0,0.0,0.0,0.0,0.0
moscow,nominal,1039,lightgpt_direct,117.55,25.5,10.265011900017388,6.980468517244839,1455.0,1599.0,1.0,0.0,12.0,42.5,3600.0,10.0,24.51354369998444,2400.0,1.0,0.07833333333333334,0.9941666666666666,0.005833333333333334,0.0,0.0,0.0,0.5967218626644756
moscow,nominal,1039,lightgpt_review,122.95,29.441666666666666,9.935875937879866,11.327148646577546,1461.0,1600.0,7.0,0.0,14.0,47.7,3600.0,10.0,24.06804879999254,2400.0,1.0,0.0,0.9945833333333334,0.005416666666666667,0.0,0.0,0.0,0.9618536761778497
moscow,nominal,1039,ergs_no_event,122.95,29.441666666666666,9.935875937879866,11.327148646577546,1461.0,1600.0,7.0,0.0,14.0,47.7,3600.0,10.0,98.41581089992542,2400.0,1.0,0.0,0.0,1.0,0.0,-0.4301568418748695,0.0,0.9618536761778497
moscow,nominal,1039,ergs_no_guard,122.95,29.441666666666666,9.935875937879866,11.327148646577546,1461.0,1600.0,7.0,0.0,14.0,47.7,3600.0,10.0,21.922618599957787,2400.0,0.020833333333333332,0.0,0.0,1.0,0.6075,0.0,0.0,0.9993720931899719
moscow,nominal,1039,ergs_no_calibration,122.95,29.441666666666666,9.935875937879866,11.327148646577546,1461.0,1600.0,7.0,0.0,14.0,47.7,3600.0,10.0,19.38759239995852,2400.0,0.020833333333333332,0.0,0.0,1.0,0.6075,0.0,0.0,0.9993720931899719
moscow,nominal,1039,ergs_no_hysteresis,122.95,29.441666666666666,9.935875937879866,11.327148646577546,1461.0,1600.0,7.0,0.0,14.0,47.7,3600.0,10.0,19.553221399895847,2400.0,0.020833333333333332,0.0,0.0,1.0,0.5841666666666666,-0.4329218657594422,0.0,0.9992192929288451
moscow,nominal,1039,ergs_v2,122.95,29.441666666666666,9.935875937879866,11.327148646577546,1461.0,1600.0,7.0,0.0,14.0,47.7,3600.0,10.0,19.535055999993347,2400.0,0.020833333333333332,0.0,0.0,1.0,0.6075,-0.4303034941539829,0.0,0.9993720931899719
moscow,nominal,1049,fixed,111.07916666666667,20.133333333333333,10.926440892491987,3.1679906694767745,1471.0,1600.0,0.0,0.0,14.0,159.0,3600.0,10.0,33.04712289990857,0.0,0.0,0.0,0.0,0.0,0.0,0.0,0.0,0.0
moscow,nominal,1049,max_pressure,127.7625,34.579166666666666,9.495403676604905,9.98063734917706,1449.0,1600.0,2.0,0.0,16.0,42.6,3600.0,10.0,44.19917409995105,0.0,0.0,0.0,0.0,0.0,0.0,0.0,0.0,0.0
moscow,nominal,1049,ppo_ensemble,111.8375,20.970833333333335,10.81992496858807,4.781338680517351,1458.0,1600.0,0.0,0.0,12.0,47.1,3600.0,10.0,41.36154209997039,0.0,0.0,0.0,0.0,0.0,0.0,0.0,0.0,0.0
moscow,nominal,1049,lightgpt_direct,122.44583333333334,29.583333333333332,9.994481515393169,9.636260533776724,1467.0,1600.0,5.0,0.0,8.0,42.7,3600.0,10.0,41.034347900073044,2400.0,1.0,0.07833333333333334,0.9925,0.0075,0.0,0.0,0.0,0.5966273238107386
moscow,nominal,1049,lightgpt_review,111.8375,20.970833333333335,10.81992496858807,4.781338680517351,1458.0,1600.0,0.0,0.0,12.0,47.1,3600.0,10.0,42.260599500034004,2400.0,1.0,0.0,0.99125,0.00875,0.0,0.0,0.0,0.9621368862833919
moscow,nominal,1049,ergs_no_event,111.8375,20.970833333333335,10.81992496858807,4.781338680517351,1458.0,1600.0,0.0,0.0,12.0,47.1,3600.0,10.0,162.86936690006405,2400.0,1.0,0.0,0.0,1.0,0.0,-0.42821191443129164,0.0,0.9621368862833919
moscow,nominal,1049,ergs_no_guard,111.8375,20.970833333333335,10.81992496858807,4.781338680517351,1458.0,1600.0,0.0,0.0,12.0,47.1,3600.0,10.0,45.08203060005326,2400.0,0.020833333333333332,0.0,0.0,1.0,0.5916666666666667,0.0,0.0,0.998903207879179
moscow,nominal,1049,ergs_no_calibration,111.8375,20.970833333333335,10.81992496858807,4.781338680517351,1458.0,1600.0,0.0,0.0,12.0,47.1,3600.0,10.0,46.22499529994093,2400.0,0.020833333333333332,0.0,0.0,1.0,0.5916666666666667,0.0,0.0,0.998903207879179
moscow,nominal,1049,ergs_no_hysteresis,111.8375,20.970833333333335,10.81992496858807,4.781338680517351,1458.0,1600.0,0.0,0.0,12.0,47.1,3600.0,10.0,42.50482140004169,2400.0,0.020833333333333332,0.0,0.0,1.0,0.5679166666666666,-0.44077698057582004,0.0,0.998750407618052
moscow,nominal,1049,ergs_v2,111.8375,20.970833333333335,10.81992496858807,4.781338680517351,1458.0,1600.0,0.0,0.0,12.0,47.1,3600.0,10.0,42.56603320001159,2400.0,0.020833333333333332,0.0,0.0,1.0,0.5916666666666667,-0.43815860897036074,0.0,0.998903207879179
moscow,nominal,1051,fixed,114.75833333333334,24.7625,10.41360842459574,5.821995862217463,1440.0,1597.0,3.0,0.0,8.0,159.0,3600.0,10.0,37.710018099984154,0.0,0.0,0.0,0.0,0.0,0.0,0.0,0.0,0.0
moscow,nominal,1051,max_pressure,128.05833333333334,34.94583333333333,9.442245304835817,10.004045026629976,1446.0,1599.0,1.0,0.0,10.0,42.8,3600.0,10.0,44.880847400054336,0.0,0.0,0.0,0.0,0.0,0.0,0.0,0.0,0.0
moscow,nominal,1051,ppo_ensemble,115.1875,23.579166666666666,10.465795095782656,6.25547725624753,1461.0,1598.0,1.0,0.0,16.0,46.3,3600.0,10.0,39.03881519997958,0.0,0.0,0.0,0.0,0.0,0.0,0.0,0.0,0.0
moscow,nominal,1051,lightgpt_direct,126.81666666666666,33.766666666666666,9.551541228709686,12.400665887815894,1453.0,1599.0,7.0,0.0,10.0,42.7,3600.0,10.0,42.14745609997772,2400.0,1.0,0.08083333333333333,0.99375,0.00625,0.0,0.0,0.0,0.5970531580913475
moscow,nominal,1051,lightgpt_review,115.1875,23.579166666666666,10.465795095782656,6.25547725624753,1461.0,1598.0,1.0,0.0,16.0,46.3,3600.0,10.0,42.20038620010018,2400.0,1.0,0.0,0.99375,0.00625,0.0,0.0,0.0,0.965054067002006
moscow,nominal,1051,ergs_no_event,115.1875,23.579166666666666,10.465795095782656,6.25547725624753,1461.0,1598.0,1.0,0.0,16.0,46.3,3600.0,10.0,153.7844263999723,2400.0,1.0,0.0,0.0,1.0,0.0,-0.4285523471408101,0.0,0.965054067002006
moscow,nominal,1051,ergs_no_guard,115.1875,23.579166666666666,10.465795095782656,6.25547725624753,1461.0,1598.0,1.0,0.0,16.0,46.3,3600.0,10.0,41.568849400035106,2400.0,0.020833333333333332,0.0,0.0,1.0,0.6033333333333334,0.0,0.0,0.9990579790764332
moscow,nominal,1051,ergs_no_calibration,115.1875,23.579166666666666,10.465795095782656,6.25547725624753,1461.0,1598.0,1.0,0.0,16.0,46.3,3600.0,10.0,43.188190300017595,2400.0,0.020833333333333332,0.0,0.0,1.0,0.6033333333333334,0.0,0.0,0.9990579790764332
moscow,nominal,1051,ergs_no_hysteresis,115.1875,23.579166666666666,10.465795095782656,6.25547725624753,1461.0,1598.0,1.0,0.0,16.0,46.3,3600.0,10.0,42.96953580004629,2400.0,0.020833333333333332,0.0,0.0,1.0,0.5783333333333334,-0.4381586089703608,0.0,0.9989046212625787
moscow,nominal,1051,ergs_v2,115.1875,23.579166666666666,10.465795095782656,6.25547725624753,1461.0,1598.0,1.0,0.0,16.0,46.3,3600.0,10.0,44.04582140001003,2400.0,0.020833333333333332,0.0,0.0,1.0,0.6033333333333334,-0.4355402373649015,0.0,0.9990579790764332
moscow,nominal,1061,fixed,113.41666666666667,23.908333333333335,10.485960405653893,5.714201901841734,1440.0,1600.0,3.0,0.0,10.0,159.0,3600.0,10.0,42.97524049994536,0.0,0.0,0.0,0.0,0.0,0.0,0.0,0.0,0.0
moscow,nominal,1061,max_pressure,134.8125,44.53333333333333,8.771975080774759,17.905170306795096,1389.0,1597.0,10.0,0.0,6.0,43.1,3600.0,10.0,47.73683660000097,0.0,0.0,0.0,0.0,0.0,0.0,0.0,0.0,0.0
moscow,nominal,1061,ppo_ensemble,115.60833333333333,24.458333333333332,10.377083362121583,6.907549855785256,1464.0,1599.0,4.0,0.0,10.0,47.3,3600.0,10.0,40.56032549997326,0.0,0.0,0.0,0.0,0.0,0.0,0.0,0.0,0.0
moscow,nominal,1061,lightgpt_direct,147.50416666666666,54.4,8.141681529966371,26.37252437696876,1404.0,1596.0,18.0,0.0,6.0,43.1,3600.0,10.0,42.91493159998208,2400.0,1.0,0.08791666666666667,0.9904166666666666,0.009583333333333333,0.0,0.0,0.0,0.5951826153235944
moscow,nominal,1061,lightgpt_review,115.60833333333333,24.458333333333332,10.377083362121583,6.907549855785256,1464.0,1599.0,4.0,0.0,10.0,47.3,3600.0,10.0,38.916397899971344,2400.0,1.0,0.0,0.9929166666666667,0.007083333333333333,0.0,0.0,0.0,0.9634061909986004
moscow,nominal,1061,ergs_no_event,115.60833333333333,24.458333333333332,10.377083362121583,6.907549855785256,1464.0,1599.0,4.0,0.0,10.0,47.3,3600.0,10.0,152.3635908999713,2400.0,1.0,0.0,0.0,1.0,0.0,-0.42869343347705696,0.0,0.9634061909986004
moscow,nominal,1061,ergs_no_guard,115.60833333333333,24.458333333333332,10.377083362121583,6.907549855785256,1464.0,1599.0,4.0,0.0,10.0,47.3,3600.0,10.0,38.67364170006476,2400.0,0.020833333333333332,0.0,0.0,1.0,0.6054166666666667,0.0,0.0,0.9993726005837255
moscow,nominal,1061,ergs_no_calibration,115.60833333333333,24.458333333333332,10.377083362121583,6.907549855785256,1464.0,1599.0,4.0,0.0,10.0,47.3,3600.0,10.0,40.71541589999106,2400.0,0.020833333333333332,0.0,0.0,1.0,0.6054166666666667,0.0,0.0,0.9993726005837255
moscow,nominal,1061,ergs_no_hysteresis,115.60833333333333,24.458333333333332,10.377083362121583,6.907549855785256,1464.0,1599.0,4.0,0.0,10.0,47.3,3600.0,10.0,35.139808899955824,2400.0,0.020833333333333332,0.0,0.0,1.0,0.5820833333333333,-0.430303494153983,0.0,0.9993726005837255
moscow,nominal,1061,ergs_v2,115.60833333333333,24.458333333333332,10.377083362121583,6.907549855785256,1464.0,1599.0,4.0,0.0,10.0,47.3,3600.0,10.0,40.65952819993254,2400.0,0.020833333333333332,0.0,0.0,1.0,0.6054166666666667,-0.430303494153983,0.0,0.9993726005837255
moscow,nominal,1063,fixed,117.24583333333334,22.533333333333335,10.60126472513624,4.33360626461013,1469.0,1600.0,1.0,0.0,20.0,159.0,3600.0,10.0,38.07564439997077,0.0,0.0,0.0,0.0,0.0,0.0,0.0,0.0,0.0
moscow,nominal,1063,max_pressure,134.12083333333334,37.9875,9.244386594918922,11.35973745795699,1420.0,1599.0,2.0,0.0,14.0,42.7,3600.0,10.0,44.90631759993266,0.0,0.0,0.0,0.0,0.0,0.0,0.0,0.0,0.0
moscow,nominal,1063,ppo_ensemble,124.61666666666666,28.241666666666667,10.029193083877326,8.16989522018698,1457.0,1600.0,3.0,0.0,12.0,47.5,3600.0,10.0,38.79223969997838,0.0,0.0,0.0,0.0,0.0,0.0,0.0,0.0,0.0
moscow,nominal,1063,lightgpt_direct,125.12083333333334,29.879166666666666,9.930665297940399,8.210031050215774,1428.0,1599.0,2.0,0.0,10.0,43.3,3600.0,10.0,39.049095800030045,2400.0,1.0,0.08666666666666667,0.99125,0.00875,0.0,0.0,0.0,0.595616745249284
moscow,nominal,1063,lightgpt_review,124.61666666666666,28.241666666666667,10.029193083877326,8.16989522018698,1457.0,1600.0,3.0,0.0,12.0,47.5,3600.0,10.0,43.83567940001376,2400.0,1.0,0.0,0.9920833333333333,0.007916666666666667,0.0,0.0,0.0,0.9610455110730686
moscow,nominal,1063,ergs_no_event,124.61666666666666,28.241666666666667,10.029193083877326,8.16989522018698,1457.0,1600.0,3.0,0.0,12.0,47.5,3600.0,10.0,151.63984419999178,2400.0,1.0,0.0,0.0,1.0,0.0,-0.429052717447092,0.0,0.9610455110730686
moscow,nominal,1063,ergs_no_guard,124.61666666666666,28.241666666666667,10.029193083877326,8.16989522018698,1457.0,1600.0,3.0,0.0,12.0,47.5,3600.0,10.0,40.71897399995942,2400.0,0.020833333333333332,0.0,0.0,1.0,0.6125,0.0,0.0,0.998900920400084
moscow,nominal,1063,ergs_no_calibration,124.61666666666666,28.241666666666667,10.029193083877326,8.16989522018698,1457.0,1600.0,3.0,0.0,12.0,47.5,3600.0,10.0,44.39539570000488,2400.0,0.020833333333333332,0.0,0.0,1.0,0.6125,0.0,0.0,0.998900920400084
moscow,nominal,1063,ergs_no_hysteresis,124.61666666666666,28.241666666666667,10.029193083877326,8.16989522018698,1457.0,1600.0,3.0,0.0,12.0,47.5,3600.0,10.0,42.850776799954474,2400.0,0.020833333333333332,0.0,0.0,1.0,0.5891666666666666,-0.4381586089703608,0.0,0.998900920400084
moscow,nominal,1063,ergs_v2,124.61666666666666,28.241666666666667,10.029193083877326,8.16989522018698,1457.0,1600.0,3.0,0.0,12.0,47.5,3600.0,10.0,43.24811790010426,2400.0,0.020833333333333332,0.0,0.0,1.0,0.6125,-0.4381586089703608,0.0,0.998900920400084
moscow,nominal,1069,fixed,129.6125,36.21666666666667,9.446502413687334,15.013754139377875,1416.0,1600.0,13.0,0.0,10.0,159.0,3600.0,10.0,37.44762929994613,0.0,0.0,0.0,0.0,0.0,0.0,0.0,0.0,0.0
moscow,nominal,1069,max_pressure,132.83333333333334,37.37916666666667,9.317789301317742,11.187749316243062,1459.0,1600.0,5.0,0.0,20.0,42.8,3600.0,10.0,43.23200329998508,0.0,0.0,0.0,0.0,0.0,0.0,0.0,0.0,0.0
moscow,nominal,1069,ppo_ensemble,116.80416666666666,23.195833333333333,10.543469283820329,5.87120467710894,1473.0,1600.0,2.0,0.0,18.0,47.2,3600.0,10.0,39.43853670009412,0.0,0.0,0.0,0.0,0.0,0.0,0.0,0.0,0.0
moscow,nominal,1069,lightgpt_direct,123.3375,29.875,9.917492648547077,9.105281587164075,1444.0,1600.0,3.0,0.0,10.0,42.4,3600.0,10.0,35.45142019994091,2400.0,1.0,0.08125,0.9945833333333334,0.005416666666666667,0.0,0.0,0.0,0.5971369190373282
moscow,nominal,1069,lightgpt_review,116.80416666666666,23.195833333333333,10.543469283820329,5.87120467710894,1473.0,1600.0,2.0,0.0,18.0,47.2,3600.0,10.0,40.74257470003795,2400.0,1.0,0.0,0.9925,0.0075,0.0,0.0,0.0,0.96448556434603
moscow,nominal,1069,ergs_no_event,116.80416666666666,23.195833333333333,10.543469283820329,5.87120467710894,1473.0,1600.0,2.0,0.0,18.0,47.2,3600.0,10.0,148.53926089999732,2400.0,1.0,0.0,0.0,1.0,0.0,-0.428082109039592,0.0,0.96448556434603
moscow,nominal,1069,ergs_no_guard,116.80416666666666,23.195833333333333,10.543469283820329,5.87120467710894,1473.0,1600.0,2.0,0.0,18.0,47.2,3600.0,10.0,40.760533299995586,2400.0,0.020833333333333332,0.0,0.0,1.0,0.6020833333333333,0.0,0.0,0.9993719169750034
moscow,nominal,1069,ergs_no_calibration,116.80416666666666,23.195833333333333,10.543469283820329,5.87120467710894,1473.0,1600.0,2.0,0.0,18.0,47.2,3600.0,10.0,41.598645900026895,2400.0,0.020833333333333332,0.0,0.0,1.0,0.6020833333333333,0.0,0.0,0.9993719169750034
moscow,nominal,1069,ergs_no_hysteresis,116.80416666666666,23.195833333333333,10.543469283820329,5.87120467710894,1473.0,1600.0,2.0,0.0,18.0,47.2,3600.0,10.0,41.713653700076975,2400.0,0.020833333333333332,0.0,0.0,1.0,0.5804166666666667,-0.4303034941539829,0.0,0.9993719169750034
moscow,nominal,1069,ergs_v2,116.80416666666666,23.195833333333333,10.543469283820329,5.87120467710894,1473.0,1600.0,2.0,0.0,18.0,47.2,3600.0,10.0,40.93516540003475,2400.0,0.020833333333333332,0.0,0.0,1.0,0.6020833333333333,-0.4303034941539829,0.0,0.9993719169750034
moscow,nominal,1087,fixed,115.275,22.35,10.656534610383122,4.18582935407259,1476.0,1599.0,1.0,0.0,14.0,159.0,3600.0,10.0,36.397129499935545,0.0,0.0,0.0,0.0,0.0,0.0,0.0,0.0,0.0
moscow,nominal,1087,max_pressure,137.0875,41.38333333333333,9.053572914964782,14.170181311803509,1461.0,1599.0,5.0,0.0,8.0,42.7,3600.0,10.0,44.54285299999174,0.0,0.0,0.0,0.0,0.0,0.0,0.0,0.0,0.0
moscow,nominal,1087,ppo_ensemble,122.12083333333334,27.504166666666666,10.163704249235721,9.198898586101736,1466.0,1599.0,5.0,0.0,4.0,47.2,3600.0,10.0,35.83501120004803,0.0,0.0,0.0,0.0,0.0,0.0,0.0,0.0,0.0
moscow,nominal,1087,lightgpt_direct,142.55416666666667,45.71666666666667,8.773465998690696,21.188932342960374,1469.0,1599.0,17.0,0.0,10.0,43.4,3600.0,10.0,47.79211020004004,2400.0,1.0,0.08208333333333333,0.9933333333333333,0.006666666666666667,0.0,0.0,0.0,0.5959044429236947
moscow,nominal,1087,lightgpt_review,122.12083333333334,27.504166666666666,10.163704249235721,9.198898586101736,1466.0,1599.0,5.0,0.0,4.0,47.2,3600.0,10.0,39.15656519995537,2400.0,1.0,0.0,0.9933333333333333,0.006666666666666667,0.0,0.0,0.0,0.9631692889556628
moscow,nominal,1087,ergs_no_event,122.12083333333334,27.504166666666666,10.163704249235721,9.198898586101736,1466.0,1599.0,5.0,0.0,4.0,47.2,3600.0,10.0,166.52246570005082,2400.0,1.0,0.0,0.0,1.0,0.0,-0.4289774614638395,0.0,0.9631692889556628
moscow,nominal,1087,ergs_no_guard,122.12083333333334,27.504166666666666,10.163704249235721,9.198898586101736,1466.0,1599.0,5.0,0.0,4.0,47.2,3600.0,10.0,41.210606599925086,2400.0,0.020833333333333332,0.0,0.0,1.0,0.6083333333333333,0.0,0.0,0.9987585562215622
moscow,nominal,1087,ergs_no_calibration,122.12083333333334,27.504166666666666,10.163704249235721,9.198898586101736,1466.0,1599.0,5.0,0.0,4.0,47.2,3600.0,10.0,34.97900559997652,2400.0,0.020833333333333332,0.0,0.0,1.0,0.6083333333333333,0.0,0.0,0.9987585562215622
moscow,nominal,1087,ergs_no_hysteresis,122.12083333333334,27.504166666666666,10.163704249235721,9.198898586101736,1466.0,1599.0,5.0,0.0,4.0,47.2,3600.0,10.0,26.254405400017276,2400.0,0.020833333333333332,0.0,0.0,1.0,0.5895833333333333,-0.4407769805758201,0.0,0.9987585562215622
moscow,nominal,1087,ergs_v2,122.12083333333334,27.504166666666666,10.163704249235721,9.198898586101736,1466.0,1599.0,5.0,0.0,4.0,47.2,3600.0,10.0,25.08723679999821,2400.0,0.020833333333333332,0.0,0.0,1.0,0.6083333333333333,-0.4407769805758201,0.0,0.9987585562215622
moscow,nominal,1091,fixed,127.92083333333333,35.05,9.714861844830411,14.525129566060144,1456.0,1600.0,9.0,0.0,12.0,159.0,3600.0,10.0,23.450467300019227,0.0,0.0,0.0,0.0,0.0,0.0,0.0,0.0,0.0
moscow,nominal,1091,max_pressure,125.55,32.05416666666667,9.751518119915195,9.439508598963732,1462.0,1599.0,2.0,0.0,20.0,42.7,3600.0,10.0,30.91452579991892,0.0,0.0,0.0,0.0,0.0,0.0,0.0,0.0,0.0
moscow,nominal,1091,ppo_ensemble,118.36666666666666,27.7375,10.248160905255384,10.406631464326233,1415.0,1597.0,4.0,0.0,12.0,45.8,3600.0,10.0,30.91108670004178,0.0,0.0,0.0,0.0,0.0,0.0,0.0,0.0,0.0
moscow,nominal,1091,lightgpt_direct,121.49166666666666,29.2625,10.189602952682417,9.947365586376371,1466.0,1600.0,10.0,0.0,10.0,43.0,3600.0,10.0,30.986023399978876,2400.0,1.0,0.07875,0.9916666666666667,0.008333333333333333,0.0,0.0,0.0,0.5967490926478068
moscow,nominal,1091,lightgpt_review,118.36666666666666,27.7375,10.248160905255384,10.406631464326233,1415.0,1597.0,4.0,0.0,12.0,45.8,3600.0,10.0,30.137675200006925,2400.0,1.0,0.0,0.9925,0.0075,0.0,0.0,0.0,0.966571694331573
moscow,nominal,1091,ergs_no_event,118.36666666666666,27.7375,10.248160905255384,10.406631464326233,1415.0,1597.0,4.0,0.0,12.0,45.8,3600.0,10.0,169.010507900035,2400.0,1.0,0.0,0.0,1.0,0.0,-0.4273184173213331,0.0,0.966571694331573
moscow,nominal,1091,ergs_no_guard,118.36666666666666,27.7375,10.248160905255384,10.406631464326233,1415.0,1597.0,4.0,0.0,12.0,45.8,3600.0,10.0,24.65727260010317,2400.0,0.020833333333333332,0.0,0.0,1.0,0.6083333333333333,0.0,0.0,0.9995248604175727
moscow,nominal,1091,ergs_no_calibration,118.36666666666666,27.7375,10.248160905255384,10.406631464326233,1415.0,1597.0,4.0,0.0,12.0,45.8,3600.0,10.0,25.11479949997738,2400.0,0.020833333333333332,0.0,0.0,1.0,0.6083333333333333,0.0,0.0,0.9995248604175727
moscow,nominal,1091,ergs_no_hysteresis,118.36666666666666,27.7375,10.248160905255384,10.406631464326233,1415.0,1597.0,4.0,0.0,12.0,45.8,3600.0,10.0,26.56200410006568,2400.0,0.020833333333333332,0.0,0.0,1.0,0.5875,-0.4276851225485237,0.0,0.9995248604175727
moscow,nominal,1091,ergs_v2,118.36666666666666,27.7375,10.248160905255384,10.406631464326233,1415.0,1597.0,4.0,0.0,12.0,45.8,3600.0,10.0,24.64709089999087,2400.0,0.020833333333333332,0.0,0.0,1.0,0.6083333333333333,-0.4276851225485237,0.0,0.9995248604175727
moscow,nominal,1093,fixed,114.79166666666667,22.933333333333334,10.676378182648905,5.1447134443773,1471.0,1600.0,2.0,0.0,8.0,159.0,3600.0,10.0,23.09121199999936,0.0,0.0,0.0,0.0,0.0,0.0,0.0,0.0,0.0
moscow,nominal,1093,max_pressure,126.21666666666667,33.80416666666667,9.658011121864767,9.55498225439839,1460.0,1599.0,0.0,0.0,10.0,42.6,3600.0,10.0,26.94404149998445,0.0,0.0,0.0,0.0,0.0,0.0,0.0,0.0,0.0
moscow,nominal,1093,ppo_ensemble,121.1125,27.429166666666667,10.192726054797479,8.196430084818584,1472.0,1598.0,4.0,0.0,14.0,47.7,3600.0,10.0,25.04510569991544,0.0,0.0,0.0,0.0,0.0,0.0,0.0,0.0,0.0
moscow,nominal,1093,lightgpt_direct,135.32916666666668,40.270833333333336,9.152604233751743,16.57880792423403,1457.0,1599.0,14.0,0.0,8.0,42.8,3600.0,10.0,23.485051200026646,2400.0,1.0,0.08125,0.9920833333333333,0.007916666666666667,0.0,0.0,0.0,0.5969355114517899
moscow,nominal,1093,lightgpt_review,121.1125,27.429166666666667,10.192726054797479,8.196430084818584,1472.0,1598.0,4.0,0.0,14.0,47.7,3600.0,10.0,23.460539199993946,2400.0,1.0,0.0,0.9920833333333333,0.007916666666666667,0.0,0.0,0.0,0.9606041059428786
moscow,nominal,1093,ergs_no_event,121.1125,27.429166666666667,10.192726054797479,8.196430084818584,1472.0,1598.0,4.0,0.0,14.0,47.7,3600.0,10.0,88.70770949998405,2400.0,1.0,0.0,0.0,1.0,0.0,-0.42921636567243326,0.0,0.9606041059428786
moscow,nominal,1093,ergs_no_guard,121.1125,27.429166666666667,10.192726054797479,8.196430084818584,1472.0,1598.0,4.0,0.0,14.0,47.7,3600.0,10.0,21.864367000060156,2400.0,0.020833333333333332,0.0,0.0,1.0,0.6129166666666667,0.0,0.0,0.9992190932194508
moscow,nominal,1093,ergs_no_calibration,121.1125,27.429166666666667,10.192726054797479,8.196430084818584,1472.0,1598.0,4.0,0.0,14.0,47.7,3600.0,10.0,25.31861379998736,2400.0,0.020833333333333332,0.0,0.0,1.0,0.6129166666666667,0.0,0.0,0.9992190932194508
moscow,nominal,1093,ergs_no_hysteresis,121.1125,27.429166666666667,10.192726054797479,8.196430084818584,1472.0,1598.0,4.0,0.0,14.0,47.7,3600.0,10.0,41.99721699999645,2400.0,0.020833333333333332,0.0,0.0,1.0,0.5916666666666667,-0.4245252656047993,0.0,0.9990657354055963
moscow,nominal,1093,ergs_v2,121.1125,27.429166666666667,10.192726054797479,8.196430084818584,1472.0,1598.0,4.0,0.0,14.0,47.7,3600.0,10.0,36.95564119995106,2400.0,0.020833333333333332,0.0,0.0,1.0,0.6129166666666667,-0.42190689399934006,0.0,0.9992190932194508
moscow,nominal,1097,fixed,109.79583333333333,19.904166666666665,10.975306584775527,3.2023373182124324,1480.0,1599.0,0.0,0.0,16.0,159.0,3600.0,10.0,21.604081400088035,0.0,0.0,0.0,0.0,0.0,0.0,0.0,0.0,0.0
moscow,nominal,1097,max_pressure,124.0625,32.704166666666666,9.726024349303234,10.172048709299345,1442.0,1599.0,1.0,0.0,20.0,43.1,3600.0,10.0,26.43540070008021,0.0,0.0,0.0,0.0,0.0,0.0,0.0,0.0,0.0
moscow,nominal,1097,ppo_ensemble,120.9,28.725,10.097353900132994,10.695238936161246,1471.0,1600.0,8.0,0.0,16.0,46.1,3600.0,10.0,23.654491499997675,0.0,0.0,0.0,0.0,0.0,0.0,0.0,0.0,0.0
moscow,nominal,1097,lightgpt_direct,118.54583333333333,26.5875,10.2637430243538,7.740382091387016,1472.0,1600.0,2.0,0.0,14.0,41.9,3600.0,10.0,22.317630699952133,2400.0,1.0,0.07875,0.9933333333333333,0.006666666666666667,0.0,0.0,0.0,0.59756042192415
moscow,nominal,1097,lightgpt_review,120.9,28.725,10.097353900132994,10.695238936161246,1471.0,1600.0,8.0,0.0,16.0,46.1,3600.0,10.0,22.45260540000163,2400.0,1.0,0.0,0.99375,0.00625,0.0,0.0,0.0,0.9659882825418786
moscow,nominal,1097,ergs_no_event,120.9,28.725,10.097353900132994,10.695238936161246,1471.0,1600.0,8.0,0.0,16.0,46.1,3600.0,10.0,89.72448810003698,2400.0,1.0,0.0,0.0,1.0,0.0,-0.4282250506901278,0.0,0.9659882825418786
moscow,nominal,1097,ergs_no_guard,120.9,28.725,10.097353900132994,10.695238936161246,1471.0,1600.0,8.0,0.0,16.0,46.1,3600.0,10.0,21.40733519999776,2400.0,0.020833333333333332,0.0,0.0,1.0,0.6204166666666666,0.0,0.0,0.9990657046887536
moscow,nominal,1097,ergs_no_calibration,120.9,28.725,10.097353900132994,10.695238936161246,1471.0,1600.0,8.0,0.0,16.0,46.1,3600.0,10.0,24.936333399964496,2400.0,0.020833333333333332,0.0,0.0,1.0,0.6204166666666666,0.0,0.0,0.9990657046887536
moscow,nominal,1097,ergs_no_hysteresis,120.9,28.725,10.097353900132994,10.695238936161246,1471.0,1600.0,8.0,0.0,16.0,46.1,3600.0,10.0,24.395356200053357,2400.0,0.020833333333333332,0.0,0.0,1.0,0.5954166666666667,-0.4355402373649016,0.0,0.9990657046887536
moscow,nominal,1097,ergs_v2,120.9,28.725,10.097353900132994,10.695238936161246,1471.0,1600.0,8.0,0.0,16.0,46.1,3600.0,10.0,23.734953899984248,2400.0,0.020833333333333332,0.0,0.0,1.0,0.6204166666666666,-0.4355402373649016,0.0,0.9990657046887536
moscow,nominal,1103,fixed,117.61666666666666,25.716666666666665,10.279900689578644,7.624507845555982,1479.0,1600.0,6.0,0.0,12.0,159.0,3600.0,10.0,21.67688410007395,0.0,0.0,0.0,0.0,0.0,0.0,0.0,0.0,0.0
moscow,nominal,1103,max_pressure,129.97083333333333,37.12083333333333,9.308281822027434,13.055945266810019,1465.0,1600.0,7.0,0.0,12.0,42.3,3600.0,10.0,23.2719642999582,0.0,0.0,0.0,0.0,0.0,0.0,0.0,0.0,0.0
moscow,nominal,1103,ppo_ensemble,192.64166666666668,98.25833333333334,6.851034322606269,38.823636014254014,1261.0,1591.0,34.0,0.0,18.0,45.6,3600.0,10.0,26.529880800051615,0.0,0.0,0.0,0.0,0.0,0.0,0.0,0.0,0.0
moscow,nominal,1103,lightgpt_direct,118.09583333333333,26.8125,10.190211832397777,7.895869877725428,1466.0,1600.0,3.0,0.0,16.0,42.7,3600.0,10.0,22.41070790006779,2400.0,1.0,0.06166666666666667,0.9925,0.0075,0.0,0.0,0.0,0.5973105513581637
moscow,nominal,1103,lightgpt_review,192.64166666666668,98.25833333333334,6.851034322606269,38.823636014254014,1261.0,1591.0,34.0,0.0,18.0,45.6,3600.0,10.0,24.22988770005759,2400.0,1.0,0.0,0.9758333333333333,0.024166666666666666,0.0,0.0,0.0,0.9643636146441878
moscow,nominal,1103,ergs_no_event,192.64166666666668,98.25833333333334,6.851034322606269,38.823636014254014,1261.0,1591.0,34.0,0.0,18.0,45.6,3600.0,10.0,96.80152280000038,2400.0,1.0,0.0,0.0,1.0,0.0,-0.418466570638597,0.0,0.9643636146441878
moscow,nominal,1103,ergs_no_guard,192.64166666666668,98.25833333333334,6.851034322606269,38.823636014254014,1261.0,1591.0,34.0,0.0,18.0,45.6,3600.0,10.0,25.566710600047372,2400.0,0.020833333333333332,0.0,0.0,1.0,0.6279166666666667,0.0,0.0,0.9993310158295643
moscow,nominal,1103,ergs_no_calibration,192.64166666666668,98.25833333333334,6.851034322606269,38.823636014254014,1261.0,1591.0,34.0,0.0,18.0,45.6,3600.0,10.0,21.167793400003575,2400.0,0.020833333333333332,0.0,0.0,1.0,0.6279166666666667,0.0,0.0,0.9993310158295643
moscow,nominal,1103,ergs_no_hysteresis,192.64166666666668,98.25833333333334,6.851034322606269,38.823636014254014,1261.0,1591.0,34.0,0.0,18.0,45.6,3600.0,10.0,20.92925310006831,2400.0,0.020833333333333332,0.0,0.0,1.0,0.6125,-0.41928852239388076,0.0,0.9993310158295643
moscow,nominal,1103,ergs_v2,192.64166666666668,98.25833333333334,6.851034322606269,38.823636014254014,1261.0,1591.0,34.0,0.0,18.0,45.6,3600.0,10.0,21.050412100041285,2400.0,0.020833333333333332,0.0,0.0,1.0,0.6279166666666667,-0.41928852239388076,0.0,0.9993310158295643
moscow,variable,1001,fixed,174.36666666666667,48.80833333333333,9.229054882823428,7.365817537379209,1817.0,2000.0,3.0,0.0,20.0,159.0,3600.0,10.0,36.21377859998029,0.0,0.0,0.0,0.0,0.0,0.0,0.0,0.0,0.0
moscow,variable,1001,max_pressure,202.23333333333332,74.84583333333333,8.149783303161994,15.204872117287607,1733.0,1996.0,8.0,0.0,22.0,45.3,3600.0,10.0,45.03014789998997,0.0,0.0,0.0,0.0,0.0,0.0,0.0,0.0,0.0
moscow,variable,1001,ppo_ensemble,181.29166666666666,58.475,8.899443577704325,13.99936683559524,1711.0,1994.0,10.0,0.0,12.0,50.6,3600.0,10.0,42.345185599988326,0.0,0.0,0.0,0.0,0.0,0.0,0.0,0.0,0.0
moscow,variable,1001,lightgpt_direct,186.05833333333334,59.2875,8.575780091376837,14.152987662672084,1762.0,1996.0,5.0,0.0,14.0,45.0,3600.0,10.0,45.25755119998939,2400.0,1.0,0.10875,0.99,0.01,0.0,0.0,0.0,0.5935616813423942
moscow,variable,1001,lightgpt_review,181.29166666666666,58.475,8.899443577704325,13.99936683559524,1711.0,1994.0,10.0,0.0,12.0,50.6,3600.0,10.0,37.38285920000635,2400.0,1.0,0.0,0.9854166666666667,0.014583333333333334,0.0,0.0,0.0,0.9517985279359948
moscow,variable,1001,ergs_no_event,181.29166666666666,58.475,8.899443577704325,13.99936683559524,1711.0,1994.0,10.0,0.0,12.0,50.6,3600.0,10.0,166.23745690006763,2400.0,1.0,0.0,0.0,1.0,0.0,-0.42859947529210163,0.0,0.9517985279359948
moscow,variable,1001,ergs_no_guard,181.29166666666666,58.475,8.899443577704325,13.99936683559524,1711.0,1994.0,10.0,0.0,12.0,50.6,3600.0,10.0,48.018031600047834,2400.0,0.020833333333333332,0.0,0.0,1.0,0.6354166666666666,0.0,0.0,0.9984459549111477
moscow,variable,1001,ergs_no_calibration,181.29166666666666,58.475,8.899443577704325,13.99936683559524,1711.0,1994.0,10.0,0.0,12.0,50.6,3600.0,10.0,46.31677060003858,2400.0,0.020833333333333332,0.0,0.0,1.0,0.6354166666666666,0.0,0.0,0.9984459549111477
moscow,variable,1001,ergs_no_hysteresis,181.29166666666666,58.475,8.899443577704325,13.99936683559524,1711.0,1994.0,10.0,0.0,12.0,50.6,3600.0,10.0,46.333967199898325,2400.0,0.020833333333333332,0.0,0.0,1.0,0.6045833333333334,-0.43499875202663646,0.0,0.9984459549111477
moscow,variable,1001,ergs_v2,181.29166666666666,58.475,8.899443577704325,13.99936683559524,1711.0,1994.0,10.0,0.0,12.0,50.6,3600.0,10.0,47.65479649999179,2400.0,0.020833333333333332,0.0,0.0,1.0,0.6354166666666666,-0.43499875202663646,0.0,0.9984459549111477
moscow,variable,1003,fixed,190.92083333333332,71.075,8.593453452896124,15.173695304981191,1650.0,1991.0,8.0,0.0,20.0,159.0,3600.0,10.0,44.44137549994048,0.0,0.0,0.0,0.0,0.0,0.0,0.0,0.0,0.0
moscow,variable,1003,max_pressure,209.93333333333334,87.625,7.770359193954308,17.400949582530792,1618.0,1989.0,11.0,0.0,20.0,44.2,3600.0,10.0,50.20410400000401,0.0,0.0,0.0,0.0,0.0,0.0,0.0,0.0,0.0
moscow,variable,1003,ppo_ensemble,186.0625,63.31666666666667,8.74328047454469,15.033071668868091,1677.0,1993.0,14.0,0.0,18.0,51.1,3600.0,10.0,41.92201879993081,0.0,0.0,0.0,0.0,0.0,0.0,0.0,0.0,0.0
moscow,variable,1003,lightgpt_direct,186.72916666666666,64.35833333333333,8.541848041102162,16.241816492521078,1714.0,1991.0,7.0,0.0,16.0,45.9,3600.0,10.0,40.730933299986646,2400.0,1.0,0.10375,0.9845833333333334,0.015416666666666667,0.0,0.0,0.0,0.5926867648571349
moscow,variable,1003,lightgpt_review,186.0625,63.31666666666667,8.74328047454469,15.033071668868091,1677.0,1993.0,14.0,0.0,18.0,51.1,3600.0,10.0,43.15860770002473,2400.0,1.0,0.0,0.99,0.01,0.0,0.0,0.0,0.9525159017018597
moscow,variable,1003,ergs_no_event,186.0625,63.31666666666667,8.74328047454469,15.033071668868091,1677.0,1993.0,14.0,0.0,18.0,51.1,3600.0,10.0,155.193655100069,2400.0,1.0,0.0,0.0,1.0,0.0,-0.43085099261155646,0.0,0.9525159017018597
moscow,variable,1003,ergs_no_guard,186.0625,63.31666666666667,8.74328047454469,15.033071668868091,1677.0,1993.0,14.0,0.0,18.0,51.1,3600.0,10.0,43.883096100063995,2400.0,0.020833333333333332,0.0,0.0,1.0,0.62625,0.0,0.0,0.9987620556361126
moscow,variable,1003,ergs_no_calibration,186.0625,63.31666666666667,8.74328047454469,15.033071668868091,1677.0,1993.0,14.0,0.0,18.0,51.1,3600.0,10.0,46.87216290005017,2400.0,0.020833333333333332,0.0,0.0,1.0,0.62625,0.0,0.0,0.9987620556361126
moscow,variable,1003,ergs_no_hysteresis,186.0625,63.31666666666667,8.74328047454469,15.033071668868091,1677.0,1993.0,14.0,0.0,18.0,51.1,3600.0,10.0,48.93328490003478,2400.0,0.020833333333333332,0.0,0.0,1.0,0.5945833333333334,-0.44339535218127935,0.0,0.9986092553749859
moscow,variable,1003,ergs_v2,186.0625,63.31666666666667,8.74328047454469,15.033071668868091,1677.0,1993.0,14.0,0.0,18.0,51.1,3600.0,10.0,43.89627110003494,2400.0,0.020833333333333332,0.0,0.0,1.0,0.62625,-0.4407769805758201,0.0,0.9987620556361126
moscow,variable,1007,fixed,220.81666666666666,103.24166666666666,7.797012876156683,25.35952413030986,1528.0,1980.0,22.0,0.0,24.0,159.0,3600.0,10.0,44.060667200013995,0.0,0.0,0.0,0.0,0.0,0.0,0.0,0.0,0.0
moscow,variable,1007,max_pressure,235.67916666666667,115.55833333333334,7.171339562279722,26.417225079766506,1487.0,1977.0,22.0,0.0,12.0,45.7,3600.0,10.0,50.105449100025,0.0,0.0,0.0,0.0,0.0,0.0,0.0,0.0,0.0
moscow,variable,1007,ppo_ensemble,220.83333333333334,100.2875,7.648117663485658,25.05506572311907,1531.0,1985.0,21.0,0.0,8.0,51.0,3600.0,10.0,45.21637009992264,0.0,0.0,0.0,0.0,0.0,0.0,0.0,0.0,0.0
moscow,variable,1007,lightgpt_direct,218.26666666666668,93.70416666666667,7.653072981010419,21.511137365213322,1583.0,1981.0,15.0,0.0,16.0,45.8,3600.0,10.0,43.12423840002157,2400.0,1.0,0.10083333333333333,0.9870833333333333,0.012916666666666667,0.0,0.0,0.0,0.5928301168857252
moscow,variable,1007,lightgpt_review,220.83333333333334,100.2875,7.648117663485658,25.05506572311907,1531.0,1985.0,21.0,0.0,8.0,51.0,3600.0,10.0,43.041411499958485,2400.0,1.0,0.0,0.9875,0.0125,0.0,0.0,0.0,0.9515544625374022
moscow,variable,1007,ergs_no_event,220.83333333333334,100.2875,7.648117663485658,25.05506572311907,1531.0,1985.0,21.0,0.0,8.0,51.0,3600.0,10.0,158.01546830008738,2400.0,1.0,0.0,0.0,1.0,0.0,-0.42980141759222606,0.0,0.9515544625374022
moscow,variable,1007,ergs_no_guard,220.83333333333334,100.2875,7.648117663485658,25.05506572311907,1531.0,1985.0,21.0,0.0,8.0,51.0,3600.0,10.0,42.90011529996991,2400.0,0.020833333333333332,0.0,0.0,1.0,0.64125,0.0,0.0,0.9979782479090393
moscow,variable,1007,ergs_no_calibration,220.83333333333334,100.2875,7.648117663485658,25.05506572311907,1531.0,1985.0,21.0,0.0,8.0,51.0,3600.0,10.0,47.605119699961506,2400.0,0.020833333333333332,0.0,0.0,1.0,0.64125,0.0,0.0,0.9979782479090393
moscow,variable,1007,ergs_no_hysteresis,220.83333333333334,100.2875,7.648117663485658,25.05506572311907,1531.0,1985.0,21.0,0.0,8.0,51.0,3600.0,10.0,45.29435720003676,2400.0,0.020833333333333332,0.0,0.0,1.0,0.6166666666666667,-0.4428538668430143,0.0,0.9979782479090393
moscow,variable,1007,ergs_v2,220.83333333333334,100.2875,7.648117663485658,25.05506572311907,1531.0,1985.0,21.0,0.0,8.0,51.0,3600.0,10.0,44.95022790005896,2400.0,0.020833333333333332,0.0,0.0,1.0,0.64125,-0.4428538668430143,0.0,0.9979782479090393
moscow,variable,1009,fixed,197.47083333333333,78.30416666666666,8.35417567878872,18.130638354294625,1609.0,1992.0,18.0,0.0,10.0,159.0,3600.0,10.0,41.27597210009117,0.0,0.0,0.0,0.0,0.0,0.0,0.0,0.0,0.0
moscow,variable,1009,max_pressure,276.80833333333334,146.63333333333333,6.3784249177608,31.656389481324272,1449.0,1981.0,35.0,0.0,14.0,47.1,3600.0,10.0,56.88822840002831,0.0,0.0,0.0,0.0,0.0,0.0,0.0,0.0,0.0
moscow,variable,1009,ppo_ensemble,195.8375,75.17916666666666,8.57609029599685,15.95911653261353,1625.0,1991.0,10.0,0.0,6.0,51.4,3600.0,10.0,41.90009090001695,0.0,0.0,0.0,0.0,0.0,0.0,0.0,0.0,0.0
moscow,variable,1009,lightgpt_direct,235.19166666666666,109.3875,7.353042506529621,25.32319479697003,1516.0,1981.0,19.0,0.0,10.0,46.2,3600.0,10.0,44.449790099984966,2400.0,1.0,0.10958333333333334,0.9795833333333334,0.020416666666666666,0.0,0.0,0.0,0.593004684103849
moscow,variable,1009,lightgpt_review,195.8375,75.17916666666666,8.57609029599685,15.95911653261353,1625.0,1991.0,10.0,0.0,6.0,51.4,3600.0,10.0,40.75630559993442,2400.0,1.0,0.0,0.9883333333333333,0.011666666666666667,0.0,0.0,0.0,0.9515154558552797
moscow,variable,1009,ergs_no_event,195.8375,75.17916666666666,8.57609029599685,15.95911653261353,1625.0,1991.0,10.0,0.0,6.0,51.4,3600.0,10.0,156.0960020000348,2400.0,1.0,0.0,0.0,1.0,0.0,-0.4303149241573441,0.0,0.9515154558552797
moscow,variable,1009,ergs_no_guard,195.8375,75.17916666666666,8.57609029599685,15.95911653261353,1625.0,1991.0,10.0,0.0,6.0,51.4,3600.0,10.0,40.82853780000005,2400.0,0.020833333333333332,0.0,0.0,1.0,0.6216666666666667,0.0,0.0,0.9979682324878868
moscow,variable,1009,ergs_no_calibration,195.8375,75.17916666666666,8.57609029599685,15.95911653261353,1625.0,1991.0,10.0,0.0,6.0,51.4,3600.0,10.0,43.12196059990674,2400.0,0.020833333333333332,0.0,0.0,1.0,0.6216666666666667,0.0,0.0,0.9979682324878868
moscow,variable,1009,ergs_no_hysteresis,195.8375,75.17916666666666,8.57609029599685,15.95911653261353,1625.0,1991.0,10.0,0.0,6.0,51.4,3600.0,10.0,45.20095209998544,2400.0,0.020833333333333332,0.0,0.0,1.0,0.5983333333333334,-0.4098089515627077,0.0,0.9979687900406146
moscow,variable,1009,ergs_v2,195.8375,75.17916666666666,8.57609029599685,15.95911653261353,1625.0,1991.0,10.0,0.0,6.0,51.4,3600.0,10.0,47.46443390008062,2400.0,0.020833333333333332,0.0,0.0,1.0,0.6216666666666667,-0.4208239233228099,0.0,0.9979682324878868
moscow,variable,1013,fixed,202.775,82.49166666666666,8.441209257243067,16.979992719745074,1570.0,1991.0,9.0,0.0,6.0,159.0,3600.0,10.0,41.5119991999818,0.0,0.0,0.0,0.0,0.0,0.0,0.0,0.0,0.0
moscow,variable,1013,max_pressure,225.16666666666666,100.59166666666667,7.413791447244045,22.784375363026687,1590.0,1990.0,22.0,0.0,20.0,44.5,3600.0,10.0,48.72967739996966,0.0,0.0,0.0,0.0,0.0,0.0,0.0,0.0,0.0
moscow,variable,1013,ppo_ensemble,216.37083333333334,90.4625,7.792267242110817,23.7713894816416,1644.0,1994.0,24.0,0.0,14.0,50.1,3600.0,10.0,43.45087679999415,0.0,0.0,0.0,0.0,0.0,0.0,0.0,0.0,0.0
moscow,variable,1013,lightgpt_direct,199.33333333333334,72.89166666666667,8.338164704160182,16.391155795223803,1677.0,1998.0,11.0,0.0,12.0,45.4,3600.0,10.0,42.72333519998938,2400.0,1.0,0.11,0.9866666666666667,0.013333333333333334,0.0,0.0,0.0,0.59287023151907
moscow,variable,1013,lightgpt_review,216.37083333333334,90.4625,7.792267242110817,23.7713894816416,1644.0,1994.0,24.0,0.0,14.0,50.1,3600.0,10.0,44.872917699976824,2400.0,1.0,0.0,0.9825,0.0175,0.0,0.0,0.0,0.951902115180409
moscow,variable,1013,ergs_no_event,216.37083333333334,90.4625,7.792267242110817,23.7713894816416,1644.0,1994.0,24.0,0.0,14.0,50.1,3600.0,10.0,150.37021089997143,2400.0,1.0,0.0,0.0,1.0,0.0,-0.4268840264268593,0.0,0.951902115180409
moscow,variable,1013,ergs_no_guard,216.37083333333334,90.4625,7.792267242110817,23.7713894816416,1644.0,1994.0,24.0,0.0,14.0,50.1,3600.0,10.0,44.19992290006485,2400.0,0.020833333333333332,0.0,0.0,1.0,0.6625,0.0,0.0,0.9989160241716506
moscow,variable,1013,ergs_no_calibration,216.37083333333334,90.4625,7.792267242110817,23.7713894816416,1644.0,1994.0,24.0,0.0,14.0,50.1,3600.0,10.0,46.04334329999983,2400.0,0.020833333333333332,0.0,0.0,1.0,0.6625,0.0,0.0,0.9989160241716506
moscow,variable,1013,ergs_no_hysteresis,216.37083333333334,90.4625,7.792267242110817,23.7713894816416,1644.0,1994.0,24.0,0.0,14.0,50.1,3600.0,10.0,47.652347299968824,2400.0,0.020833333333333332,0.0,0.0,1.0,0.6275,-0.4381586089703608,0.0,0.9989161060214019
moscow,variable,1013,ergs_v2,216.37083333333334,90.4625,7.792267242110817,23.7713894816416,1644.0,1994.0,24.0,0.0,14.0,50.1,3600.0,10.0,48.00206269999035,2400.0,0.020833333333333332,0.0,0.0,1.0,0.6625,-0.4381586089703608,0.0,0.9989160241716506
moscow,variable,1019,fixed,197.29583333333332,74.42916666666666,8.565352611181169,13.863000722921944,1617.0,1988.0,11.0,0.0,14.0,159.0,3600.0,10.0,41.00177380000241,0.0,0.0,0.0,0.0,0.0,0.0,0.0,0.0,0.0
moscow,variable,1019,max_pressure,210.39166666666668,88.5875,8.055923724594434,19.239597998495665,1570.0,1984.0,11.0,0.0,6.0,44.9,3600.0,10.0,46.99875789997168,0.0,0.0,0.0,0.0,0.0,0.0,0.0,0.0,0.0
moscow,variable,1019,ppo_ensemble,207.9875,89.03333333333333,8.482860918135273,17.46965705395531,1553.0,1986.0,17.0,0.0,8.0,49.6,3600.0,10.0,43.59128679998685,0.0,0.0,0.0,0.0,0.0,0.0,0.0,0.0,0.0
moscow,variable,1019,lightgpt_direct,238.35,110.12916666666666,7.199652936103561,26.258327425484563,1540.0,1981.0,19.0,0.0,10.0,44.7,3600.0,10.0,48.87692660000175,2400.0,1.0,0.10333333333333333,0.97875,0.02125,0.0,0.0,0.0,0.5923002805911266
moscow,variable,1019,lightgpt_review,207.9875,89.03333333333333,8.482860918135273,17.46965705395531,1553.0,1986.0,17.0,0.0,8.0,49.6,3600.0,10.0,44.38891640002839,2400.0,1.0,0.0,0.9825,0.0175,0.0,0.0,0.0,0.9559413156638707
moscow,variable,1019,ergs_no_event,207.9875,89.03333333333333,8.482860918135273,17.46965705395531,1553.0,1986.0,17.0,0.0,8.0,49.6,3600.0,10.0,116.89046309993137,2400.0,1.0,0.0,0.0,1.0,0.0,-0.4253566429903414,0.0,0.9559413156638707
moscow,variable,1019,ergs_no_guard,207.9875,89.03333333333333,8.482860918135273,17.46965705395531,1553.0,1986.0,17.0,0.0,8.0,49.6,3600.0,10.0,25.20953760005068,2400.0,0.020833333333333332,0.0,0.0,1.0,0.625,0.0,0.0,0.9987186654855268
moscow,variable,1019,ergs_no_calibration,207.9875,89.03333333333333,8.482860918135273,17.46965705395531,1553.0,1986.0,17.0,0.0,8.0,49.6,3600.0,10.0,59.35756150004454,2400.0,0.020833333333333332,0.0,0.0,1.0,0.625,0.0,0.0,0.9987186654855268
moscow,variable,1019,ergs_no_hysteresis,207.9875,89.03333333333333,8.482860918135273,17.46965705395531,1553.0,1986.0,17.0,0.0,8.0,49.6,3600.0,10.0,62.47564720001537,2400.0,0.020833333333333332,0.0,0.0,1.0,0.6016666666666667,-0.42976200881571786,0.0,0.9987186654855268
moscow,variable,1019,ergs_v2,207.9875,89.03333333333333,8.482860918135273,17.46965705395531,1553.0,1986.0,17.0,0.0,8.0,49.6,3600.0,10.0,42.30540299997665,2400.0,0.020833333333333332,0.0,0.0,1.0,0.625,-0.42976200881571786,0.0,0.9987186654855268
moscow,variable,1021,fixed,190.05416666666667,60.229166666666664,8.543172857909695,11.26162816141239,1725.0,1996.0,7.0,0.0,6.0,159.0,3600.0,10.0,30.305268099997193,0.0,0.0,0.0,0.0,0.0,0.0,0.0,0.0,0.0
moscow,variable,1021,max_pressure,220.68333333333334,95.9625,7.530449491512459,21.044551797487223,1577.0,1995.0,12.0,0.0,12.0,44.8,3600.0,10.0,28.12543279991951,0.0,0.0,0.0,0.0,0.0,0.0,0.0,0.0,0.0
moscow,variable,1021,ppo_ensemble,192.79166666666666,67.12083333333334,8.627901882470516,11.92115434161148,1653.0,1992.0,7.0,0.0,14.0,50.1,3600.0,10.0,27.378778100013733,0.0,0.0,0.0,0.0,0.0,0.0,0.0,0.0,0.0
moscow,variable,1021,lightgpt_direct,240.775,123.60833333333333,7.3389351132655865,27.9879358724705,1437.0,1987.0,29.0,0.0,8.0,45.0,3600.0,10.0,25.28382829995826,2400.0,1.0,0.09375,0.9779166666666667,0.022083333333333333,0.0,0.0,0.0,0.5917149529219392
moscow,variable,1021,lightgpt_review,192.79166666666666,67.12083333333334,8.627901882470516,11.92115434161148,1653.0,1992.0,7.0,0.0,14.0,50.1,3600.0,10.0,25.733790799975395,2400.0,1.0,0.0,0.9858333333333333,0.014166666666666666,0.0,0.0,0.0,0.9521690853135347
moscow,variable,1021,ergs_no_event,192.79166666666666,67.12083333333334,8.627901882470516,11.92115434161148,1653.0,1992.0,7.0,0.0,14.0,50.1,3600.0,10.0,92.1006514999317,2400.0,1.0,0.0,0.0,1.0,0.0,-0.428665305645096,0.0,0.9521690853135347
moscow,variable,1021,ergs_no_guard,192.79166666666666,67.12083333333334,8.627901882470516,11.92115434161148,1653.0,1992.0,7.0,0.0,14.0,50.1,3600.0,10.0,27.889296099892817,2400.0,0.020833333333333332,0.0,0.0,1.0,0.61625,0.0,0.0,0.9984459522584143
moscow,variable,1021,ergs_no_calibration,192.79166666666666,67.12083333333334,8.627901882470516,11.92115434161148,1653.0,1992.0,7.0,0.0,14.0,50.1,3600.0,10.0,26.44229409995023,2400.0,0.020833333333333332,0.0,0.0,1.0,0.61625,0.0,0.0,0.9984459522584143
moscow,variable,1021,ergs_no_hysteresis,192.79166666666666,67.12083333333334,8.627901882470516,11.92115434161148,1653.0,1992.0,7.0,0.0,14.0,50.1,3600.0,10.0,27.2441995999543,2400.0,0.020833333333333332,0.0,0.0,1.0,0.5908333333333333,-0.43499875202663646,0.0,0.9984459522584143
moscow,variable,1021,ergs_v2,192.79166666666666,67.12083333333334,8.627901882470516,11.92115434161148,1653.0,1992.0,7.0,0.0,14.0,50.1,3600.0,10.0,25.7890206000302,2400.0,0.020833333333333332,0.0,0.0,1.0,0.61625,-0.43499875202663646,0.0,0.9984459522584143
moscow,variable,1031,fixed,185.3875,60.016666666666666,8.888896957109818,10.983945020200727,1670.0,1995.0,8.0,0.0,10.0,159.0,3600.0,10.0,24.99695249996148,0.0,0.0,0.0,0.0,0.0,0.0,0.0,0.0,0.0
moscow,variable,1031,max_pressure,214.15,92.67083333333333,7.712016331574982,23.101563257090124,1574.0,1982.0,24.0,0.0,12.0,44.8,3600.0,10.0,27.672792299999855,0.0,0.0,0.0,0.0,0.0,0.0,0.0,0.0,0.0
moscow,variable,1031,ppo_ensemble,176.9625,50.608333333333334,9.30595187940625,10.37387814452285,1807.0,1998.0,2.0,0.0,10.0,50.8,3600.0,10.0,26.48799669998698,0.0,0.0,0.0,0.0,0.0,0.0,0.0,0.0,0.0
moscow,variable,1031,lightgpt_direct,182.88333333333333,57.03333333333333,8.94665674553593,12.553405589576338,1750.0,1999.0,6.0,0.0,14.0,45.4,3600.0,10.0,24.910172699950635,2400.0,1.0,0.10041666666666667,0.9908333333333333,0.009166666666666667,0.0,0.0,0.0,0.5928116581651199
moscow,variable,1031,lightgpt_review,176.9625,50.608333333333334,9.30595187940625,10.37387814452285,1807.0,1998.0,2.0,0.0,10.0,50.8,3600.0,10.0,24.44451369997114,2400.0,1.0,0.0,0.9854166666666667,0.014583333333333334,0.0,0.0,0.0,0.9508900700038287
moscow,variable,1031,ergs_no_event,176.9625,50.608333333333334,9.30595187940625,10.37387814452285,1807.0,1998.0,2.0,0.0,10.0,50.8,3600.0,10.0,131.27153839997482,2400.0,1.0,0.0,0.0,1.0,0.0,-0.428872222334337,0.0,0.9508900700038287
moscow,variable,1031,ergs_no_guard,176.9625,50.608333333333334,9.30595187940625,10.37387814452285,1807.0,1998.0,2.0,0.0,10.0,50.8,3600.0,10.0,23.803089100052603,2400.0,0.020833333333333332,0.0,0.0,1.0,0.6195833333333334,0.0,0.0,0.9984157807308046
moscow,variable,1031,ergs_no_calibration,176.9625,50.608333333333334,9.30595187940625,10.37387814452285,1807.0,1998.0,2.0,0.0,10.0,50.8,3600.0,10.0,26.47894699999597,2400.0,0.020833333333333332,0.0,0.0,1.0,0.6195833333333334,0.0,0.0,0.9984157807308046
moscow,variable,1031,ergs_no_hysteresis,176.9625,50.608333333333334,9.30595187940625,10.37387814452285,1807.0,1998.0,2.0,0.0,10.0,50.8,3600.0,10.0,25.029138699988835,2400.0,0.020833333333333332,0.0,0.0,1.0,0.5908333333333333,-0.43499875202663646,0.0,0.9984157807308046
moscow,variable,1031,ergs_v2,176.9625,50.608333333333334,9.30595187940625,10.37387814452285,1807.0,1998.0,2.0,0.0,10.0,50.8,3600.0,10.0,25.41661590000149,2400.0,0.020833333333333332,0.0,0.0,1.0,0.6195833333333334,-0.43499875202663646,0.0,0.9984157807308046
moscow,variable,1033,fixed,200.10833333333332,77.17916666666666,8.596423305245102,15.23183910638184,1593.0,1990.0,12.0,0.0,18.0,159.0,3600.0,10.0,24.004611600073986,0.0,0.0,0.0,0.0,0.0,0.0,0.0,0.0,0.0
moscow,variable,1033,max_pressure,220.74583333333334,94.07083333333334,7.6891202511830405,18.462564154010426,1609.0,1995.0,9.0,0.0,12.0,44.3,3600.0,10.0,27.123005299945362,0.0,0.0,0.0,0.0,0.0,0.0,0.0,0.0,0.0
moscow,variable,1033,ppo_ensemble,207.55,88.02916666666667,8.384733322931782,19.546735346051094,1551.0,1986.0,21.0,0.0,8.0,50.5,3600.0,10.0,25.846709699952044,0.0,0.0,0.0,0.0,0.0,0.0,0.0,0.0,0.0
moscow,variable,1033,lightgpt_direct,210.65833333333333,85.92083333333333,8.052848631605643,19.581100305582815,1571.0,1985.0,11.0,0.0,14.0,45.9,3600.0,10.0,25.76742229994852,2400.0,1.0,0.10791666666666666,0.9808333333333333,0.019166666666666665,0.0,0.0,0.0,0.592417270871627
moscow,variable,1033,lightgpt_review,207.55,88.02916666666667,8.384733322931782,19.546735346051094,1551.0,1986.0,21.0,0.0,8.0,50.5,3600.0,10.0,25.780420800088905,2400.0,1.0,0.0,0.9845833333333334,0.015416666666666667,0.0,0.0,0.0,0.9540894810485135
moscow,variable,1033,ergs_no_event,207.55,88.02916666666667,8.384733322931782,19.546735346051094,1551.0,1986.0,21.0,0.0,8.0,50.5,3600.0,10.0,90.21860030002426,2400.0,1.0,0.0,0.0,1.0,0.0,-0.42726772760027765,0.0,0.9540894810485135
moscow,variable,1033,ergs_no_guard,207.55,88.02916666666667,8.384733322931782,19.546735346051094,1551.0,1986.0,21.0,0.0,8.0,50.5,3600.0,10.0,24.957120900042355,2400.0,0.020833333333333332,0.0,0.0,1.0,0.6391666666666667,0.0,0.0,0.9988836269672972
moscow,variable,1033,ergs_no_calibration,207.55,88.02916666666667,8.384733322931782,19.546735346051094,1551.0,1986.0,21.0,0.0,8.0,50.5,3600.0,10.0,24.913025000016205,2400.0,0.020833333333333332,0.0,0.0,1.0,0.6391666666666667,0.0,0.0,0.9988836269672972
moscow,variable,1033,ergs_no_hysteresis,207.55,88.02916666666667,8.384733322931782,19.546735346051094,1551.0,1986.0,21.0,0.0,8.0,50.5,3600.0,10.0,26.38415289996192,2400.0,0.020833333333333332,0.0,0.0,1.0,0.6108333333333333,-0.4161286654501564,0.0,0.9988836269672972
moscow,variable,1033,ergs_v2,207.55,88.02916666666667,8.384733322931782,19.546735346051094,1551.0,1986.0,21.0,0.0,8.0,50.5,3600.0,10.0,26.187150300014764,2400.0,0.020833333333333332,0.0,0.0,1.0,0.6391666666666667,-0.4161286654501565,0.0,0.9988836269672972
moscow,variable,1039,fixed,199.24166666666667,76.74583333333334,8.193294050894474,17.724221324349315,1647.0,1996.0,10.0,0.0,18.0,159.0,3600.0,10.0,24.666387100005522,0.0,0.0,0.0,0.0,0.0,0.0,0.0,0.0,0.0
moscow,variable,1039,max_pressure,233.88333333333333,110.2625,7.012763186662258,26.982093556092508,1582.0,1995.0,15.0,0.0,28.0,46.0,3600.0,10.0,39.4731613000622,0.0,0.0,0.0,0.0,0.0,0.0,0.0,0.0,0.0
moscow,variable,1039,ppo_ensemble,196.125,77.79166666666667,8.586215788519914,18.675866466492817,1612.0,1993.0,8.0,0.0,18.0,49.2,3600.0,10.0,20.721071999985725,0.0,0.0,0.0,0.0,0.0,0.0,0.0,0.0,0.0
moscow,variable,1039,lightgpt_direct,255.96666666666667,134.54166666666666,6.909248272674647,32.57788583350508,1446.0,1988.0,26.0,0.0,14.0,46.7,3600.0,10.0,20.824319100007415,2400.0,1.0,0.105,0.9808333333333333,0.019166666666666665,0.0,0.0,0.0,0.5909349694600564
moscow,variable,1039,lightgpt_review,196.125,77.79166666666667,8.586215788519914,18.675866466492817,1612.0,1993.0,8.0,0.0,18.0,49.2,3600.0,10.0,20.504929599934258,2400.0,1.0,0.0,0.9891666666666666,0.010833333333333334,0.0,0.0,0.0,0.9571532190491274
moscow,variable,1039,ergs_no_event,196.125,77.79166666666667,8.586215788519914,18.675866466492817,1612.0,1993.0,8.0,0.0,18.0,49.2,3600.0,10.0,63.87442619993817,2400.0,1.0,0.0,0.0,1.0,0.0,-0.42875555320147346,0.0,0.9571532190491274
moscow,variable,1039,ergs_no_guard,196.125,77.79166666666667,8.586215788519914,18.675866466492817,1612.0,1993.0,8.0,0.0,18.0,49.2,3600.0,10.0,19.1836406000657,2400.0,0.020833333333333332,0.0,0.0,1.0,0.6141666666666666,0.0,0.0,0.9989003542212318
moscow,variable,1039,ergs_no_calibration,196.125,77.79166666666667,8.586215788519914,18.675866466492817,1612.0,1993.0,8.0,0.0,18.0,49.2,3600.0,10.0,32.94140710006468,2400.0,0.020833333333333332,0.0,0.0,1.0,0.6141666666666666,0.0,0.0,0.9989003542212318
moscow,variable,1039,ergs_no_hysteresis,196.125,77.79166666666667,8.586215788519914,18.675866466492817,1612.0,1993.0,8.0,0.0,18.0,49.2,3600.0,10.0,21.958541800035164,2400.0,0.020833333333333332,0.0,0.0,1.0,0.5904166666666667,-0.4407769805758201,0.0,0.9987521865333878
moscow,variable,1039,ergs_v2,196.125,77.79166666666667,8.586215788519914,18.675866466492817,1612.0,1993.0,8.0,0.0,18.0,49.2,3600.0,10.0,18.583417500020005,2400.0,0.020833333333333332,0.0,0.0,1.0,0.6141666666666666,-0.4381586089703608,0.0,0.9989003542212318
moscow,variable,1049,fixed,212.37083333333334,87.82916666666667,7.947369362295649,19.71007953442565,1590.0,1991.0,20.0,0.0,14.0,159.0,3600.0,10.0,39.58950959995855,0.0,0.0,0.0,0.0,0.0,0.0,0.0,0.0,0.0
moscow,variable,1049,max_pressure,211.52083333333334,82.575,7.800307911066773,17.411741655304372,1656.0,1998.0,8.0,0.0,10.0,44.6,3600.0,10.0,52.39609399996698,0.0,0.0,0.0,0.0,0.0,0.0,0.0,0.0,0.0
moscow,variable,1049,ppo_ensemble,216.97916666666666,91.61666666666666,7.766732034249228,22.70586612410277,1585.0,1982.0,13.0,0.0,8.0,50.4,3600.0,10.0,46.53485050005838,0.0,0.0,0.0,0.0,0.0,0.0,0.0,0.0,0.0
moscow,variable,1049,lightgpt_direct,239.8625,118.35833333333333,7.192278167305138,26.37215525609343,1461.0,1982.0,23.0,0.0,8.0,45.6,3600.0,10.0,44.07268820004538,2400.0,1.0,0.09583333333333334,0.98125,0.01875,0.0,0.0,0.0,0.5919891414065703
moscow,variable,1049,lightgpt_review,216.97916666666666,91.61666666666666,7.766732034249228,22.70586612410277,1585.0,1982.0,13.0,0.0,8.0,50.4,3600.0,10.0,43.88534050004091,2400.0,1.0,0.0,0.985,0.015,0.0,0.0,0.0,0.9525164209838145
moscow,variable,1049,ergs_no_event,216.97916666666666,91.61666666666666,7.766732034249228,22.70586612410277,1585.0,1982.0,13.0,0.0,8.0,50.4,3600.0,10.0,169.14447960001417,2400.0,1.0,0.0,0.0,1.0,0.0,-0.4280427002630838,0.0,0.9525164209838145
moscow,variable,1049,ergs_no_guard,216.97916666666666,91.61666666666666,7.766732034249228,22.70586612410277,1585.0,1982.0,13.0,0.0,8.0,50.4,3600.0,10.0,49.05213950003963,2400.0,0.020833333333333332,0.0,0.0,1.0,0.6279166666666667,0.0,0.0,0.998457819250896
moscow,variable,1049,ergs_no_calibration,216.97916666666666,91.61666666666666,7.766732034249228,22.70586612410277,1585.0,1982.0,13.0,0.0,8.0,50.4,3600.0,10.0,49.246929900022224,2400.0,0.020833333333333332,0.0,0.0,1.0,0.6279166666666667,0.0,0.0,0.998457819250896
moscow,variable,1049,ergs_no_hysteresis,216.97916666666666,91.61666666666666,7.766732034249228,22.70586612410277,1585.0,1982.0,13.0,0.0,8.0,50.4,3600.0,10.0,45.07741240004543,2400.0,0.020833333333333332,0.0,0.0,1.0,0.6025,-0.44023549523755506,0.0,0.998151103623187
moscow,variable,1049,ergs_v2,216.97916666666666,91.61666666666666,7.766732034249228,22.70586612410277,1585.0,1982.0,13.0,0.0,8.0,50.4,3600.0,10.0,45.8988035999937,2400.0,0.020833333333333332,0.0,0.0,1.0,0.6279166666666667,-0.43499875202663646,0.0,0.998457819250896
moscow,variable,1051,fixed,236.04166666666666,113.50833333333334,7.6075800659933694,24.451892212272547,1513.0,1977.0,23.0,0.0,12.0,159.0,3600.0,10.0,42.77949769992847,0.0,0.0,0.0,0.0,0.0,0.0,0.0,0.0,0.0
moscow,variable,1051,max_pressure,225.375,103.48333333333333,7.31541515482425,26.736582175699112,1577.0,1989.0,18.0,0.0,8.0,44.7,3600.0,10.0,51.506876299972646,0.0,0.0,0.0,0.0,0.0,0.0,0.0,0.0,0.0
moscow,variable,1051,ppo_ensemble,212.125,94.8375,7.935692200713285,22.411924488968104,1532.0,1980.0,16.0,0.0,12.0,50.0,3600.0,10.0,42.62338600005023,0.0,0.0,0.0,0.0,0.0,0.0,0.0,0.0,0.0
moscow,variable,1051,lightgpt_direct,210.0,86.74166666666666,7.939334013114309,19.521457201877393,1576.0,1986.0,14.0,0.0,12.0,45.6,3600.0,10.0,41.8407158999471,2400.0,1.0,0.08458333333333333,0.9895833333333334,0.010416666666666666,0.0,0.0,0.0,0.5936195907436468
moscow,variable,1051,lightgpt_review,212.125,94.8375,7.935692200713285,22.411924488968104,1532.0,1980.0,16.0,0.0,12.0,50.0,3600.0,10.0,42.5434641999891,2400.0,1.0,0.0,0.9858333333333333,0.014166666666666666,0.0,0.0,0.0,0.9536609314319257
moscow,variable,1051,ergs_no_event,212.125,94.8375,7.935692200713285,22.411924488968104,1532.0,1980.0,16.0,0.0,12.0,50.0,3600.0,10.0,152.15718249999918,2400.0,1.0,0.0,0.0,1.0,0.0,-0.4281198115606253,0.0,0.9536609314319257
moscow,variable,1051,ergs_no_guard,212.125,94.8375,7.935692200713285,22.411924488968104,1532.0,1980.0,16.0,0.0,12.0,50.0,3600.0,10.0,41.32068070000969,2400.0,0.020833333333333332,0.0,0.0,1.0,0.6358333333333334,0.0,0.0,0.9987592666614868
moscow,variable,1051,ergs_no_calibration,212.125,94.8375,7.935692200713285,22.411924488968104,1532.0,1980.0,16.0,0.0,12.0,50.0,3600.0,10.0,50.86325299995951,2400.0,0.020833333333333332,0.0,0.0,1.0,0.6358333333333334,0.0,0.0,0.9987592666614868
moscow,variable,1051,ergs_no_hysteresis,212.125,94.8375,7.935692200713285,22.411924488968104,1532.0,1980.0,16.0,0.0,12.0,50.0,3600.0,10.0,50.28578329994343,2400.0,0.020833333333333332,0.0,0.0,1.0,0.61,-0.42976200881571786,0.0,0.9987592666614868
moscow,variable,1051,ergs_v2,212.125,94.8375,7.935692200713285,22.411924488968104,1532.0,1980.0,16.0,0.0,12.0,50.0,3600.0,10.0,49.53640550002456,2400.0,0.020833333333333332,0.0,0.0,1.0,0.6358333333333334,-0.42976200881571786,0.0,0.9987592666614868
moscow,variable,1061,fixed,192.72083333333333,77.61666666666666,8.686766488083336,17.00852339095651,1616.0,1996.0,10.0,0.0,14.0,159.0,3600.0,10.0,44.459361800109036,0.0,0.0,0.0,0.0,0.0,0.0,0.0,0.0,0.0
moscow,variable,1061,max_pressure,223.47083333333333,101.84166666666667,7.396839525652338,24.15436273513461,1603.0,1997.0,18.0,0.0,16.0,45.2,3600.0,10.0,47.5175590000581,0.0,0.0,0.0,0.0,0.0,0.0,0.0,0.0,0.0
moscow,variable,1061,ppo_ensemble,202.6625,87.125,8.284556934655459,21.70432647832275,1585.0,1993.0,25.0,0.0,18.0,49.5,3600.0,10.0,46.17830209992826,0.0,0.0,0.0,0.0,0.0,0.0,0.0,0.0,0.0
moscow,variable,1061,lightgpt_direct,197.27083333333334,84.6625,8.525171698138413,20.654313310985895,1575.0,1996.0,16.0,0.0,12.0,45.6,3600.0,10.0,39.36076329997741,2400.0,1.0,0.11125,0.9833333333333333,0.016666666666666666,0.0,0.0,0.0,0.5922413813854183
moscow,variable,1061,lightgpt_review,202.6625,87.125,8.284556934655459,21.70432647832275,1585.0,1993.0,25.0,0.0,18.0,49.5,3600.0,10.0,41.46240190009121,2400.0,1.0,0.0,0.9891666666666666,0.010833333333333334,0.0,0.0,0.0,0.9560631823055104
moscow,variable,1061,ergs_no_event,202.6625,87.125,8.284556934655459,21.70432647832275,1585.0,1993.0,25.0,0.0,18.0,49.5,3600.0,10.0,157.11911349999718,2400.0,1.0,0.0,0.0,1.0,0.0,-0.429137399060603,0.0,0.9560631823055104
moscow,variable,1061,ergs_no_guard,202.6625,87.125,8.284556934655459,21.70432647832275,1585.0,1993.0,25.0,0.0,18.0,49.5,3600.0,10.0,44.04611710004974,2400.0,0.020833333333333332,0.0,0.0,1.0,0.6408333333333334,0.0,0.0,0.9991857629018093
moscow,variable,1061,ergs_no_calibration,202.6625,87.125,8.284556934655459,21.70432647832275,1585.0,1993.0,25.0,0.0,18.0,49.5,3600.0,10.0,46.6291135000065,2400.0,0.020833333333333332,0.0,0.0,1.0,0.6408333333333334,0.0,0.0,0.9991857629018093
moscow,variable,1061,ergs_no_hysteresis,202.6625,87.125,8.284556934655459,21.70432647832275,1585.0,1993.0,25.0,0.0,18.0,49.5,3600.0,10.0,44.80286299996078,2400.0,0.020833333333333332,0.0,0.0,1.0,0.6195833333333334,-0.42190689399934006,0.0,0.9991857629018093
moscow,variable,1061,ergs_v2,202.6625,87.125,8.284556934655459,21.70432647832275,1585.0,1993.0,25.0,0.0,18.0,49.5,3600.0,10.0,47.13978009996936,2400.0,0.020833333333333332,0.0,0.0,1.0,0.6408333333333334,-0.42190689399934006,0.0,0.9991857629018093
moscow,variable,1063,fixed,255.7125,130.25,6.911576154945135,27.97463639769058,1462.0,1980.0,35.0,0.0,28.0,159.0,3600.0,10.0,45.65266659995541,0.0,0.0,0.0,0.0,0.0,0.0,0.0,0.0,0.0
moscow,variable,1063,max_pressure,280.3041666666667,151.95416666666668,6.325044547007469,36.42612990835364,1442.0,1980.0,30.0,0.0,36.0,46.7,3600.0,10.0,52.44238749996293,0.0,0.0,0.0,0.0,0.0,0.0,0.0,0.0,0.0
moscow,variable,1063,ppo_ensemble,239.24583333333334,111.42083333333333,7.334535020602348,24.70564185878613,1502.0,1987.0,23.0,0.0,28.0,50.3,3600.0,10.0,43.75641759997234,0.0,0.0,0.0,0.0,0.0,0.0,0.0,0.0,0.0
moscow,variable,1063,lightgpt_direct,340.95,222.37916666666666,5.589438414832344,44.91291794792598,1170.0,1952.0,49.0,0.0,38.0,46.7,3600.0,10.0,48.57271490001585,2400.0,1.0,0.12083333333333333,0.9620833333333333,0.03791666666666667,0.0,0.0,0.0,0.5887493293068156
moscow,variable,1063,lightgpt_review,239.24583333333334,111.42083333333333,7.334535020602348,24.70564185878613,1502.0,1987.0,23.0,0.0,28.0,50.3,3600.0,10.0,41.096284899977036,2400.0,1.0,0.0,0.9845833333333334,0.015416666666666667,0.0,0.0,0.0,0.951001297381821
moscow,variable,1063,ergs_no_event,239.24583333333334,111.42083333333333,7.334535020602348,24.70564185878613,1502.0,1987.0,23.0,0.0,28.0,50.3,3600.0,10.0,155.64188639994245,2400.0,1.0,0.0,0.0,1.0,0.0,-0.428304166360772,0.0,0.951001297381821
moscow,variable,1063,ergs_no_guard,239.24583333333334,111.42083333333333,7.334535020602348,24.70564185878613,1502.0,1987.0,23.0,0.0,28.0,50.3,3600.0,10.0,43.56350899999961,2400.0,0.020833333333333332,0.0,0.0,1.0,0.6445833333333333,0.0,0.0,0.9987621257871793
moscow,variable,1063,ergs_no_calibration,239.24583333333334,111.42083333333333,7.334535020602348,24.70564185878613,1502.0,1987.0,23.0,0.0,28.0,50.3,3600.0,10.0,46.03101119992789,2400.0,0.020833333333333332,0.0,0.0,1.0,0.6445833333333333,0.0,0.0,0.9987621257871793
moscow,variable,1063,ergs_no_hysteresis,239.24583333333334,111.42083333333333,7.334535020602348,24.70564185878613,1502.0,1987.0,23.0,0.0,28.0,50.3,3600.0,10.0,44.72563690005336,2400.0,0.020833333333333332,0.0,0.0,1.0,0.6179166666666667,-0.44339535218127935,0.0,0.9986087679733247
moscow,variable,1063,ergs_v2,239.24583333333334,111.42083333333333,7.334535020602348,24.70564185878613,1502.0,1987.0,23.0,0.0,28.0,50.3,3600.0,10.0,47.62883750000037,2400.0,0.020833333333333332,0.0,0.0,1.0,0.6445833333333333,-0.44077698057582004,0.0,0.9987621257871793
moscow,variable,1069,fixed,204.1125,85.53333333333333,8.221754627850965,19.30873421090359,1573.0,1989.0,17.0,0.0,14.0,159.0,3600.0,10.0,43.26145950006321,0.0,0.0,0.0,0.0,0.0,0.0,0.0,0.0,0.0
moscow,variable,1069,max_pressure,209.35,84.59583333333333,7.924454188925013,19.27685626185564,1611.0,1996.0,15.0,0.0,22.0,45.0,3600.0,10.0,44.97989340010099,0.0,0.0,0.0,0.0,0.0,0.0,0.0,0.0,0.0
moscow,variable,1069,ppo_ensemble,224.89166666666668,106.2625,7.501124582216513,27.137382616843304,1492.0,1983.0,22.0,0.0,18.0,49.3,3600.0,10.0,43.47413620003499,0.0,0.0,0.0,0.0,0.0,0.0,0.0,0.0,0.0
moscow,variable,1069,lightgpt_direct,218.32916666666668,96.1125,7.557211274803326,23.692367034114476,1568.0,1994.0,23.0,0.0,16.0,46.1,3600.0,10.0,44.02027300000191,2400.0,1.0,0.08291666666666667,0.9858333333333333,0.014166666666666666,0.0,0.0,0.0,0.5923571413161598
moscow,variable,1069,lightgpt_review,224.89166666666668,106.2625,7.501124582216513,27.137382616843304,1492.0,1983.0,22.0,0.0,18.0,49.3,3600.0,10.0,45.51840359997004,2400.0,1.0,0.0,0.9875,0.0125,0.0,0.0,0.0,0.9551677021090612
moscow,variable,1069,ergs_no_event,224.89166666666668,106.2625,7.501124582216513,27.137382616843304,1492.0,1983.0,22.0,0.0,18.0,49.3,3600.0,10.0,155.21195729996543,2400.0,1.0,0.0,0.0,1.0,0.0,-0.4284922317894964,0.0,0.9551677021090612
moscow,variable,1069,ergs_no_guard,224.89166666666668,106.2625,7.501124582216513,27.137382616843304,1492.0,1983.0,22.0,0.0,18.0,49.3,3600.0,10.0,43.16083969990723,2400.0,0.020833333333333332,0.0,0.0,1.0,0.6425,0.0,0.0,0.9986063932033301
moscow,variable,1069,ergs_no_calibration,224.89166666666668,106.2625,7.501124582216513,27.137382616843304,1492.0,1983.0,22.0,0.0,18.0,49.3,3600.0,10.0,45.536177600035444,2400.0,0.020833333333333332,0.0,0.0,1.0,0.6425,0.0,0.0,0.9986063932033301
moscow,variable,1069,ergs_no_hysteresis,224.89166666666668,106.2625,7.501124582216513,27.137382616843304,1492.0,1983.0,22.0,0.0,18.0,49.3,3600.0,10.0,48.74638290004805,2400.0,0.020833333333333332,0.0,0.0,1.0,0.6158333333333333,-0.4433953521812794,0.0,0.9986063932033301
moscow,variable,1069,ergs_v2,224.89166666666668,106.2625,7.501124582216513,27.137382616843304,1492.0,1983.0,22.0,0.0,18.0,49.3,3600.0,10.0,42.893676400068216,2400.0,0.020833333333333332,0.0,0.0,1.0,0.6425,-0.4433953521812794,0.0,0.9986063932033301
moscow,variable,1087,fixed,256.56666666666666,121.69583333333334,6.864443613768288,22.40213523394725,1540.0,1986.0,23.0,0.0,14.0,159.0,3600.0,10.0,44.35265779995825,0.0,0.0,0.0,0.0,0.0,0.0,0.0,0.0,0.0
moscow,variable,1087,max_pressure,197.05,68.42083333333333,8.204394142952484,13.420381889703004,1734.0,1995.0,5.0,0.0,14.0,46.1,3600.0,10.0,47.69892160000745,0.0,0.0,0.0,0.0,0.0,0.0,0.0,0.0,0.0
moscow,variable,1087,ppo_ensemble,229.89166666666668,103.15833333333333,7.42769915062884,23.67410152001181,1545.0,1992.0,13.0,0.0,14.0,52.1,3600.0,10.0,44.83864840003662,0.0,0.0,0.0,0.0,0.0,0.0,0.0,0.0,0.0
moscow,variable,1087,lightgpt_direct,185.41666666666666,53.416666666666664,8.875360505040826,9.030650881694669,1837.0,2000.0,4.0,0.0,24.0,46.3,3600.0,10.0,41.11982230003923,2400.0,1.0,0.10791666666666666,0.98875,0.01125,0.0,0.0,0.0,0.5912921089013253
moscow,variable,1087,lightgpt_review,229.89166666666668,103.15833333333333,7.42769915062884,23.67410152001181,1545.0,1992.0,13.0,0.0,14.0,52.1,3600.0,10.0,45.08340539992787,2400.0,1.0,0.0,0.9775,0.0225,0.0,0.0,0.0,0.9478885584208041
moscow,variable,1087,ergs_no_event,229.89166666666668,103.15833333333333,7.42769915062884,23.67410152001181,1545.0,1992.0,13.0,0.0,14.0,52.1,3600.0,10.0,96.52054170006886,2400.0,1.0,0.0,0.0,1.0,0.0,-0.4254940186980105,0.0,0.9478885584208041
moscow,variable,1087,ergs_no_guard,229.89166666666668,103.15833333333333,7.42769915062884,23.67410152001181,1545.0,1992.0,13.0,0.0,14.0,52.1,3600.0,10.0,30.933729799930006,2400.0,0.020833333333333332,0.0,0.0,1.0,0.65375,0.0,0.0,0.9990366141951805
moscow,variable,1087,ergs_no_calibration,229.89166666666668,103.15833333333333,7.42769915062884,23.67410152001181,1545.0,1992.0,13.0,0.0,14.0,52.1,3600.0,10.0,68.50154690002091,2400.0,0.020833333333333332,0.0,0.0,1.0,0.65375,0.0,0.0,0.9990366141951805
moscow,variable,1087,ergs_no_hysteresis,229.89166666666668,103.15833333333333,7.42769915062884,23.67410152001181,1545.0,1992.0,13.0,0.0,14.0,52.1,3600.0,10.0,54.65848129999358,2400.0,0.020833333333333332,0.0,0.0,1.0,0.625,-0.41612866545015637,0.0,0.9988838139340537
moscow,variable,1087,ergs_v2,229.89166666666668,103.15833333333333,7.42769915062884,23.67410152001181,1545.0,1992.0,13.0,0.0,14.0,52.1,3600.0,10.0,43.11821330001112,2400.0,0.020833333333333332,0.0,0.0,1.0,0.65375,-0.4135102938446971,0.0,0.9990366141951805
moscow,variable,1091,fixed,215.12916666666666,91.275,7.940131605847703,20.62473491292174,1576.0,1983.0,17.0,0.0,8.0,159.0,3600.0,10.0,30.104715900029987,0.0,0.0,0.0,0.0,0.0,0.0,0.0,0.0,0.0
moscow,variable,1091,max_pressure,252.28333333333333,132.825,6.885216498075067,30.555416896505292,1457.0,1970.0,23.0,0.0,10.0,45.3,3600.0,10.0,29.457432000082918,0.0,0.0,0.0,0.0,0.0,0.0,0.0,0.0,0.0
moscow,variable,1091,ppo_ensemble,223.7375,100.22083333333333,7.68681553953171,25.414603293052995,1554.0,1981.0,24.0,0.0,18.0,48.8,3600.0,10.0,24.61465930007398,0.0,0.0,0.0,0.0,0.0,0.0,0.0,0.0,0.0
moscow,variable,1091,lightgpt_direct,224.75,112.17916666666666,7.6586576577310925,28.3448013122085,1435.0,1974.0,34.0,0.0,12.0,44.6,3600.0,10.0,27.072974000009708,2400.0,1.0,0.10541666666666667,0.9841666666666666,0.015833333333333335,0.0,0.0,0.0,0.5945412482560675
moscow,variable,1091,lightgpt_review,223.7375,100.22083333333333,7.68681553953171,25.414603293052995,1554.0,1981.0,24.0,0.0,18.0,48.8,3600.0,10.0,26.236669200006872,2400.0,1.0,0.0,0.9845833333333334,0.015416666666666667,0.0,0.0,0.0,0.9548811261896116
moscow,variable,1091,ergs_no_event,223.7375,100.22083333333333,7.68681553953171,25.414603293052995,1554.0,1981.0,24.0,0.0,18.0,48.8,3600.0,10.0,92.04131889995188,2400.0,1.0,0.0,0.0,1.0,0.0,-0.4269949805580423,0.0,0.9548811261896116
moscow,variable,1091,ergs_no_guard,223.7375,100.22083333333333,7.68681553953171,25.414603293052995,1554.0,1981.0,24.0,0.0,18.0,48.8,3600.0,10.0,26.33896129997447,2400.0,0.020833333333333332,0.0,0.0,1.0,0.64625,0.0,0.0,0.9990693843621636
moscow,variable,1091,ergs_no_calibration,223.7375,100.22083333333333,7.68681553953171,25.414603293052995,1554.0,1981.0,24.0,0.0,18.0,48.8,3600.0,10.0,25.774801300023682,2400.0,0.020833333333333332,0.0,0.0,1.0,0.64625,0.0,0.0,0.9990693843621636
moscow,variable,1091,ergs_no_hysteresis,223.7375,100.22083333333333,7.68681553953171,25.414603293052995,1554.0,1981.0,24.0,0.0,18.0,48.8,3600.0,10.0,26.344968700082973,2400.0,0.020833333333333332,0.0,0.0,1.0,0.6233333333333333,-0.4355402373649016,0.0,0.9990693843621636
moscow,variable,1091,ergs_v2,223.7375,100.22083333333333,7.68681553953171,25.414603293052995,1554.0,1981.0,24.0,0.0,18.0,48.8,3600.0,10.0,28.34342910000123,2400.0,0.020833333333333332,0.0,0.0,1.0,0.64625,-0.4355402373649016,0.0,0.9990693843621636
moscow,variable,1093,fixed,180.57083333333333,65.54166666666667,8.868180935270686,15.094838661361328,1641.0,1994.0,12.0,0.0,20.0,159.0,3600.0,10.0,26.111066800076514,0.0,0.0,0.0,0.0,0.0,0.0,0.0,0.0,0.0
moscow,variable,1093,max_pressure,213.30833333333334,89.7125,7.761361796618434,20.602059128801933,1593.0,1995.0,14.0,0.0,20.0,44.2,3600.0,10.0,24.224351900047623,0.0,0.0,0.0,0.0,0.0,0.0,0.0,0.0,0.0
moscow,variable,1093,ppo_ensemble,212.95,92.61666666666666,7.726456958055567,26.678281701080838,1602.0,1989.0,25.0,0.0,20.0,50.5,3600.0,10.0,28.31357629992999,0.0,0.0,0.0,0.0,0.0,0.0,0.0,0.0,0.0
moscow,variable,1093,lightgpt_direct,218.22916666666666,96.42083333333333,7.636809286753313,26.787376740296743,1600.0,1993.0,20.0,0.0,32.0,45.8,3600.0,10.0,25.456507800030522,2400.0,1.0,0.09541666666666666,0.98375,0.01625,0.0,0.0,0.0,0.5920397686543285
moscow,variable,1093,lightgpt_review,212.95,92.61666666666666,7.726456958055567,26.678281701080838,1602.0,1989.0,25.0,0.0,20.0,50.5,3600.0,10.0,33.8788033000892,2400.0,1.0,0.0,0.9766666666666667,0.023333333333333334,0.0,0.0,0.0,0.9503137312095479
moscow,variable,1093,ergs_no_event,212.95,92.61666666666666,7.726456958055567,26.678281701080838,1602.0,1989.0,25.0,0.0,20.0,50.5,3600.0,10.0,120.56001499993727,2400.0,1.0,0.0,0.0,1.0,0.0,-0.42405317218929234,0.0,0.9503137312095479
moscow,variable,1093,ergs_no_guard,212.95,92.61666666666666,7.726456958055567,26.678281701080838,1602.0,1989.0,25.0,0.0,20.0,50.5,3600.0,10.0,23.92215649993159,2400.0,0.020833333333333332,0.0,0.0,1.0,0.6395833333333333,0.0,0.0,0.9992134532204706
moscow,variable,1093,ergs_no_calibration,212.95,92.61666666666666,7.726456958055567,26.678281701080838,1602.0,1989.0,25.0,0.0,20.0,50.5,3600.0,10.0,25.8135841001058,2400.0,0.020833333333333332,0.0,0.0,1.0,0.6395833333333333,0.0,0.0,0.9992134532204706
moscow,variable,1093,ergs_no_hysteresis,212.95,92.61666666666666,7.726456958055567,26.678281701080838,1602.0,1989.0,25.0,0.0,20.0,50.5,3600.0,10.0,28.182965700048953,2400.0,0.020833333333333332,0.0,0.0,1.0,0.61875,-0.4355402373649015,0.0,0.9990606529593439
moscow,variable,1093,ergs_v2,212.95,92.61666666666666,7.726456958055567,26.678281701080838,1602.0,1989.0,25.0,0.0,20.0,50.5,3600.0,10.0,27.1946168000577,2400.0,0.020833333333333332,0.0,0.0,1.0,0.6395833333333333,-0.4329218657594422,0.0,0.9992134532204706
moscow,variable,1097,fixed,176.72083333333333,53.766666666666666,9.085966722693444,9.137923713328194,1742.0,1994.0,6.0,0.0,16.0,159.0,3600.0,10.0,23.308325699996203,0.0,0.0,0.0,0.0,0.0,0.0,0.0,0.0,0.0
moscow,variable,1097,max_pressure,189.34166666666667,59.7375,8.522063919223227,10.37833454328019,1809.0,1990.0,2.0,0.0,12.0,44.7,3600.0,10.0,28.707397300051525,0.0,0.0,0.0,0.0,0.0,0.0,0.0,0.0,0.0
moscow,variable,1097,ppo_ensemble,176.82916666666668,46.8,9.189075653599154,8.263756970238276,1778.0,1999.0,4.0,0.0,16.0,49.7,3600.0,10.0,25.23774070001673,0.0,0.0,0.0,0.0,0.0,0.0,0.0,0.0,0.0
moscow,variable,1097,lightgpt_direct,181.05833333333334,54.0875,9.027732875020586,10.733753606749785,1758.0,1997.0,9.0,0.0,10.0,44.2,3600.0,10.0,25.277212099987082,2400.0,1.0,0.08916666666666667,0.9920833333333333,0.007916666666666667,0.0,0.0,0.0,0.5944955940031904
moscow,variable,1097,lightgpt_review,176.82916666666668,46.8,9.189075653599154,8.263756970238276,1778.0,1999.0,4.0,0.0,16.0,49.7,3600.0,10.0,25.499120399937965,2400.0,1.0,0.0,0.9875,0.0125,0.0,0.0,0.0,0.9558440737224265
moscow,variable,1097,ergs_no_event,176.82916666666668,46.8,9.189075653599154,8.263756970238276,1778.0,1999.0,4.0,0.0,16.0,49.7,3600.0,10.0,88.5386179999914,2400.0,1.0,0.0,0.0,1.0,0.0,-0.42827403415570814,0.0,0.9558440737224265
moscow,variable,1097,ergs_no_guard,176.82916666666668,46.8,9.189075653599154,8.263756970238276,1778.0,1999.0,4.0,0.0,16.0,49.7,3600.0,10.0,24.97725829994306,2400.0,0.020833333333333332,0.0,0.0,1.0,0.6283333333333333,0.0,0.0,0.9987562179448443
moscow,variable,1097,ergs_no_calibration,176.82916666666668,46.8,9.189075653599154,8.263756970238276,1778.0,1999.0,4.0,0.0,16.0,49.7,3600.0,10.0,26.950549899949692,2400.0,0.020833333333333332,0.0,0.0,1.0,0.6283333333333333,0.0,0.0,0.9987562179448443
moscow,variable,1097,ergs_no_hysteresis,176.82916666666668,46.8,9.189075653599154,8.263756970238276,1778.0,1999.0,4.0,0.0,16.0,49.7,3600.0,10.0,25.722575700026937,2400.0,0.020833333333333332,0.0,0.0,1.0,0.5979166666666667,-0.44339535218127935,0.0,0.9986034176837173
moscow,variable,1097,ergs_v2,176.82916666666668,46.8,9.189075653599154,8.263756970238276,1778.0,1999.0,4.0,0.0,16.0,49.7,3600.0,10.0,26.646022800006904,2400.0,0.020833333333333332,0.0,0.0,1.0,0.6283333333333333,-0.44077698057582004,0.0,0.9987562179448443
moscow,variable,1103,fixed,197.64166666666668,80.43333333333334,8.577012215815158,18.59607030882855,1621.0,1988.0,10.0,0.0,14.0,159.0,3600.0,10.0,30.849384099943563,0.0,0.0,0.0,0.0,0.0,0.0,0.0,0.0,0.0
moscow,variable,1103,max_pressure,217.025,100.175,7.553339754076974,23.883483012692736,1541.0,1985.0,13.0,0.0,12.0,44.8,3600.0,10.0,27.582831099978648,0.0,0.0,0.0,0.0,0.0,0.0,0.0,0.0,0.0
moscow,variable,1103,ppo_ensemble,211.70416666666668,89.54166666666667,7.922829593864606,20.717954627282126,1567.0,1985.0,14.0,0.0,20.0,50.2,3600.0,10.0,20.242424299940467,0.0,0.0,0.0,0.0,0.0,0.0,0.0,0.0,0.0
moscow,variable,1103,lightgpt_direct,212.5125,92.825,7.8524969733103145,23.631890671132492,1589.0,1987.0,17.0,0.0,16.0,44.9,3600.0,10.0,20.37360459996853,2400.0,1.0,0.08625,0.9854166666666667,0.014583333333333334,0.0,0.0,0.0,0.5936822630828249
moscow,variable,1103,lightgpt_review,211.70416666666668,89.54166666666667,7.922829593864606,20.717954627282126,1567.0,1985.0,14.0,0.0,20.0,50.2,3600.0,10.0,20.607832100009546,2400.0,1.0,0.0,0.9854166666666667,0.014583333333333334,0.0,0.0,0.0,0.9538309866994592
moscow,variable,1103,ergs_no_event,211.70416666666668,89.54166666666667,7.922829593864606,20.717954627282126,1567.0,1985.0,14.0,0.0,20.0,50.2,3600.0,10.0,61.44361289998051,2400.0,1.0,0.0,0.0,1.0,0.0,-0.4278357835738427,0.0,0.9538309866994592
moscow,variable,1103,ergs_no_guard,211.70416666666668,89.54166666666667,7.922829593864606,20.717954627282126,1567.0,1985.0,14.0,0.0,20.0,50.2,3600.0,10.0,30.79543460009154,2400.0,0.020833333333333332,0.0,0.0,1.0,0.6445833333333333,0.0,0.0,0.9986097752597076
moscow,variable,1103,ergs_no_calibration,211.70416666666668,89.54166666666667,7.922829593864606,20.717954627282126,1567.0,1985.0,14.0,0.0,20.0,50.2,3600.0,10.0,26.50700520002283,2400.0,0.020833333333333332,0.0,0.0,1.0,0.6445833333333333,0.0,0.0,0.9986097752597076
moscow,variable,1103,ergs_no_hysteresis,211.70416666666668,89.54166666666667,7.922829593864606,20.717954627282126,1567.0,1985.0,14.0,0.0,20.0,50.2,3600.0,10.0,18.91846030007582,2400.0,0.020833333333333332,0.0,0.0,1.0,0.6191666666666666,-0.43499875202663646,0.0,0.9984569749985807
moscow,variable,1103,ergs_v2,211.70416666666668,89.54166666666667,7.922829593864606,20.717954627282126,1567.0,1985.0,14.0,0.0,20.0,50.2,3600.0,10.0,18.129663400002755,2400.0,0.020833333333333332,0.0,0.0,1.0,0.6445833333333333,-0.43238038042117716,0.0,0.9986097752597076
